date,temp_max,temp_min,temp_avg,precip,wind_speed,humidity,day_of_week,month,day_of_year,quarter,year,temp_max_lag_1,temp_min_lag_1,temp_avg_lag_1,temp_max_lag_2,temp_min_lag_2,temp_avg_lag_2,temp_max_lag_3,temp_min_lag_3,temp_avg_lag_3,temp_max_lag_7,temp_min_lag_7,temp_avg_lag_7,temp_max_lag_14,temp_min_lag_14,temp_avg_lag_14,temp_max_lag_30,temp_min_lag_30,temp_avg_lag_30,temp_max_rolling_mean_3,temp_max_rolling_std_3,temp_min_rolling_mean_3,temp_avg_rolling_mean_3,precip_rolling_sum_3,temp_max_rolling_mean_7,temp_max_rolling_std_7,temp_min_rolling_mean_7,temp_avg_rolling_mean_7,precip_rolling_sum_7,temp_max_rolling_mean_14,temp_max_rolling_std_14,temp_min_rolling_mean_14,temp_avg_rolling_mean_14,precip_rolling_sum_14,month_sin,month_cos,temp_range,humidity_wind
2021-08-20,28.3,22.4,24.8,1.4,18.6,81,4,8,232,3,2021,29.3,22.6,25.3,27.9,22.2,24.3,24.4,22.6,23.2,29.6,23.2,26.0,29.8,22.9,26.0,24.2,22.5,23.2,28.5,0.7211102550928059,22.400000000000002,24.8,5.199999999999999,28.385714285714283,2.279202032458264,22.842857142857145,25.014285714285712,34.8,29.592857142857145,2.067501013194538,23.321428571428573,25.87857142857143,46.1,-0.8660254037844385,-0.5000000000000004,5.900000000000002,1506.6000000000001
2021-08-21,28.0,22.3,24.5,6.1,11.0,85,5,8,233,3,2021,28.3,22.4,24.8,29.3,22.6,25.3,27.9,22.2,24.3,31.3,24.1,27.1,31.4,23.4,26.5,24.7,21.9,22.9,28.533333333333335,0.6806859285554129,22.433333333333334,24.86666666666667,8.399999999999999,27.91428571428571,1.8827538088560274,22.58571428571429,24.642857142857142,40.9,29.349999999999998,2.0383817110639524,23.242857142857144,25.735714285714288,52.199999999999996,-0.8660254037844385,-0.5000000000000004,5.699999999999999,935.0
2021-08-22,30.0,22.1,25.5,2.4,11.2,82,6,8,234,3,2021,28.0,22.3,24.5,28.3,22.4,24.8,29.3,22.6,25.3,30.4,23.2,26.3,30.3,23.4,26.6,25.8,21.9,23.7,28.766666666666666,1.0785793124908998,22.26666666666667,24.933333333333334,9.899999999999999,27.857142857142858,1.7989414877061598,22.428571428571427,24.52857142857143,41.1,29.328571428571426,2.029182696945355,23.150000000000002,25.657142857142855,52.9,-0.8660254037844385,-0.5000000000000004,7.899999999999999,918.4
2021-08-23,30.8,22.3,26.2,0.6,10.9,76,0,8,235,3,2021,30.0,22.1,25.5,28.0,22.3,24.5,28.3,22.4,24.8,27.1,22.8,24.1,31.3,23.4,26.9,29.4,22.2,25.7,29.600000000000005,1.4422205101855974,22.233333333333334,25.400000000000002,9.1,28.385714285714283,2.063515262384849,22.357142857142858,24.82857142857143,36.800000000000004,29.292857142857144,1.9959436887826307,23.071428571428573,25.607142857142858,52.3,-0.8660254037844385,-0.5000000000000004,8.5,828.4
2021-08-24,30.7,22.8,26.3,1.3,9.4,80,1,8,236,3,2021,30.8,22.3,26.2,30.0,22.1,25.5,28.0,22.3,24.5,24.4,22.6,23.2,31.3,24.3,27.2,29.9,22.7,26.0,30.5,0.4358898943540686,22.400000000000002,26.0,4.299999999999999,29.285714285714285,1.2482368517613998,22.385714285714283,25.271428571428572,15.599999999999998,29.25,1.9555640539830894,22.964285714285715,25.54285714285714,53.4,-0.8660254037844385,-0.5000000000000004,7.899999999999999,752.0
2021-08-25,30.0,23.4,25.9,2.9,12.0,83,2,8,237,3,2021,30.7,22.8,26.3,30.8,22.3,26.2,30.0,22.1,25.5,27.9,22.2,24.3,31.7,24.5,27.5,30.0,22.8,26.4,30.5,0.4358898943540686,22.833333333333332,26.133333333333336,4.799999999999999,29.585714285714285,1.1036735197037257,22.557142857142857,25.5,15.599999999999998,29.12857142857143,1.8411654216528508,22.885714285714283,25.428571428571434,56.0,-0.8660254037844385,-0.5000000000000004,6.600000000000001,996.0
2021-08-26,29.7,22.3,25.4,9.4,17.0,85,3,8,238,3,2021,30.0,23.4,25.9,30.7,22.8,26.3,30.8,22.3,26.2,29.3,22.6,25.3,30.0,24.4,26.5,29.5,22.7,26.1,30.133333333333336,0.5131601439446899,22.833333333333332,25.866666666666664,13.6,29.642857142857142,1.096748441009658,22.514285714285716,25.514285714285712,24.099999999999998,29.107142857142858,1.8319658569686583,22.735714285714288,25.349999999999998,57.9,-0.8660254037844385,-0.5000000000000004,7.399999999999999,1445.0
2021-08-27,29.5,23.1,25.4,6.1,12.4,84,4,8,239,3,2021,29.7,22.3,25.4,30.0,23.4,25.9,30.7,22.8,26.3,28.3,22.4,24.8,29.6,23.2,26.0,29.1,22.5,25.9,29.73333333333333,0.25166114784236343,22.933333333333334,25.566666666666666,18.4,29.814285714285717,0.9335033858688163,22.614285714285717,25.6,28.799999999999997,29.099999999999998,1.8300903718753287,22.728571428571428,25.307142857142853,63.6,-0.8660254037844385,-0.5000000000000004,6.399999999999999,1041.6000000000001
2021-08-28,27.4,22.9,24.4,9.9,12.3,88,5,8,240,3,2021,29.5,23.1,25.4,29.7,22.3,25.4,30.0,23.4,25.9,28.0,22.3,24.5,31.3,24.1,27.1,28.7,23.0,25.3,28.866666666666664,1.2741009902410956,22.766666666666666,25.066666666666663,25.4,29.72857142857143,1.1338934190276702,22.7,25.585714285714285,32.599999999999994,28.821428571428573,1.765123038391193,22.642857142857142,25.114285714285717,73.5,-0.8660254037844385,-0.5000000000000004,4.5,1082.4
2021-08-29,28.8,22.3,24.9,3.0,15.5,85,6,8,241,3,2021,27.4,22.9,24.4,29.5,23.1,25.4,29.7,22.3,25.4,30.0,22.1,25.5,30.4,23.2,26.3,29.0,23.1,25.3,28.566666666666666,1.0692676621563668,22.76666666666667,24.900000000000002,19.0,29.557142857142857,1.1759494644146562,22.728571428571428,25.5,33.2,28.70714285714286,1.7058561061663655,22.57857142857143,25.014285714285712,74.3,-0.8660254037844385,-0.5000000000000004,6.5,1317.5
2021-08-30,26.6,22.4,23.9,8.8,19.0,89,0,8,242,3,2021,28.8,22.3,24.9,27.4,22.9,24.4,29.5,23.1,25.4,30.8,22.3,26.2,27.1,22.8,24.1,29.6,22.3,25.4,27.599999999999998,1.1135528725660124,22.53333333333333,24.399999999999995,21.7,28.957142857142856,1.4706655441864125,22.74285714285714,25.17142857142857,41.4,28.67142857142857,1.7468338705866087,22.550000000000004,24.999999999999996,78.2,-0.8660254037844385,-0.5000000000000004,4.200000000000003,1691.0
2021-08-31,28.0,22.3,24.5,10.2,19.3,86,1,8,243,3,2021,26.6,22.4,23.9,28.8,22.3,24.9,27.4,22.9,24.4,30.7,22.8,26.3,24.4,22.6,23.2,28.5,22.5,25.3,27.8,1.1135528725660104,22.333333333333332,24.433333333333334,22.0,28.571428571428573,1.2789504625724415,22.671428571428574,24.914285714285715,50.3,28.928571428571427,1.2694205652298942,22.52857142857143,25.092857142857138,65.9,-0.8660254037844385,-0.5000000000000004,5.699999999999999,1659.8
2021-09-01,28.7,22.3,24.9,2.5,9.9,86,2,9,244,3,2021,28.0,22.3,24.5,26.6,22.4,23.9,28.8,22.3,24.9,30.0,23.4,25.9,27.9,22.2,24.3,29.8,22.2,25.6,27.76666666666667,1.069267662156369,22.333333333333332,24.433333333333334,21.5,28.38571428571429,1.1216484467493435,22.514285714285712,24.771428571428572,49.900000000000006,28.985714285714284,1.2371537699693849,22.535714285714285,25.135714285714283,65.5,-1.0,-1.8369701987210297e-16,6.399999999999999,851.4
2021-09-02,29.5,22.0,25.0,3.1,11.0,86,3,9,245,3,2021,28.7,22.3,24.9,28.0,22.3,24.5,26.6,22.4,23.9,29.7,22.3,25.4,29.3,22.6,25.3,29.5,22.1,25.7,28.73333333333333,0.7505553499465132,22.2,24.8,15.799999999999997,28.357142857142858,1.084523156133816,22.471428571428568,24.714285714285715,43.599999999999994,29.0,1.2422064736093326,22.49285714285714,25.114285714285717,67.69999999999999,-1.0,-1.8369701987210297e-16,7.5,946.0
2021-09-03,28.1,22.5,24.8,6.6,11.3,85,4,9,246,3,2021,29.5,22.0,25.0,28.7,22.3,24.9,28.0,22.3,24.5,29.5,23.1,25.4,28.3,22.4,24.8,29.7,22.9,26.0,28.766666666666666,0.7023769168568483,22.26666666666667,24.900000000000002,12.199999999999998,28.157142857142855,0.9606545387688128,22.385714285714283,24.628571428571426,44.1,28.985714285714288,1.251987431036166,22.5,25.114285714285717,72.9,-1.0,-1.8369701987210297e-16,5.600000000000001,960.5000000000001
2021-09-04,28.2,22.3,24.4,9.9,15.6,87,5,9,247,3,2021,28.1,22.5,24.8,29.5,22.0,25.0,28.7,22.3,24.9,27.4,22.9,24.4,28.0,22.3,24.5,29.2,23.0,25.9,28.599999999999998,0.7810249675906674,22.266666666666666,24.73333333333333,19.599999999999998,28.27142857142857,0.9013217807092699,22.3,24.62857142857143,44.1,29.0,1.24096736459909,22.5,25.107142857142858,76.69999999999999,-1.0,-1.8369701987210297e-16,5.899999999999999,1357.2
2021-09-05,28.4,22.1,24.5,3.3,18.2,86,6,9,248,3,2021,28.2,22.3,24.4,28.1,22.5,24.8,29.5,22.0,25.0,28.8,22.3,24.9,30.0,22.1,25.5,29.8,22.9,26.0,28.233333333333334,0.15275252316523472,22.3,24.566666666666663,19.799999999999997,28.214285714285715,0.8745066636463563,22.271428571428572,24.571428571428573,44.4,28.88571428571429,1.2151968139784233,22.5,25.035714285714285,77.60000000000001,-1.0,-1.8369701987210297e-16,6.299999999999997,1565.2
2021-09-06,25.8,22.4,23.3,9.3,18.5,91,0,9,249,3,2021,28.4,22.1,24.5,28.2,22.3,24.4,28.1,22.5,24.8,26.6,22.4,23.9,30.8,22.3,26.2,31.4,23.4,26.5,27.46666666666667,1.4468356276140575,22.266666666666666,24.066666666666666,22.5,28.1,1.1343133018115603,22.271428571428572,24.485714285714288,44.9,28.52857142857143,1.3378677475334153,22.50714285714286,24.82857142857143,86.3,-1.0,-1.8369701987210297e-16,3.400000000000002,1683.5
2021-09-07,24.5,22.0,22.8,47.8,26.1,91,1,9,250,3,2021,25.8,22.4,23.3,28.4,22.1,24.5,28.2,22.3,24.4,28.0,22.3,24.5,30.7,22.8,26.3,30.3,23.4,26.6,26.23333333333333,1.9857828011475482,22.166666666666668,23.53333333333333,60.4,27.6,1.775762746915621,22.228571428571428,24.24285714285714,82.5,28.085714285714285,1.5698393562386066,22.45,24.57857142857143,132.8,-1.0,-1.8369701987210297e-16,2.5,2375.1
2021-09-08,28.6,22.6,25.1,3.9,29.3,79,2,9,251,3,2021,24.5,22.0,22.8,25.8,22.4,23.3,28.4,22.1,24.5,28.7,22.3,24.9,30.0,23.4,25.9,31.3,23.4,26.9,26.3,2.095232683975713,22.333333333333332,23.733333333333334,61.0,27.585714285714285,1.765812911408006,22.271428571428572,24.27142857142857,83.9,27.985714285714288,1.4805701307563763,22.392857142857142,24.52142857142857,133.79999999999998,-1.0,-1.8369701987210297e-16,6.0,2314.7000000000003
2021-09-09,29.4,22.3,25.6,0.0,26.7,76,3,9,252,3,2021,28.6,22.6,25.1,24.5,22.0,22.8,25.8,22.4,23.3,29.5,22.0,25.0,29.7,22.3,25.4,31.3,24.3,27.2,27.5,2.628687885618986,22.3,24.5,51.699999999999996,27.571428571428573,1.7480601493410532,22.314285714285717,24.357142857142858,80.8,27.964285714285715,1.4558144127585926,22.392857142857142,24.535714285714285,124.4,-1.0,-1.8369701987210297e-16,7.099999999999998,2029.2
2021-09-10,29.0,22.4,25.5,0.2,23.3,77,4,9,253,3,2021,29.4,22.3,25.6,28.6,22.6,25.1,24.5,22.0,22.8,28.1,22.5,24.8,29.5,23.1,25.4,31.7,24.5,27.5,29.0,0.399999999999938,22.433333333333337,25.400000000000002,4.1,27.7,1.8248287590894603,22.300000000000004,24.45714285714286,74.39999999999999,27.928571428571427,1.4209577330522263,22.342857142857145,24.542857142857144,118.5,-1.0,-1.8369701987210297e-16,6.600000000000001,1794.1000000000001
2021-09-11,28.0,22.6,25.3,0.4,22.7,78,5,9,254,3,2021,29.0,22.4,25.5,29.4,22.3,25.6,28.6,22.6,25.1,28.2,22.3,24.4,27.4,22.9,24.4,30.0,24.4,26.5,28.8,0.72111025509277,22.433333333333334,25.46666666666667,0.6000000000000001,27.671428571428574,1.8172454298693208,22.342857142857145,24.585714285714285,64.89999999999999,27.971428571428568,1.412814197282855,22.321428571428573,24.607142857142858,109.0,-1.0,-1.8369701987210297e-16,5.399999999999999,1770.6
2021-09-12,29.7,22.5,25.5,1.2,24.9,79,6,9,255,3,2021,28.0,22.6,25.3,29.0,22.4,25.5,29.4,22.3,25.6,28.4,22.1,24.5,28.8,22.3,24.9,29.6,23.2,26.0,28.900000000000002,0.8544003745317281,22.5,25.433333333333334,1.8,27.857142857142858,1.964567079415663,22.400000000000002,24.728571428571428,62.8,28.035714285714285,1.472625673287823,22.335714285714285,24.650000000000002,107.2,-1.0,-1.8369701987210297e-16,7.199999999999999,1967.1
2021-09-13,29.0,23.1,25.3,3.3,25.6,81,0,9,256,3,2021,29.7,22.5,25.5,28.0,22.6,25.3,29.0,22.4,25.5,25.8,22.4,23.3,26.6,22.4,23.9,31.3,24.1,27.1,28.900000000000002,0.8544003745317281,22.733333333333334,25.366666666666664,4.9,28.314285714285713,1.7686422018303245,22.5,25.014285714285712,56.8,28.20714285714286,1.431762918553589,22.385714285714283,24.75,101.7,-1.0,-1.8369701987210297e-16,5.899999999999999,2073.6
2021-09-14,28.5,22.7,25.2,2.1,25.5,81,1,9,257,3,2021,29.0,23.1,25.3,29.7,22.5,25.5,28.0,22.6,25.3,24.5,22.0,22.8,28.0,22.3,24.5,30.4,23.2,26.3,29.066666666666666,0.6027713773341304,22.766666666666666,25.333333333333332,6.6,28.885714285714283,0.5727959829600933,22.599999999999998,25.357142857142858,11.1,28.242857142857144,1.4324343377161017,22.414285714285715,24.800000000000004,93.6,-1.0,-1.8369701987210297e-16,5.800000000000001,2065.5
2021-09-15,28.8,22.4,25.2,0.0,22.7,75,2,9,258,3,2021,28.5,22.7,25.2,29.0,23.1,25.3,29.7,22.5,25.5,28.6,22.6,25.1,28.7,22.3,24.9,27.1,22.8,24.1,28.766666666666666,0.251661147842288,22.733333333333334,25.233333333333334,5.4,28.914285714285715,0.5610364558225127,22.571428571428573,25.37142857142857,7.199999999999999,28.25,1.4351360160679612,22.421428571428574,24.821428571428573,91.1,-1.0,-1.8369701987210297e-16,6.400000000000002,1702.5
2021-09-16,28.8,22.0,24.9,0.0,20.5,74,3,9,259,3,2021,28.8,22.4,25.2,28.5,22.7,25.2,29.0,23.1,25.3,29.4,22.3,25.6,29.5,22.0,25.0,24.4,22.6,23.2,28.7,0.17320508075679336,22.366666666666664,25.099999999999998,2.1,28.828571428571426,0.518698003705047,22.52857142857143,25.27142857142857,7.199999999999999,28.2,1.400000000000013,22.421428571428574,24.814285714285713,88.0,-1.0,-1.8369701987210297e-16,6.800000000000001,1517.0
2021-09-17,29.5,21.8,25.2,0.0,17.0,73,4,9,260,3,2021,28.8,22.0,24.9,28.8,22.4,25.2,28.5,22.7,25.2,29.0,22.4,25.5,28.1,22.5,24.8,27.9,22.2,24.3,29.03333333333333,0.4041451884327371,22.066666666666663,25.099999999999998,0.0,28.9,0.5773502691896099,22.442857142857147,25.228571428571428,7.0,28.3,1.4416870459505322,22.37142857142857,24.842857142857138,81.39999999999999,-1.0,-1.8369701987210297e-16,7.699999999999999,1241.0
2021-09-18,28.6,22.9,25.2,0.0,13.7,74,5,9,261,3,2021,29.5,21.8,25.2,28.8,22.0,24.9,28.8,22.4,25.2,28.0,22.6,25.3,28.2,22.3,24.4,29.3,22.6,25.3,28.96666666666667,0.47258156262525997,22.233333333333334,25.099999999999998,0.0,28.985714285714288,0.4525062483125353,22.485714285714284,25.214285714285715,6.6,28.32857142857143,1.4435152454118023,22.414285714285715,24.900000000000002,71.5,-1.0,-1.8369701987210297e-16,5.700000000000003,1013.8
2021-09-19,29.0,22.9,25.3,12.9,9.8,79,6,9,262,3,2021,28.6,22.9,25.2,29.5,21.8,25.2,28.8,22.0,24.9,29.7,22.5,25.5,28.4,22.1,24.5,28.3,22.4,24.8,29.033333333333335,0.4509249752822881,22.53333333333333,25.233333333333334,12.9,28.88571428571429,0.3287784027201615,22.54285714285714,25.185714285714287,18.3,28.37142857142857,1.4546628324268092,22.471428571428568,24.957142857142856,81.1,-1.0,-1.8369701987210297e-16,6.100000000000001,774.2
2021-09-20,29.0,23.0,24.7,14.9,12.7,87,0,9,263,3,2021,29.0,22.9,25.3,28.6,22.9,25.2,29.5,21.8,25.2,29.0,23.1,25.3,25.8,22.4,23.3,28.0,22.3,24.5,28.86666666666667,0.2309401076758497,22.933333333333334,25.066666666666663,27.8,28.88571428571429,0.3287784027201615,22.52857142857143,25.099999999999998,29.9,28.6,1.2575923272422125,22.514285714285712,25.057142857142857,86.7,-1.0,-1.8369701987210297e-16,6.0,1104.8999999999999
2021-09-21,26.7,22.1,24.2,7.3,14.8,87,1,9,264,3,2021,29.0,23.0,24.7,29.0,22.9,25.3,28.6,22.9,25.2,28.5,22.7,25.2,24.5,22.0,22.8,30.0,22.1,25.5,28.23333333333333,1.3279056191361402,22.666666666666668,24.733333333333334,35.1,28.62857142857143,0.8957571949925608,22.442857142857147,24.95714285714286,35.1,28.75714285714286,0.7345477789500527,22.521428571428572,25.157142857142855,46.2,-1.0,-1.8369701987210297e-16,4.599999999999998,1287.6000000000001
2021-09-22,27.7,22.3,24.1,4.9,19.8,88,2,9,265,3,2021,26.7,22.1,24.2,29.0,23.0,24.7,29.0,22.9,25.3,28.8,22.4,25.2,28.6,22.6,25.1,30.8,22.3,26.2,27.799999999999997,1.1532562594670812,22.46666666666667,24.333333333333332,27.1,28.471428571428568,0.9551863443228988,22.428571428571427,24.8,40.0,28.692857142857143,0.7868772611887084,22.5,25.085714285714285,47.2,-1.0,-1.8369701987210297e-16,5.399999999999999,1742.4
2021-09-23,27.1,22.2,23.6,20.2,12.6,91,3,9,266,3,2021,27.7,22.3,24.1,26.7,22.1,24.2,29.0,23.0,24.7,28.8,22.0,24.9,29.4,22.3,25.6,30.7,22.8,26.3,27.166666666666668,0.5033222956847229,22.2,23.96666666666667,32.4,28.22857142857143,1.0672617387724594,22.457142857142856,24.61428571428571,60.2,28.528571428571432,0.8641835376893103,22.492857142857144,24.942857142857143,67.4,-1.0,-1.8369701987210297e-16,4.900000000000002,1146.6
2021-09-24,28.7,22.2,25.1,1.8,14.4,83,4,9,267,3,2021,27.1,22.2,23.6,27.7,22.3,24.1,26.7,22.1,24.2,29.5,21.8,25.2,29.0,22.4,25.5,30.0,23.4,25.9,27.833333333333332,0.8082903768654771,22.233333333333334,24.266666666666666,26.9,28.114285714285717,0.9441549509633295,22.514285714285712,24.599999999999998,62.0,28.50714285714286,0.8552680962619512,22.478571428571428,24.914285714285715,69.0,-1.0,-1.8369701987210297e-16,6.5,1195.2
2021-09-25,28.6,22.6,25.2,6.1,15.0,84,5,9,268,3,2021,28.7,22.2,25.1,27.1,22.2,23.6,27.7,22.3,24.1,28.6,22.9,25.2,28.0,22.6,25.3,29.7,22.3,25.4,28.133333333333336,0.8962886439832498,22.333333333333332,24.633333333333336,28.099999999999998,28.11428571428571,0.9441549509633295,22.471428571428568,24.6,68.1,28.550000000000004,0.8428431736596315,22.47857142857143,24.907142857142855,74.7,-1.0,-1.8369701987210297e-16,6.0,1260.0
2021-09-26,28.2,22.2,24.5,6.5,15.1,84,6,9,269,3,2021,28.6,22.6,25.2,28.7,22.2,25.1,27.1,22.2,23.6,29.0,22.9,25.3,29.7,22.5,25.5,29.5,23.1,25.4,28.5,0.26457513110645503,22.333333333333332,24.933333333333334,14.399999999999999,28.0,0.8640987597877133,22.371428571428574,24.485714285714288,61.699999999999996,28.442857142857143,0.7782764841072314,22.45714285714286,24.835714285714285,80.0,-1.0,-1.8369701987210297e-16,6.0,1268.3999999999999
2021-09-27,24.3,22.5,23.2,39.2,20.0,94,0,9,270,3,2021,28.2,22.2,24.5,28.6,22.6,25.2,28.7,22.2,25.1,29.0,23.0,24.7,29.0,23.1,25.3,27.4,22.9,24.4,27.03333333333333,2.3755701070129143,22.433333333333334,24.3,51.8,27.328571428571426,1.5283043825476308,22.300000000000004,24.271428571428572,86.0,28.107142857142858,1.334434069452037,22.414285714285715,24.685714285714283,115.9,-1.0,-1.8369701987210297e-16,1.8000000000000007,1880.0
2021-09-28,27.8,22.0,24.2,9.0,25.5,84,1,9,271,3,2021,24.3,22.5,23.2,28.2,22.2,24.5,28.6,22.6,25.2,26.7,22.1,24.2,28.5,22.7,25.2,28.8,22.3,24.9,26.766666666666666,2.1455380055672166,22.233333333333334,23.96666666666667,54.699999999999996,27.485714285714288,1.509336025573909,22.285714285714285,24.27142857142857,87.7,28.057142857142853,1.3316931303444624,22.364285714285717,24.61428571428571,122.80000000000001,-1.0,-1.8369701987210297e-16,5.800000000000001,2142.0
2021-09-29,28.9,21.6,24.9,0.4,16.6,81,2,9,272,3,2021,27.8,22.0,24.2,24.3,22.5,23.2,28.2,22.2,24.5,27.7,22.3,24.1,28.8,22.4,25.2,26.6,22.4,23.9,27.0,2.4020824298928645,22.03333333333333,24.099999999999998,48.599999999999994,27.657142857142862,1.6029734275788265,22.185714285714287,24.385714285714283,83.2,28.064285714285717,1.3362445324675758,22.307142857142853,24.592857142857145,123.2,-1.0,-1.8369701987210297e-16,7.299999999999997,1344.6000000000001
2021-09-30,28.9,22.3,25.3,4.6,9.5,84,3,9,273,3,2021,28.9,21.6,24.9,27.8,22.0,24.2,24.3,22.5,23.2,27.1,22.2,23.6,28.8,22.0,24.9,28.0,22.3,24.5,28.53333333333333,0.6350852961085738,21.96666666666667,24.799999999999997,13.999999999999993,27.91428571428571,1.6425879696671453,22.2,24.62857142857143,67.6,28.071428571428573,1.3407395039986165,22.328571428571426,24.62142857142857,127.80000000000001,-1.0,-1.8369701987210297e-16,6.599999999999998,798.0
2021-10-01,29.9,22.5,25.8,5.3,8.4,85,4,10,274,4,2021,28.9,22.3,25.3,28.9,21.6,24.9,27.8,22.0,24.2,28.7,22.2,25.1,29.5,21.8,25.2,28.7,22.3,24.9,29.233333333333334,0.5773502691896263,22.133333333333336,25.333333333333332,10.299999999999994,28.085714285714285,1.7939050248257935,22.24285714285714,24.72857142857143,71.10000000000001,28.1,1.3772883056655618,22.37857142857143,24.664285714285715,133.1,-0.8660254037844386,0.5000000000000001,7.399999999999999,714.0
2021-10-02,29.5,22.2,25.7,2.8,9.4,83,5,10,275,4,2021,29.9,22.5,25.8,28.9,22.3,25.3,28.9,21.6,24.9,28.6,22.6,25.2,28.6,22.9,25.2,29.5,22.0,25.0,29.433333333333334,0.5033222956847175,22.333333333333332,25.599999999999998,12.699999999999992,28.214285714285715,1.867644301813177,22.185714285714287,24.8,67.8,28.164285714285715,1.4226774015956758,22.328571428571426,24.699999999999996,135.9,-0.8660254037844386,0.5000000000000001,7.300000000000001,780.2
2021-10-03,29.5,22.9,25.9,2.1,8.5,82,6,10,276,4,2021,29.5,22.2,25.7,29.9,22.5,25.8,28.9,22.3,25.3,28.2,22.2,24.5,29.0,22.9,25.3,28.1,22.5,24.8,29.633333333333336,0.23094010767584947,22.53333333333333,25.8,10.199999999999992,28.4,1.9295940851208377,22.285714285714285,25.0,63.400000000000006,28.2,1.4512594000225734,22.32857142857143,24.742857142857144,125.1,-0.8660254037844386,0.5000000000000001,6.600000000000001,697.0
2021-10-04,30.2,23.2,25.9,5.1,9.3,84,0,10,277,4,2021,29.5,22.9,25.9,29.5,22.2,25.7,29.9,22.5,25.8,24.3,22.5,23.2,29.0,23.0,24.7,28.2,22.3,24.4,29.73333333333333,0.4041451884327371,22.766666666666666,25.833333333333332,9.999999999999993,29.24285714285714,0.7955231881328934,22.38571428571429,25.385714285714283,29.299999999999997,28.285714285714285,1.5351557890661542,22.342857142857145,24.828571428571426,115.30000000000001,-0.8660254037844386,0.5000000000000001,7.0,781.2
2021-10-05,29.9,22.4,25.5,4.0,12.9,86,1,10,278,4,2021,30.2,23.2,25.9,29.5,22.9,25.9,29.5,22.2,25.7,27.8,22.0,24.2,26.7,22.1,24.2,28.4,22.1,24.5,29.866666666666664,0.35118845842842294,22.833333333333332,25.766666666666666,11.199999999999992,29.54285714285714,0.5028490259084928,22.442857142857143,25.571428571428573,24.299999999999997,28.514285714285712,1.519036710376859,22.36428571428571,24.92142857142857,112.00000000000001,-0.8660254037844386,0.5000000000000001,7.5,1109.4
2021-10-06,29.2,22.8,25.2,2.1,18.0,85,2,10,279,4,2021,29.9,22.4,25.5,30.2,23.2,25.9,29.5,22.9,25.9,28.9,21.6,24.9,27.7,22.3,24.1,25.8,22.4,23.3,29.766666666666666,0.5131601439446873,22.8,25.53333333333333,11.199999999999992,29.585714285714285,0.448807944925831,22.61428571428571,25.614285714285717,26.0,28.62142857142857,1.510057854942897,22.4,25.0,109.2,-0.8660254037844386,0.5000000000000001,6.399999999999999,1530.0
2021-10-07,29.9,22.5,25.6,0.4,14.5,82,3,10,280,4,2021,29.2,22.8,25.2,29.9,22.4,25.5,30.2,23.2,25.9,28.9,22.3,25.3,27.1,22.2,23.6,24.5,22.0,22.8,29.666666666666668,0.4041451884327364,22.566666666666663,25.433333333333334,6.499999999999993,29.728571428571428,0.3401680257082677,22.642857142857142,25.657142857142855,21.8,28.821428571428573,1.4781373785579337,22.42142857142857,25.142857142857142,89.4,-0.8660254037844386,0.5000000000000001,7.399999999999999,1189.0
2021-10-08,29.9,22.8,25.5,12.4,10.0,86,4,10,281,4,2021,29.9,22.5,25.6,29.2,22.8,25.2,29.9,22.4,25.5,29.9,22.5,25.8,28.7,22.2,25.1,28.6,22.6,25.1,29.666666666666668,0.4041451884327364,22.700000000000003,25.433333333333334,14.899999999999993,29.728571428571428,0.3401680257082677,22.685714285714287,25.614285714285717,28.9,28.907142857142855,1.5051012159750843,22.464285714285715,25.17142857142857,100.0,-0.8660254037844386,0.5000000000000001,7.099999999999998,860.0
2021-10-09,29.3,22.5,25.2,8.5,13.0,85,5,10,282,4,2021,29.9,22.8,25.5,29.9,22.5,25.6,29.2,22.8,25.2,29.5,22.2,25.7,28.6,22.6,25.2,29.4,22.3,25.6,29.7,0.34641016151377424,22.599999999999998,25.433333333333334,21.299999999999994,29.7,0.36968455021361346,22.728571428571428,25.54285714285714,34.6,28.957142857142856,1.5057399334721628,22.457142857142856,25.17142857142857,102.4,-0.8660254037844386,0.5000000000000001,6.800000000000001,1105.0
2021-10-10,29.4,22.5,25.1,4.6,13.6,85,6,10,283,4,2021,29.3,22.5,25.2,29.9,22.8,25.5,29.9,22.5,25.6,29.5,22.9,25.9,28.2,22.2,24.5,29.0,22.4,25.5,29.53333333333333,0.3214550253664319,22.599999999999998,25.266666666666666,25.499999999999993,29.685714285714287,0.38047589248450436,22.67142857142857,25.428571428571427,37.1,29.04285714285714,1.4934288300182479,22.478571428571428,25.214285714285715,100.50000000000001,-0.8660254037844386,0.5000000000000001,6.899999999999999,1156.0
2021-10-11,30.5,21.6,25.1,0.0,14.7,72,0,10,284,4,2021,29.4,22.5,25.1,29.3,22.5,25.2,29.9,22.8,25.5,30.2,23.2,25.9,24.3,22.5,23.2,28.0,22.6,25.3,29.73333333333333,0.6658328118479395,22.200000000000003,25.133333333333336,13.099999999999993,29.72857142857143,0.45721725585064527,22.442857142857143,25.314285714285717,32.0,29.485714285714284,0.6723748300523299,22.414285714285715,25.349999999999998,61.3,-0.8660254037844386,0.5000000000000001,8.899999999999999,1058.3999999999999
2021-10-12,30.1,19.2,25.1,0.0,9.5,64,1,10,285,4,2021,30.5,21.6,25.1,29.4,22.5,25.1,29.3,22.5,25.2,29.9,22.4,25.5,27.8,22.0,24.2,29.7,22.5,25.5,30.0,0.5567764362830018,21.1,25.1,4.5999999999999925,29.75714285714286,0.4755948656056451,21.985714285714284,25.25714285714286,28.0,29.650000000000002,0.4831785782311969,22.214285714285715,25.414285714285715,52.3,-0.8660254037844386,0.5000000000000001,10.900000000000002,608.0
2021-10-13,30.7,20.8,26.0,0.0,10.7,65,2,10,286,4,2021,30.1,19.2,25.1,30.5,21.6,25.1,29.4,22.5,25.1,29.2,22.8,25.2,28.9,21.6,24.9,29.0,23.1,25.3,30.433333333333334,0.30550504633037956,20.53333333333333,25.400000000000002,0.0,29.971428571428568,0.5186980037050398,21.7,25.37142857142857,25.9,29.77857142857143,0.5071467264981413,22.157142857142862,25.49285714285714,51.9,-0.8660254037844386,0.5000000000000001,9.899999999999999,695.5
2021-10-14,31.3,22.0,26.3,0.0,11.6,66,3,10,287,4,2021,30.7,20.8,26.0,30.1,19.2,25.1,30.5,21.6,25.1,29.9,22.5,25.6,28.9,22.3,25.3,28.5,22.7,25.2,30.7,0.5999999999999933,20.666666666666668,25.8,0.0,30.171428571428574,0.7181324987175141,21.62857142857143,25.47142857142857,25.5,29.95,0.5867118280985499,22.13571428571429,25.564285714285717,47.3,-0.8660254037844386,0.5000000000000001,9.3,765.6
2021-10-15,30.8,22.0,26.4,0.0,12.4,61,4,10,288,4,2021,31.3,22.0,26.3,30.7,20.8,26.0,30.1,19.2,25.1,29.9,22.8,25.5,29.9,22.5,25.8,28.8,22.4,25.2,30.933333333333334,0.3214550253664181,21.599999999999998,26.233333333333334,0.0,30.3,0.7416198487095497,21.514285714285712,25.599999999999998,13.1,30.014285714285712,0.6286213766368487,22.1,25.607142857142858,42.0,-0.8660254037844386,0.5000000000000001,8.8,756.4
2021-10-16,28.0,22.2,24.1,11.6,15.0,86,5,10,289,4,2021,30.8,22.0,26.4,31.3,22.0,26.3,30.7,20.8,26.0,29.3,22.5,25.2,29.5,22.2,25.7,28.8,22.0,24.9,30.03333333333333,1.778576209593879,22.066666666666666,25.600000000000005,11.599999999999993,30.11428571428571,1.1066896153673254,21.47142857142857,25.442857142857147,16.2,29.907142857142855,0.8213162847286141,22.1,25.492857142857144,50.8,-0.8660254037844386,0.5000000000000001,5.800000000000001,1290.0
2021-10-17,29.5,21.6,24.7,1.6,16.7,84,6,10,290,4,2021,28.0,22.2,24.1,30.8,22.0,26.4,31.3,22.0,26.3,29.4,22.5,25.1,29.5,22.9,25.9,29.5,21.8,25.2,29.433333333333334,1.4011899704655795,21.933333333333337,25.066666666666666,13.199999999999992,30.128571428571426,1.0965313275875548,21.342857142857145,25.385714285714283,13.2,29.907142857142855,0.8213162847286141,22.007142857142856,25.407142857142855,50.3,-0.8660254037844386,0.5000000000000001,7.899999999999999,1402.8
2021-10-18,30.9,22.9,26.1,0.0,17.1,69,0,10,291,4,2021,29.5,21.6,24.7,28.0,22.2,24.1,30.8,22.0,26.4,30.5,21.6,25.1,30.2,23.2,25.9,28.6,22.9,25.2,29.46666666666667,1.4502873278538049,22.233333333333334,24.96666666666667,13.199999999999992,30.185714285714283,1.129053543797582,21.52857142857143,25.52857142857143,13.2,29.957142857142856,0.8608710130436928,21.985714285714288,25.421428571428574,45.2,-0.8660254037844386,0.5000000000000001,8.0,1179.9
2021-10-19,31.6,21.9,25.7,0.0,14.8,67,1,10,292,4,2021,30.9,22.9,26.1,29.5,21.6,24.7,28.0,22.2,24.1,30.1,19.2,25.1,29.9,22.4,25.5,29.0,22.9,25.3,30.666666666666668,1.069267662156366,22.133333333333336,25.5,1.599999999999993,30.4,1.2463279397226519,21.914285714285715,25.614285714285717,13.2,30.07857142857143,0.9657030690550733,21.95,25.435714285714287,41.2,-0.8660254037844386,0.5000000000000001,9.700000000000003,991.6
2021-10-20,31.5,20.4,25.3,0.0,10.1,62,2,10,293,4,2021,31.6,21.9,25.7,30.9,22.9,26.1,29.5,21.6,24.7,30.7,20.8,26.0,29.2,22.8,25.2,29.0,23.0,24.7,31.333333333333332,0.37859388972003327,21.73333333333333,25.7,0.0,30.514285714285712,1.3133019092203755,21.857142857142858,25.514285714285712,13.2,30.242857142857144,0.9997801956232207,21.77857142857143,25.442857142857147,39.1,-0.8660254037844386,0.5000000000000001,11.100000000000001,626.1999999999999
2021-10-21,30.9,19.9,25.1,0.0,12.7,58,3,10,294,4,2021,31.5,20.4,25.3,31.6,21.9,25.7,30.9,22.9,26.1,31.3,22.0,26.3,29.9,22.5,25.6,26.7,22.1,24.2,31.333333333333332,0.37859388972003327,20.73333333333333,25.36666666666667,0.0,30.457142857142856,1.2817398889233027,21.557142857142857,25.342857142857145,13.2,30.314285714285713,1.0090796590169293,21.592857142857145,25.407142857142855,38.7,-0.8660254037844386,0.5000000000000001,11.0,736.5999999999999
2021-10-22,30.9,19.7,25.1,0.0,9.6,57,4,10,295,4,2021,30.9,19.9,25.1,31.5,20.4,25.3,31.6,21.9,25.7,30.8,22.0,26.4,29.9,22.8,25.5,27.7,22.3,24.1,31.099999999999998,0.34641016151378945,20.0,25.166666666666668,0.0,30.47142857142857,1.2867456181057166,21.228571428571428,25.157142857142855,13.2,30.385714285714283,1.0128840338034895,21.37142857142857,25.37857142857143,26.3,-0.8660254037844386,0.5000000000000001,11.2,547.1999999999999
2021-10-23,31.3,19.7,25.6,0.0,14.8,55,5,10,296,4,2021,30.9,19.7,25.1,30.9,19.9,25.1,31.5,20.4,25.3,28.0,22.2,24.1,29.3,22.5,25.2,27.1,22.2,23.6,31.03333333333333,0.23094010767585205,19.766666666666666,25.26666666666667,0.0,30.942857142857147,0.7020378500174502,20.87142857142857,25.37142857142857,1.6,30.52857142857143,0.988727676148684,21.17142857142857,25.407142857142862,17.8,-0.8660254037844386,0.5000000000000001,11.600000000000001,814.0
2021-10-24,30.9,20.4,25.0,0.0,11.4,61,6,10,297,4,2021,31.3,19.7,25.6,30.9,19.7,25.1,30.9,19.9,25.1,29.5,21.6,24.7,29.4,22.5,25.1,28.7,22.2,25.1,31.03333333333333,0.23094010767585205,19.933333333333334,25.233333333333334,0.0,31.142857142857142,0.315473944286675,20.7,25.414285714285715,0.0,30.63571428571429,0.9369403091217173,21.021428571428572,25.400000000000002,13.2,-0.8660254037844386,0.5000000000000001,10.5,695.4
2021-10-25,30.3,19.9,24.6,0.0,12.1,58,0,10,298,4,2021,30.9,20.4,25.0,31.3,19.7,25.6,30.9,19.7,25.1,30.9,22.9,26.1,30.5,21.6,25.1,28.6,22.6,25.2,30.833333333333332,0.5033222956847161,19.999999999999996,25.066666666666666,0.0,31.057142857142857,0.4466808810815516,20.27142857142857,25.2,0.0,30.62142857142857,0.9406859783636974,20.9,25.364285714285717,13.2,-0.8660254037844386,0.5000000000000001,10.400000000000002,701.8
2021-10-26,29.8,18.0,23.9,0.0,14.2,55,1,10,299,4,2021,30.3,19.9,24.6,30.9,20.4,25.0,31.3,19.7,25.6,31.6,21.9,25.7,30.1,19.2,25.1,28.2,22.2,24.5,30.333333333333332,0.550757054728607,19.433333333333334,24.5,0.0,30.800000000000004,0.5802298395176221,19.714285714285715,24.942857142857143,0.0,30.599999999999998,0.9567573440452769,20.814285714285713,25.278571428571432,13.2,-0.8660254037844386,0.5000000000000001,11.8,781.0
2021-10-27,29.7,18.2,23.6,0.0,17.7,53,2,10,300,4,2021,29.8,18.0,23.9,30.3,19.9,24.6,30.9,20.4,25.0,31.5,20.4,25.3,30.7,20.8,26.0,24.3,22.5,23.2,29.933333333333334,0.32145502536642495,18.7,24.03333333333333,0.0,30.542857142857144,0.6160550377391512,19.4,24.7,0.0,30.52857142857143,0.9856107606091413,20.628571428571426,25.107142857142858,13.2,-0.8660254037844386,0.5000000000000001,11.5,938.0999999999999
2021-10-28,29.9,18.5,24.1,0.0,14.7,56,3,10,301,4,2021,29.7,18.2,23.6,29.8,18.0,23.9,30.3,19.9,24.6,30.9,19.9,25.1,31.3,22.0,26.3,27.8,22.0,24.2,29.8,0.09999999999996839,18.233333333333334,23.86666666666667,0.0,30.400000000000002,0.6350852961085705,19.199999999999996,24.557142857142857,0.0,30.428571428571427,0.9722523979269405,20.378571428571426,24.95,13.2,-0.8660254037844386,0.5000000000000001,11.399999999999999,823.1999999999999
2021-10-29,30.9,21.3,25.9,0.0,17.5,56,4,10,302,4,2021,29.9,18.5,24.1,29.7,18.2,23.6,29.8,18.0,23.9,30.9,19.7,25.1,30.8,22.0,26.4,28.9,21.6,24.9,30.166666666666668,0.6429100507328631,19.333333333333332,24.53333333333333,0.0,30.4,0.6350852961085705,19.428571428571427,24.67142857142857,0.0,30.435714285714283,0.9755528159475821,20.328571428571426,24.914285714285715,13.2,-0.8660254037844386,0.5000000000000001,9.599999999999998,980.0
2021-10-30,30.4,21.4,25.4,1.0,16.0,68,5,10,303,4,2021,30.9,21.3,25.9,29.9,18.5,24.1,29.7,18.2,23.6,31.3,19.7,25.6,28.0,22.2,24.1,28.9,22.3,25.3,30.399999999999995,0.5000000000000029,20.4,25.133333333333336,0.9999999999999929,30.271428571428572,0.49904671028631753,19.67142857142857,24.642857142857142,1.0,30.607142857142858,0.6810221793680188,20.27142857142857,25.00714285714286,2.6,-0.8660254037844386,0.5000000000000001,9.0,1088.0
2021-10-31,31.3,21.0,25.6,0.0,13.2,71,6,10,304,4,2021,30.4,21.4,25.4,30.9,21.3,25.9,29.9,18.5,24.1,30.9,20.4,25.0,29.5,21.6,24.7,29.9,22.5,25.8,30.866666666666664,0.45092497528230097,21.233333333333334,25.63333333333333,0.9999999999999929,30.32857142857143,0.5964178784327838,19.757142857142856,24.728571428571428,1.0,30.735714285714284,0.6233990484644066,20.228571428571428,25.071428571428573,1.0,-0.8660254037844386,0.5000000000000001,10.3,937.1999999999999
2021-11-01,29.7,20.3,24.4,0.1,12.6,73,0,11,305,4,2021,31.3,21.0,25.6,30.4,21.4,25.4,30.9,21.3,25.9,30.3,19.9,24.6,30.9,22.9,26.1,29.5,22.2,25.7,30.466666666666665,0.8020806277010669,20.900000000000002,25.133333333333336,1.099999999999993,30.24285714285714,0.6425396041156689,19.814285714285713,24.7,1.1,30.650000000000002,0.6790830922308424,20.04285714285714,24.95,1.1,-0.5000000000000004,0.8660254037844384,9.399999999999999,919.8
2021-11-02,29.2,21.4,23.9,16.2,15.2,83,1,11,306,4,2021,29.7,20.3,24.4,31.3,21.0,25.6,30.4,21.4,25.4,29.8,18.0,23.9,31.6,21.9,25.7,29.5,22.9,25.9,30.066666666666666,1.0969655114602888,20.900000000000002,24.63333333333333,16.299999999999994,30.15714285714285,0.7435436388384484,20.3,24.7,17.3,30.478571428571428,0.7223663799022959,20.00714285714286,24.821428571428573,17.3,-0.5000000000000004,0.8660254037844384,7.800000000000001,1261.6
2021-11-03,28.4,21.3,23.9,1.4,17.3,82,2,11,307,4,2021,29.2,21.4,23.9,29.7,20.3,24.4,31.3,21.0,25.6,29.7,18.2,23.6,31.5,20.4,25.3,30.2,23.2,25.9,29.099999999999998,0.6557438524301934,21.0,24.066666666666666,17.699999999999992,29.971428571428568,0.9961831921794964,20.74285714285714,24.742857142857144,18.7,30.257142857142856,0.8491754242197951,20.071428571428573,24.721428571428568,18.7,-0.5000000000000004,0.8660254037844384,7.099999999999998,1418.6000000000001
2021-11-04,29.2,20.7,24.2,1.0,13.4,79,3,11,308,4,2021,28.4,21.3,23.9,29.2,21.4,23.9,29.7,20.3,24.4,29.9,18.5,24.1,30.9,19.9,25.1,29.9,22.4,25.5,28.933333333333334,0.46188021535169066,21.133333333333336,24.0,18.59999999999999,29.87142857142857,1.0387721689800888,21.057142857142857,24.757142857142856,19.7,30.135714285714283,0.8714330751099456,20.12857142857143,24.657142857142862,19.7,-0.5000000000000004,0.8660254037844384,8.5,1058.6000000000001
2021-11-05,29.3,20.3,24.0,0.0,16.2,75,4,11,309,4,2021,29.2,20.7,24.2,28.4,21.3,23.9,29.2,21.4,23.9,30.9,21.3,25.9,30.9,19.7,25.1,29.2,22.8,25.2,28.96666666666667,0.4932882862316158,20.766666666666666,24.03333333333333,2.399999999999993,29.642857142857142,0.9466733735510138,20.914285714285715,24.485714285714288,19.7,30.021428571428572,0.8684013352827452,20.17142857142857,24.57857142857143,19.7,-0.5000000000000004,0.8660254037844384,9.0,1215.0
2021-11-06,29.7,18.9,24.0,0.0,11.4,70,5,11,310,4,2021,29.3,20.3,24.0,29.2,20.7,24.2,28.4,21.3,23.9,30.4,21.4,25.4,31.3,19.7,25.6,29.9,22.5,25.6,29.400000000000002,0.26457513110644193,19.966666666666665,24.066666666666663,0.9999999999999929,29.542857142857144,0.8885515232803282,20.557142857142853,24.285714285714285,18.7,29.907142857142855,0.7888299862788725,20.114285714285717,24.464285714285715,19.7,-0.5000000000000004,0.8660254037844384,10.8,798.0
2021-11-07,29.1,17.8,23.3,0.0,13.0,59,6,11,311,4,2021,29.7,18.9,24.0,29.3,20.3,24.0,29.2,20.7,24.2,31.3,21.0,25.6,30.9,20.4,25.0,29.9,22.8,25.5,29.366666666666664,0.3055050463303739,19.0,23.766666666666666,0.0,29.228571428571428,0.43861253103500636,20.099999999999998,23.95714285714286,18.7,29.77857142857143,0.7607471746488749,19.928571428571427,24.342857142857138,19.7,-0.5000000000000004,0.8660254037844384,11.3,767.0
2021-11-08,29.0,17.9,23.0,0.0,11.2,55,0,11,312,4,2021,29.1,17.8,23.3,29.7,18.9,24.0,29.3,20.3,24.0,29.7,20.3,24.4,30.3,19.9,24.6,29.3,22.5,25.2,29.266666666666666,0.3785938897200054,18.2,23.433333333333334,0.0,29.12857142857143,0.39036002917939006,19.757142857142856,23.75714285714286,18.599999999999998,29.685714285714287,0.7714692703956648,19.785714285714285,24.228571428571428,19.7,-0.5000000000000004,0.8660254037844384,11.100000000000001,616.0
2021-11-09,29.1,18.4,23.1,0.0,16.1,50,1,11,313,4,2021,29.0,17.9,23.0,29.1,17.8,23.3,29.7,18.9,24.0,29.2,21.4,23.9,29.8,18.0,23.9,29.4,22.5,25.1,29.066666666666666,0.057735026918874874,18.03333333333333,23.133333333333336,0.0,29.11428571428571,0.3891382420535834,19.32857142857143,23.642857142857142,2.4,29.63571428571429,0.7860388939849783,19.814285714285713,24.17142857142857,19.7,-0.5000000000000004,0.8660254037844384,10.700000000000003,805.0000000000001
2021-11-10,29.9,19.0,24.0,0.0,15.0,51,2,11,314,4,2021,29.1,18.4,23.1,29.0,17.9,23.0,29.1,17.8,23.3,28.4,21.3,23.9,29.7,18.2,23.6,30.5,21.6,25.1,29.333333333333332,0.4932882862316147,18.433333333333334,23.36666666666667,0.0,29.32857142857143,0.3401680257082806,19.0,23.657142857142855,1.0,29.650000000000002,0.7891085525403285,19.87142857142857,24.2,19.7,-0.5000000000000004,0.8660254037844384,10.899999999999999,765.0
2021-11-11,26.3,19.9,22.8,3.9,14.2,59,3,11,315,4,2021,29.9,19.0,24.0,29.1,18.4,23.1,29.0,17.9,23.0,29.2,20.7,24.2,29.9,18.5,24.1,30.1,19.2,25.1,28.433333333333337,1.8903262505010403,19.099999999999998,23.3,3.899999999999993,28.91428571428571,1.2005950905399165,18.885714285714283,23.457142857142856,3.9,29.392857142857142,1.1874110724366045,19.97142857142857,24.107142857142858,23.6,-0.5000000000000004,0.8660254037844384,6.400000000000002,837.8
2021-11-12,26.3,19.7,22.7,2.0,18.7,81,4,11,316,4,2021,26.3,19.9,22.8,29.9,19.0,24.0,29.1,18.4,23.1,29.3,20.3,24.0,30.9,21.3,25.9,30.7,20.8,26.0,27.5,2.07846096908265,19.533333333333335,23.166666666666668,5.899999999999993,28.485714285714288,1.5301727260111992,18.8,23.271428571428572,5.9,29.064285714285717,1.3619031609406818,19.857142857142858,23.87857142857143,25.6,-0.5000000000000004,0.8660254037844384,6.600000000000001,1514.7
2021-11-13,28.4,21.1,24.0,1.2,14.0,84,5,11,317,4,2021,26.3,19.7,22.7,26.3,19.9,22.8,29.9,19.0,24.0,29.7,18.9,24.0,30.4,21.4,25.4,31.3,22.0,26.3,27.0,1.2124355652982128,20.23333333333333,23.166666666666668,7.0999999999999925,28.3,1.4341083176199203,19.114285714285717,23.271428571428572,7.1,28.92142857142857,1.3151066475786286,19.83571428571429,23.77857142857143,25.8,-0.5000000000000004,0.8660254037844384,7.299999999999997,1176.0
2021-11-14,29.4,21.6,24.3,4.4,13.0,84,6,11,318,4,2021,28.4,21.1,24.0,26.3,19.7,22.7,26.3,19.9,22.8,29.1,17.8,23.3,31.3,21.0,25.6,30.8,22.0,26.4,28.03333333333333,1.5821925715074399,20.8,23.666666666666668,7.5999999999999925,28.342857142857145,1.466125441264758,19.657142857142855,23.41428571428571,11.5,28.785714285714285,1.1367004495855184,19.87857142857143,23.685714285714287,30.200000000000003,-0.5000000000000004,0.8660254037844384,7.799999999999997,1092.0
2021-11-15,29.8,21.8,24.9,1.0,16.2,81,0,11,319,4,2021,29.4,21.6,24.3,28.4,21.1,24.0,26.3,19.7,22.7,29.0,17.9,23.0,29.7,20.3,24.4,28.0,22.2,24.1,29.2,0.7211102550927899,21.5,24.399999999999995,6.5999999999999925,28.457142857142856,1.5544100090357276,20.214285714285715,23.685714285714283,12.5,28.79285714285714,1.1431833325710008,19.985714285714288,23.721428571428568,31.1,-0.5000000000000004,0.8660254037844384,8.0,1312.2
2021-11-16,27.2,21.6,24.1,5.0,21.0,85,1,11,320,4,2021,29.8,21.8,24.9,29.4,21.6,24.3,28.4,21.1,24.0,29.1,18.4,23.1,29.2,21.4,23.9,29.5,21.6,24.7,28.799999999999997,1.399999999999998,21.666666666666668,24.433333333333334,10.399999999999991,28.185714285714287,1.5889499377771075,20.671428571428574,23.82857142857143,17.5,28.65,1.2113247674788554,20.0,23.735714285714288,19.9,-0.5000000000000004,0.8660254037844384,5.599999999999998,1785.0
2021-11-17,28.6,21.1,23.9,1.8,17.7,85,2,11,321,4,2021,27.2,21.6,24.1,29.8,21.8,24.9,29.4,21.6,24.3,29.9,19.0,24.0,28.4,21.3,23.9,30.9,22.9,26.1,28.533333333333335,1.301281419729542,21.5,24.3,7.799999999999992,28.0,1.4224392195567792,20.97142857142857,23.814285714285713,19.3,28.664285714285715,1.2093273036992667,19.985714285714288,23.735714285714288,20.3,-0.5000000000000004,0.8660254037844384,7.5,1504.5
2021-11-18,26.3,20.0,23.2,1.3,10.0,87,3,11,322,4,2021,28.6,21.1,23.9,27.2,21.6,24.1,29.8,21.8,24.9,26.3,19.9,22.8,29.2,20.7,24.2,31.6,21.9,25.7,27.366666666666664,1.1590225767142524,20.900000000000002,23.733333333333334,8.099999999999993,28.0,1.4224392195567792,20.985714285714288,23.87142857142857,16.7,28.45714285714286,1.3506205330054177,19.935714285714283,23.664285714285715,20.6,-0.5000000000000004,0.8660254037844384,6.300000000000001,870.0
2021-11-19,25.0,21.2,22.4,4.9,20.9,91,4,11,323,4,2021,26.3,20.0,23.2,28.6,21.1,23.9,27.2,21.6,24.1,26.3,19.7,22.7,29.3,20.3,24.0,31.5,20.4,25.3,26.633333333333336,1.8230011885167143,20.766666666666666,23.166666666666668,7.999999999999993,27.814285714285713,1.7324631515355622,21.2,23.828571428571426,19.6,28.150000000000002,1.6085110171545962,20.0,23.55,25.5,-0.5000000000000004,0.8660254037844384,3.8000000000000007,1901.8999999999999
2021-11-20,27.8,21.3,23.2,4.9,20.4,90,5,11,324,4,2021,25.0,21.2,22.4,26.3,20.0,23.2,28.6,21.1,23.9,28.4,21.1,24.0,29.7,18.9,24.0,30.9,19.9,25.1,26.36666666666667,1.4011899704655868,20.833333333333332,22.933333333333334,11.099999999999994,27.728571428571428,1.7133926245067839,21.228571428571428,23.714285714285715,23.3,28.014285714285716,1.546637614985468,20.17142857142857,23.492857142857144,30.400000000000002,-0.5000000000000004,0.8660254037844384,6.5,1835.9999999999998
2021-11-21,27.3,21.8,23.6,3.8,20.3,88,6,11,325,4,2021,27.8,21.3,23.2,25.0,21.2,22.4,26.3,20.0,23.2,29.4,21.6,24.3,29.1,17.8,23.3,30.9,19.7,25.1,26.7,1.4933184523068133,21.433333333333337,23.066666666666663,13.599999999999993,27.428571428571427,1.5478095120893391,21.25714285714286,23.61428571428571,22.7,27.885714285714283,1.5240922356790514,20.457142857142856,23.514285714285716,34.2,-0.5000000000000004,0.8660254037844384,5.5,1786.4
2021-11-22,30.0,21.8,25.0,0.7,12.2,79,0,11,326,4,2021,27.3,21.8,23.6,27.8,21.3,23.2,25.0,21.2,22.4,29.8,21.8,24.9,29.0,17.9,23.0,31.3,19.7,25.6,28.366666666666664,1.4364307617610166,21.633333333333336,23.933333333333337,9.399999999999991,27.45714285714286,1.5998511835554463,21.25714285714286,23.62857142857143,22.400000000000002,27.957142857142856,1.6017847189039829,20.735714285714288,23.657142857142862,34.9,-0.5000000000000004,0.8660254037844384,8.2,963.8
2021-11-23,29.8,20.8,24.9,1.0,7.4,79,1,11,327,4,2021,30.0,21.8,25.0,27.3,21.8,23.6,27.8,21.3,23.2,27.2,21.6,24.1,29.1,18.4,23.1,30.9,20.4,25.0,29.033333333333335,1.5044378795195656,21.46666666666667,24.5,5.499999999999992,27.828571428571426,1.8172454298693155,21.142857142857142,23.742857142857144,18.4,28.007142857142856,1.6503912290094227,20.907142857142862,23.785714285714285,35.9,-0.5000000000000004,0.8660254037844384,9.0,584.6
2021-11-24,30.2,20.8,24.8,0.0,14.1,77,2,11,328,4,2021,29.8,20.8,24.9,30.0,21.8,25.0,27.3,21.8,23.6,28.6,21.1,23.9,29.9,19.0,24.0,30.3,19.9,24.6,30.0,0.19999999999995519,21.133333333333336,24.900000000000002,1.699999999999992,28.057142857142857,2.019783109525321,21.099999999999998,23.87142857142857,16.6,28.02857142857143,1.6785655833426472,21.035714285714285,23.842857142857145,35.9,-0.5000000000000004,0.8660254037844384,9.399999999999999,1085.7
2021-11-25,30.2,19.6,24.4,0.0,10.5,72,3,11,329,4,2021,30.2,20.8,24.8,29.8,20.8,24.9,30.0,21.8,25.0,26.3,20.0,23.2,26.3,19.9,22.8,29.8,18.0,23.9,30.066666666666666,0.2309401076758095,20.400000000000002,24.7,0.999999999999992,28.614285714285717,1.9920078408719226,21.042857142857144,24.04285714285714,15.3,28.307142857142857,1.6931828406489808,21.014285714285712,23.957142857142856,32.0,-0.5000000000000004,0.8660254037844384,10.599999999999998,756.0
2021-11-26,29.8,17.8,23.6,0.0,12.6,59,4,11,330,4,2021,30.2,19.6,24.4,30.2,20.8,24.8,29.8,20.8,24.9,25.0,21.2,22.4,26.3,19.7,22.7,29.7,18.2,23.6,30.066666666666666,0.2309401076758495,19.400000000000002,24.266666666666666,0.0,29.300000000000004,1.2151817422372115,20.557142857142857,24.214285714285715,10.4,28.557142857142853,1.6312874979901357,20.87857142857143,24.021428571428572,30.0,-0.5000000000000004,0.8660254037844384,12.0,743.4
2021-11-27,28.8,17.6,23.2,0.0,14.6,59,5,11,331,4,2021,29.8,17.8,23.6,30.2,19.6,24.4,30.2,20.8,24.8,27.8,21.3,23.2,28.4,21.1,24.0,29.9,18.5,24.1,29.599999999999998,0.7211102550927978,18.333333333333336,23.733333333333334,0.0,29.442857142857143,1.058075521654202,20.02857142857143,24.214285714285715,5.5,28.585714285714285,1.631826321290706,20.628571428571433,23.964285714285715,28.8,-0.5000000000000004,0.8660254037844384,11.2,861.4
2021-11-28,29.0,17.7,23.1,0.0,15.9,62,6,11,332,4,2021,28.8,17.6,23.2,29.8,17.8,23.6,30.2,19.6,24.4,27.3,21.8,23.6,29.4,21.6,24.3,30.9,21.3,25.9,29.2,0.5291502622129212,17.700000000000003,23.3,0.0,29.685714285714283,0.5639993245521172,19.442857142857143,24.142857142857142,1.7,28.557142857142857,1.6199308084532007,20.35,23.878571428571426,24.4,-0.5000000000000004,0.8660254037844384,11.3,985.8000000000001
2021-11-29,25.8,20.2,22.5,0.3,15.0,81,0,11,333,4,2021,29.0,17.7,23.1,28.8,17.6,23.2,29.8,17.8,23.6,30.0,21.8,25.0,29.8,21.8,24.9,30.4,21.4,25.4,27.866666666666664,1.7925772879665047,18.5,22.933333333333337,0.299999999999992,29.085714285714285,1.5485784571971901,19.214285714285715,23.785714285714285,1.3,28.271428571428572,1.7326851422569025,20.235714285714288,23.707142857142856,23.7,-0.5000000000000004,0.8660254037844384,5.600000000000001,1215.0
2021-11-30,28.7,19.5,23.3,0.0,13.4,71,1,11,334,4,2021,25.8,20.2,22.5,29.0,17.7,23.1,28.8,17.6,23.2,29.8,20.8,24.9,27.2,21.6,24.1,31.3,21.0,25.6,27.833333333333332,1.7672954855748797,19.133333333333333,22.96666666666667,0.299999999999992,28.928571428571427,1.5195550727260945,19.02857142857143,23.557142857142857,0.3,28.37857142857143,1.7075301873347244,20.085714285714285,23.65,18.700000000000003,-0.5000000000000004,0.8660254037844384,9.2,951.4
2021-12-01,29.0,18.3,23.0,0.0,12.8,69,2,12,335,4,2021,28.7,19.5,23.3,25.8,20.2,22.5,29.0,17.7,23.1,30.2,20.8,24.8,28.6,21.1,23.9,29.7,20.3,24.4,27.833333333333332,1.7672954855748797,19.333333333333332,22.933333333333334,0.299999999999992,28.757142857142856,1.416400535226692,18.67142857142857,23.300000000000004,0.3,28.407142857142855,1.714851097242645,19.88571428571429,23.585714285714285,16.900000000000002,-2.4492935982947064e-16,1.0,10.7,883.2
2021-12-02,28.8,18.7,23.3,0.0,15.7,71,3,12,336,4,2021,29.0,18.3,23.0,28.7,19.5,23.3,25.8,20.2,22.5,30.2,19.6,24.4,26.3,20.0,23.2,29.2,21.4,23.9,28.833333333333332,0.15275252316523832,18.833333333333332,23.2,0.0,28.557142857142857,1.2699831269970168,18.542857142857144,23.142857142857142,0.3,28.585714285714285,1.6052112934761305,19.792857142857144,23.592857142857145,15.6,-2.4492935982947064e-16,1.0,10.100000000000001,1114.7
2021-12-03,29.3,18.9,23.6,0.0,12.6,67,4,12,337,4,2021,28.8,18.7,23.3,29.0,18.3,23.0,28.7,19.5,23.3,29.8,17.8,23.6,25.0,21.2,22.4,28.4,21.3,23.9,29.03333333333333,0.25166114784238025,18.633333333333333,23.3,0.0,28.485714285714288,1.200595090539915,18.699999999999996,23.142857142857142,0.3,28.892857142857142,1.235042375924681,19.62857142857143,23.678571428571427,10.7,-2.4492935982947064e-16,1.0,10.400000000000002,844.1999999999999
2021-12-04,30.9,19.1,24.2,0.0,15.0,60,5,12,338,4,2021,29.3,18.9,23.6,28.8,18.7,23.3,29.0,18.3,23.0,28.8,17.6,23.2,27.8,21.3,23.2,29.2,20.7,24.2,29.666666666666668,1.0969655114602888,18.9,23.700000000000003,0.0,28.785714285714285,1.5137465347370918,18.914285714285715,23.285714285714285,0.3,29.11428571428571,1.3002113099605994,19.47142857142857,23.75,5.8,-2.4492935982947064e-16,1.0,11.799999999999997,900.0
2021-12-05,30.9,19.1,24.3,0.0,10.2,57,6,12,339,4,2021,30.9,19.1,24.2,29.3,18.9,23.6,28.8,18.7,23.3,29.0,17.7,23.1,27.3,21.8,23.6,29.3,20.3,24.0,30.366666666666664,0.9237604307033951,19.033333333333335,24.03333333333333,0.0,29.057142857142857,1.7154757774032052,19.114285714285717,23.457142857142856,0.3,29.371428571428574,1.2694205652298907,19.27857142857143,23.8,2.0,-2.4492935982947064e-16,1.0,11.799999999999997,581.4
2021-12-06,30.5,18.1,24.2,0.0,10.5,56,0,12,340,4,2021,30.9,19.1,24.3,30.9,19.1,24.2,29.3,18.9,23.6,25.8,20.2,22.5,30.0,21.8,25.0,29.7,18.9,24.0,30.766666666666666,0.2309401076758495,18.76666666666667,24.233333333333334,0.0,29.728571428571428,0.9978548420057359,18.814285714285717,23.7,0.0,29.407142857142862,1.2952364118713486,19.014285714285712,23.742857142857144,1.3,-2.4492935982947064e-16,1.0,12.399999999999999,588.0
2021-12-07,30.0,20.2,25.0,0.0,13.1,57,1,12,341,4,2021,30.5,18.1,24.2,30.9,19.1,24.3,30.9,19.1,24.2,28.7,19.5,23.3,29.8,20.8,24.9,29.1,17.8,23.3,30.466666666666665,0.4509249752822883,19.133333333333336,24.5,0.0,29.914285714285715,0.8896227129680213,18.914285714285715,23.942857142857143,0.0,29.421428571428574,1.3009928583902453,18.97142857142857,23.75,0.3,-2.4492935982947064e-16,1.0,9.8,746.6999999999999
2021-12-08,29.5,18.4,23.5,0.0,12.4,64,2,12,342,4,2021,30.0,20.2,25.0,30.5,18.1,24.2,30.9,19.1,24.3,29.0,18.3,23.0,30.2,20.8,24.8,29.0,17.9,23.0,30.0,0.49999999999999917,18.900000000000002,24.233333333333334,0.0,29.985714285714288,0.8214389233302238,18.928571428571427,24.014285714285712,0.0,29.371428571428574,1.2820827834957722,18.8,23.657142857142855,0.3,-2.4492935982947064e-16,1.0,11.100000000000001,793.6
2021-12-09,29.0,18.7,23.7,0.7,10.9,71,3,12,343,4,2021,29.5,18.4,23.5,30.0,20.2,25.0,30.5,18.1,24.2,28.8,18.7,23.3,30.2,19.6,24.4,29.1,18.4,23.1,29.5,0.49999999999999917,19.099999999999998,24.066666666666663,0.699999999999992,30.014285714285712,0.7755182598937209,18.928571428571427,24.071428571428573,0.7,29.285714285714285,1.262389153005672,18.735714285714288,23.607142857142858,1.0,-2.4492935982947064e-16,1.0,10.3,773.9
2021-12-10,28.1,20.6,23.5,0.8,14.4,76,4,12,344,4,2021,29.0,18.7,23.7,29.5,18.4,23.5,30.0,20.2,25.0,29.3,18.9,23.6,29.8,17.8,23.6,29.9,19.0,24.0,28.86666666666667,0.7094598884597574,19.23333333333333,23.566666666666663,1.499999999999992,29.842857142857138,1.0453980786557588,19.17142857142857,24.057142857142853,1.5,29.164285714285715,1.2905616802576525,18.935714285714287,23.599999999999998,1.8,-2.4492935982947064e-16,1.0,7.5,1094.4
2021-12-11,28.9,19.5,23.6,0.1,12.6,71,5,12,345,4,2021,28.1,20.6,23.5,29.0,18.7,23.7,29.5,18.4,23.5,30.9,19.1,24.2,28.8,17.6,23.2,26.3,19.9,22.8,28.666666666666668,0.4932882862316225,19.599999999999998,23.599999999999998,1.599999999999992,29.557142857142857,0.9795528620364571,19.22857142857143,23.97142857142857,1.6,29.171428571428574,1.288665721069411,19.071428571428573,23.62857142857143,1.9000000000000001,-2.4492935982947064e-16,1.0,9.399999999999999,894.6
2021-12-12,29.4,17.9,23.1,0.0,14.4,59,6,12,346,4,2021,28.9,19.5,23.6,28.1,20.6,23.5,29.0,18.7,23.7,30.9,19.1,24.3,29.0,17.7,23.1,26.3,19.7,22.7,28.8,0.6557438524301976,19.333333333333332,23.400000000000002,0.899999999999992,29.342857142857145,0.7807200583588276,19.057142857142857,23.8,1.6,29.2,1.289006773270981,19.085714285714285,23.62857142857143,1.9000000000000001,-2.4492935982947064e-16,1.0,11.5,849.6
2021-12-13,28.7,17.9,22.5,0.0,11.6,67,0,12,347,4,2021,29.4,17.9,23.1,28.9,19.5,23.6,28.1,20.6,23.5,30.5,18.1,24.2,25.8,20.2,22.5,28.4,21.1,24.0,29.0,0.3605551275463964,18.433333333333334,23.066666666666666,0.09999999999999201,29.085714285714285,0.614894493466347,19.02857142857143,23.557142857142857,1.6,29.407142857142855,0.8633247768538059,18.92142857142857,23.628571428571426,1.6,-2.4492935982947064e-16,1.0,10.8,777.1999999999999
2021-12-14,27.3,18.0,22.1,0.1,11.1,71,1,12,348,4,2021,28.7,17.9,22.5,29.4,17.9,23.1,28.9,19.5,23.6,30.0,20.2,25.0,28.7,19.5,23.3,29.4,21.6,24.3,28.46666666666667,1.0692676621563622,17.933333333333334,22.566666666666666,0.09999999999999201,28.7,0.7724420150837576,18.714285714285715,23.142857142857142,1.7,29.307142857142857,1.0186448658081808,18.814285714285713,23.542857142857144,1.7,-2.4492935982947064e-16,1.0,9.3,788.1
2021-12-15,26.9,17.3,21.2,0.0,11.2,56,2,12,349,4,2021,27.3,18.0,22.1,28.7,17.9,22.5,29.4,17.9,23.1,29.5,18.4,23.5,29.0,18.3,23.0,29.8,21.8,24.9,27.63333333333333,0.9451631252505259,17.733333333333334,21.933333333333334,0.09999999999999201,28.32857142857143,0.9322272357357948,18.557142857142857,22.814285714285713,1.7,29.157142857142855,1.2049349077307612,18.742857142857144,23.414285714285715,1.7,-2.4492935982947064e-16,1.0,9.599999999999998,627.1999999999999
2021-12-16,27.8,15.0,20.6,0.0,12.2,51,3,12,350,4,2021,26.9,17.3,21.2,27.3,18.0,22.1,28.7,17.9,22.5,29.0,18.7,23.7,28.8,18.7,23.3,27.2,21.6,24.1,27.333333333333332,0.45092497528230335,16.766666666666666,21.3,0.09999999999999201,28.157142857142855,0.8978811035935962,18.02857142857143,22.371428571428574,1.0,29.085714285714285,1.2562809232977172,18.478571428571428,23.22142857142857,1.7,-2.4492935982947064e-16,1.0,12.8,622.1999999999999
2021-12-17,28.0,13.6,20.4,0.0,13.6,52,4,12,351,4,2021,27.8,15.0,20.6,26.9,17.3,21.2,27.3,18.0,22.1,28.1,20.6,23.5,29.3,18.9,23.6,28.6,21.1,23.9,27.566666666666666,0.585946527708242,15.299999999999999,20.733333333333334,0.0,28.142857142857142,0.8997354108424249,17.02857142857143,21.928571428571427,0.2,28.99285714285714,1.2868950621938486,18.1,22.99285714285714,1.7,-2.4492935982947064e-16,1.0,14.4,707.1999999999999
2021-12-18,27.3,13.0,19.9,0.0,13.5,52,5,12,352,4,2021,28.0,13.6,20.4,27.8,15.0,20.6,26.9,17.3,21.2,28.9,19.5,23.6,30.9,19.1,24.2,26.3,20.0,23.2,27.7,0.36055512754641394,13.866666666666667,20.299999999999997,0.0,27.914285714285715,0.8783100656536652,16.1,21.4,0.1,28.735714285714288,1.235131349512862,17.664285714285715,22.685714285714287,1.7,-2.4492935982947064e-16,1.0,14.3,702.0
2021-12-19,26.7,13.9,19.7,0.0,11.3,60,6,12,353,4,2021,27.3,13.0,19.9,28.0,13.6,20.4,27.8,15.0,20.6,29.4,17.9,23.1,30.9,19.1,24.3,25.0,21.2,22.4,27.333333333333332,0.650640709864779,13.5,20.0,0.0,27.52857142857143,0.6897204402613092,15.528571428571428,20.91428571428571,0.1,28.435714285714283,1.1777469643721996,17.29285714285714,22.357142857142858,1.7,-2.4492935982947064e-16,1.0,12.799999999999999,678.0
2021-12-20,26.5,13.6,19.5,0.0,9.0,58,0,12,354,4,2021,26.7,13.9,19.7,27.3,13.0,19.9,28.0,13.6,20.4,28.7,17.9,22.5,30.5,18.1,24.2,27.8,21.3,23.2,26.833333333333332,0.4163331998932377,13.5,19.7,0.0,27.214285714285715,0.5550632739564039,14.914285714285715,20.485714285714284,0.1,28.15,1.122325881647309,16.97142857142857,22.021428571428572,1.7,-2.4492935982947064e-16,1.0,12.9,522.0
2021-12-21,27.2,12.3,19.6,0.0,8.3,53,1,12,355,4,2021,26.5,13.6,19.5,26.7,13.9,19.7,27.3,13.0,19.9,27.3,18.0,22.1,30.0,20.2,25.0,27.3,21.8,23.6,26.8,0.3605551275464112,13.266666666666666,19.6,0.0,27.2,0.5537749241945054,14.1,20.12857142857143,0.0,27.949999999999996,1.0112825063711606,16.407142857142855,21.635714285714283,1.7,-2.4492935982947064e-16,1.0,14.899999999999999,439.90000000000003
2021-12-22,27.5,12.8,19.9,0.0,10.2,49,2,12,356,4,2021,27.2,12.3,19.6,26.5,13.6,19.5,26.7,13.9,19.7,26.9,17.3,21.2,29.5,18.4,23.5,30.0,21.8,25.0,27.066666666666666,0.5131601439446999,12.9,19.666666666666668,0.0,27.285714285714285,0.5459809869356284,13.457142857142857,19.942857142857143,0.0,27.807142857142853,0.911857179871688,16.00714285714286,21.37857142857143,1.7,-2.4492935982947064e-16,1.0,14.7,499.79999999999995
2021-12-23,28.7,15.3,21.6,0.0,8.0,46,3,12,357,4,2021,27.5,12.8,19.9,27.2,12.3,19.6,26.5,13.6,19.5,27.8,15.0,20.6,29.0,18.7,23.7,29.8,20.8,24.9,27.8,0.793725393319389,13.466666666666667,20.366666666666667,0.0,27.414285714285715,0.7537209285240812,13.5,20.085714285714285,0.0,27.785714285714285,0.8847921466972766,15.764285714285714,21.228571428571428,1.0,-2.4492935982947064e-16,1.0,13.399999999999999,368.0
2021-12-24,29.6,16.3,22.2,0.0,11.6,51,4,12,358,4,2021,28.7,15.3,21.6,27.5,12.8,19.9,27.2,12.3,19.6,28.0,13.6,20.4,28.1,20.6,23.5,30.2,20.8,24.8,28.599999999999998,1.053565375285287,14.800000000000002,21.233333333333334,0.0,27.642857142857142,1.1163290178932213,13.885714285714284,20.342857142857145,0.0,27.892857142857142,1.0080173119043796,15.457142857142857,21.13571428571429,0.2,-2.4492935982947064e-16,1.0,13.3,591.6
2021-12-25,30.0,16.0,22.1,0.0,9.7,59,5,12,359,4,2021,29.6,16.3,22.2,28.7,15.3,21.6,27.5,12.8,19.9,27.3,13.0,19.9,28.9,19.5,23.6,30.2,19.6,24.4,29.433333333333334,0.6658328118479621,15.866666666666667,21.96666666666667,0.0,28.02857142857143,1.4067862734074392,14.314285714285713,20.657142857142855,0.0,27.971428571428568,1.1282584070003916,15.207142857142857,21.02857142857143,0.1,-2.4492935982947064e-16,1.0,14.0,572.3
2021-12-26,29.7,16.2,22.6,0.0,13.4,63,6,12,360,4,2021,30.0,16.0,22.1,29.6,16.3,22.2,28.7,15.3,21.6,26.7,13.9,19.7,29.4,17.9,23.1,29.8,17.8,23.6,29.766666666666666,0.2081665999466837,16.166666666666668,22.3,0.0,28.45714285714286,1.3914706163589836,14.642857142857142,21.071428571428573,0.0,27.99285714285714,1.159883472737541,15.085714285714285,20.992857142857144,0.1,-2.4492935982947064e-16,1.0,13.5,844.2
2021-12-27,29.0,17.3,22.5,0.0,11.2,68,0,12,361,4,2021,29.7,16.2,22.6,30.0,16.0,22.1,29.6,16.3,22.2,26.5,13.6,19.5,28.7,17.9,22.5,28.8,17.6,23.2,29.566666666666666,0.5131601439447169,16.5,22.400000000000002,0.0,28.814285714285717,1.094575368850959,15.171428571428569,21.5,0.0,28.014285714285712,1.1766034184871434,15.042857142857144,20.992857142857144,0.1,-2.4492935982947064e-16,1.0,11.7,761.5999999999999
2021-12-28,28.6,16.7,22.0,0.0,14.3,67,1,12,362,4,2021,29.0,17.3,22.5,29.7,16.2,22.6,30.0,16.0,22.1,27.2,12.3,19.6,27.3,18.0,22.1,29.0,17.7,23.1,29.099999999999998,0.5567764362830286,16.733333333333334,22.36666666666667,0.0,29.014285714285712,0.8513294924774306,15.799999999999999,21.842857142857145,0.0,28.107142857142858,1.1671558367470787,14.950000000000001,20.985714285714288,0.0,-2.4492935982947064e-16,1.0,11.900000000000002,958.1
2021-12-29,27.4,16.6,21.4,0.0,11.7,67,2,12,363,4,2021,28.6,16.7,22.0,29.0,17.3,22.5,29.7,16.2,22.6,27.5,12.8,19.9,26.9,17.3,21.2,25.8,20.2,22.5,28.333333333333332,0.8326663997864754,16.866666666666664,21.966666666666665,0.0,29.0,0.8812869377601388,16.342857142857145,22.057142857142857,0.0,28.142857142857142,1.1345716139815822,14.9,21.0,0.0,-2.4492935982947064e-16,1.0,10.799999999999997,783.9
2021-12-30,26.5,17.5,21.4,0.3,16.0,72,3,12,364,4,2021,27.4,16.6,21.4,28.6,16.7,22.0,29.0,17.3,22.5,28.7,15.3,21.6,27.8,15.0,20.6,28.7,19.5,23.3,27.5,1.0535653752852947,16.933333333333334,21.599999999999998,0.299999999999992,28.685714285714287,1.2992671927264285,16.65714285714286,22.028571428571432,0.3,28.05,1.215128989670845,15.078571428571427,21.057142857142857,0.3,-2.4492935982947064e-16,1.0,9.0,1152.0
2021-12-31,27.9,16.7,21.7,0.0,13.8,70,4,12,365,4,2021,26.5,17.5,21.4,27.4,16.6,21.4,28.6,16.7,22.0,29.6,16.3,22.2,28.0,13.6,20.4,29.0,18.3,23.0,27.266666666666666,0.7094598884597894,16.933333333333334,21.5,0.299999999999992,28.442857142857143,1.2581165060745048,16.714285714285715,21.957142857142856,0.3,28.042857142857144,1.2157392722216411,15.3,21.150000000000002,0.3,-2.4492935982947064e-16,1.0,11.2,966.0
2022-01-01,27.8,16.9,21.9,0.0,11.3,66,5,1,1,1,2022,27.9,16.7,21.7,26.5,17.5,21.4,27.4,16.6,21.4,30.0,16.0,22.1,27.3,13.0,19.9,28.8,18.7,23.3,27.399999999999995,0.7810249675906931,17.033333333333335,21.666666666666668,0.299999999999992,28.12857142857143,1.0641338977689458,16.842857142857145,21.928571428571427,0.3,28.07857142857143,1.1994733276468845,15.578571428571431,21.29285714285714,0.3,0.49999999999999994,0.8660254037844387,10.900000000000002,745.8000000000001
2022-01-02,27.1,16.9,21.3,0.0,9.5,66,6,1,2,1,2022,27.8,16.9,21.9,27.9,16.7,21.7,26.5,17.5,21.4,29.7,16.2,22.6,26.7,13.9,19.7,29.3,18.9,23.6,27.599999999999998,0.4358898943541145,16.833333333333332,21.63333333333333,0.0,27.757142857142856,0.8580154288766919,16.942857142857143,21.74285714285714,0.3,28.107142857142858,1.1684732219138343,15.792857142857143,21.407142857142855,0.3,0.49999999999999994,0.8660254037844387,10.200000000000003,627.0
2022-01-03,27.3,15.3,20.6,0.0,10.7,63,0,1,3,1,2022,27.1,16.9,21.3,27.8,16.9,21.9,27.9,16.7,21.7,29.0,17.3,22.5,26.5,13.6,19.5,30.9,19.1,24.2,27.400000000000002,0.360555127546458,16.366666666666664,21.266666666666666,0.0,27.514285714285712,0.6669047194029152,16.657142857142855,21.47142857142857,0.3,28.164285714285715,1.1014725408478336,15.914285714285715,21.485714285714288,0.3,0.49999999999999994,0.8660254037844387,12.0,674.0999999999999
2022-01-04,27.0,14.9,20.4,0.0,11.9,64,1,1,4,1,2022,27.3,15.3,20.6,27.1,16.9,21.3,27.8,16.9,21.9,28.6,16.7,22.0,27.2,12.3,19.6,30.9,19.1,24.3,27.133333333333336,0.15275252316533855,15.700000000000001,20.766666666666666,0.0,27.285714285714285,0.4810702354423379,16.4,21.24285714285714,0.3,28.150000000000002,1.1161403275436539,16.1,21.542857142857144,0.3,0.49999999999999994,0.8660254037844387,12.1,761.6
2022-01-05,27.6,14.8,20.7,0.0,12.0,69,2,1,5,1,2022,27.0,14.9,20.4,27.3,15.3,20.6,27.1,16.9,21.3,27.4,16.6,21.4,27.5,12.8,19.9,30.5,18.1,24.2,27.3,0.30000000000007093,15.0,20.566666666666666,0.0,27.314285714285713,0.49473417585798546,16.142857142857142,21.142857142857142,0.3,28.157142857142862,1.111972803841686,16.24285714285714,21.599999999999998,0.3,0.49999999999999994,0.8660254037844387,12.8,828.0
2022-01-06,27.5,14.7,20.8,0.0,14.4,68,3,1,6,1,2022,27.6,14.8,20.7,27.0,14.9,20.4,27.3,15.3,20.6,26.5,17.5,21.4,28.7,15.3,21.6,30.0,20.2,25.0,27.36666666666667,0.321455025366497,14.799999999999999,20.63333333333333,0.0,27.457142857142856,0.3408672412985029,15.742857142857142,21.057142857142857,0.0,28.071428571428573,1.1131580656496654,16.2,21.542857142857144,0.3,0.49999999999999994,0.8660254037844387,12.8,979.2
2022-01-07,27.6,16.9,21.7,0.0,13.6,68,4,1,7,1,2022,27.5,14.7,20.8,27.6,14.8,20.7,27.0,14.9,20.4,27.9,16.7,21.7,29.6,16.3,22.2,29.5,18.4,23.5,27.566666666666666,0.057735026919308145,15.466666666666667,21.066666666666666,0.0,27.414285714285715,0.2911389784310588,15.771428571428572,21.057142857142857,0.0,27.928571428571427,1.0268911794856954,16.24285714285714,21.507142857142856,0.3,0.49999999999999994,0.8660254037844387,10.700000000000003,924.8
2022-01-08,27.6,18.0,22.0,0.3,16.3,73,5,1,8,1,2022,27.6,16.9,21.7,27.5,14.7,20.8,27.6,14.8,20.7,27.8,16.9,21.9,30.0,16.0,22.1,29.0,18.7,23.7,27.566666666666666,0.057735026919308145,16.53333333333333,21.5,0.299999999999992,27.38571428571429,0.25448360411209314,15.928571428571429,21.071428571428573,0.3,27.75714285714286,0.8373164880133036,16.385714285714283,21.5,0.6,0.49999999999999994,0.8660254037844387,9.600000000000001,1189.9
2022-01-09,28.7,18.0,22.5,0.4,13.0,71,6,1,9,1,2022,27.6,18.0,22.0,27.6,16.9,21.7,27.5,14.7,20.8,27.1,16.9,21.3,29.7,16.2,22.6,28.1,20.6,23.5,27.96666666666667,0.6350852961086167,17.633333333333333,22.066666666666666,0.699999999999992,27.614285714285717,0.5273473599964389,16.085714285714285,21.24285714285714,0.7,27.685714285714287,0.6882051827953688,16.514285714285712,21.49285714285714,1.0,0.49999999999999994,0.8660254037844387,10.7,923.0
2022-01-10,26.5,18.2,21.4,3.0,11.7,80,0,1,10,1,2022,28.7,18.0,22.5,27.6,18.0,22.0,27.6,16.9,21.7,27.3,15.3,20.6,29.0,17.3,22.5,28.9,19.5,23.6,27.600000000000005,1.1000000000000174,18.066666666666666,21.96666666666667,3.699999999999992,27.5,0.6733003292241198,16.5,21.357142857142858,3.7,27.50714285714286,0.6438636808832101,16.57857142857143,21.41428571428571,4.0,0.49999999999999994,0.8660254037844387,8.3,936.0
2022-01-11,26.6,17.3,20.8,4.9,15.2,83,1,1,11,1,2022,26.5,18.2,21.4,28.7,18.0,22.5,27.6,18.0,22.0,27.0,14.9,20.4,28.6,16.7,22.0,29.4,17.9,23.1,27.266666666666666,1.2423096769056305,17.833333333333332,21.566666666666666,8.299999999999994,27.442857142857143,0.7367883976129895,16.842857142857145,21.414285714285715,8.600000000000001,27.364285714285717,0.603333232145411,16.62142857142857,21.328571428571426,8.9,0.49999999999999994,0.8660254037844387,9.3,1261.6
2022-01-12,26.1,17.0,20.2,1.5,12.6,84,2,1,12,1,2022,26.6,17.3,20.8,26.5,18.2,21.4,28.7,18.0,22.5,27.6,14.8,20.7,27.4,16.6,21.4,28.7,17.9,22.5,26.400000000000002,0.26457513110654696,17.5,20.8,9.399999999999991,27.22857142857143,0.8864052604279028,17.157142857142855,21.342857142857145,10.100000000000001,27.271428571428572,0.6910733807508859,16.650000000000002,21.24285714285714,10.4,0.49999999999999994,0.8660254037844387,9.100000000000001,1058.3999999999999
2022-01-13,24.1,18.1,20.2,1.1,14.7,86,3,1,13,1,2022,26.1,17.0,20.2,26.6,17.3,20.8,26.5,18.2,21.4,27.5,14.7,20.8,26.5,17.5,21.4,27.3,18.0,22.1,25.600000000000005,1.322875655532313,17.466666666666665,20.400000000000002,7.499999999999993,26.742857142857144,1.4592888026445556,17.642857142857142,21.257142857142856,11.200000000000001,27.1,1.0834418091647555,16.692857142857143,21.157142857142855,11.2,0.49999999999999994,0.8660254037844387,6.0,1264.2
2022-01-14,27.3,18.3,21.5,1.2,17.7,78,4,1,14,1,2022,24.1,18.1,20.2,26.1,17.0,20.2,26.6,17.3,20.8,27.6,16.9,21.7,27.9,16.7,21.7,26.9,17.3,21.2,25.833333333333332,1.6165807537309658,17.8,20.633333333333336,3.799999999999992,26.7,1.43410831761992,17.842857142857145,21.228571428571428,12.4,27.057142857142857,1.0609968358644297,16.807142857142857,21.142857142857142,12.4,0.49999999999999994,0.8660254037844387,9.0,1380.6
2022-01-15,25.2,16.8,20.4,1.0,12.4,81,5,1,15,1,2022,27.3,18.3,21.5,24.1,18.1,20.2,26.1,17.0,20.2,27.6,18.0,22.0,27.8,16.9,21.9,27.8,15.0,20.6,25.53333333333333,1.6258331197676406,17.733333333333334,20.7,3.299999999999992,26.357142857142858,1.4695318334502943,17.67142857142857,21.0,13.1,26.87142857142857,1.145176218504655,16.8,21.035714285714285,13.4,0.49999999999999994,0.8660254037844387,8.399999999999999,1004.4
2022-01-16,26.5,16.8,20.6,0.1,14.8,78,6,1,16,1,2022,25.2,16.8,20.4,27.3,18.3,21.5,24.1,18.1,20.2,28.7,18.0,22.5,27.1,16.9,21.3,28.0,13.6,20.4,26.333333333333332,1.0598742063723319,17.3,20.833333333333332,2.299999999999992,26.042857142857144,1.0643576198144682,17.5,20.728571428571428,12.8,26.82857142857143,1.147189590278785,16.792857142857144,20.985714285714288,13.5,0.49999999999999994,0.8660254037844387,9.7,1154.4
2022-01-17,24.9,15.8,20.2,0.8,10.1,81,0,1,17,1,2022,26.5,16.8,20.6,25.2,16.8,20.4,27.3,18.3,21.5,26.5,18.2,21.4,27.3,15.3,20.6,27.3,13.0,19.9,25.53333333333333,0.8504900548115638,16.46666666666667,20.4,1.899999999999992,25.814285714285713,1.12016155297434,17.157142857142855,20.557142857142857,10.600000000000001,26.657142857142855,1.2463573297440216,16.82857142857143,20.957142857142856,14.299999999999999,0.49999999999999994,0.8660254037844387,9.099999999999998,818.1
2022-01-18,27.0,16.6,20.9,0.0,8.2,68,1,1,18,1,2022,24.9,15.8,20.2,26.5,16.8,20.6,25.2,16.8,20.4,26.6,17.3,20.8,27.0,14.9,20.4,26.7,13.9,19.7,26.133333333333336,1.0969655114603112,16.400000000000002,20.566666666666666,0.899999999999992,25.871428571428574,1.1757469763435209,17.057142857142857,20.571428571428573,5.7,26.657142857142855,1.2463573297440216,16.95,20.99285714285714,14.299999999999999,0.49999999999999994,0.8660254037844387,10.399999999999999,557.5999999999999
2022-01-19,27.6,14.7,21.3,0.0,11.2,59,2,1,19,1,2022,27.0,16.6,20.9,24.9,15.8,20.2,26.5,16.8,20.6,26.1,17.0,20.2,27.6,14.8,20.7,26.5,13.6,19.5,26.5,1.4177446878758018,15.700000000000003,20.799999999999997,0.799999999999992,26.085714285714285,1.3483676197889118,16.72857142857143,20.728571428571428,4.2,26.657142857142855,1.2463573297440216,16.942857142857143,21.035714285714285,14.299999999999999,0.49999999999999994,0.8660254037844387,12.900000000000002,660.8
2022-01-20,29.3,14.9,21.7,0.0,10.3,58,3,1,20,1,2022,27.6,14.7,21.3,27.0,16.6,20.9,24.9,15.8,20.2,24.1,18.1,20.2,27.5,14.7,20.8,27.2,12.3,19.6,27.96666666666667,1.1930353445449118,15.4,21.3,0.0,26.828571428571426,1.496344752738347,16.27142857142857,20.942857142857143,3.1,26.785714285714285,1.4206483584060519,16.95714285714286,21.099999999999998,14.299999999999999,0.49999999999999994,0.8660254037844387,14.4,597.4000000000001
2022-01-21,29.9,15.4,22.1,0.0,16.6,57,4,1,21,1,2022,29.3,14.9,21.7,27.6,14.7,21.3,27.0,16.6,20.9,27.3,18.3,21.5,27.6,16.9,21.7,27.5,12.8,19.9,28.933333333333334,1.1930353445449142,15.0,21.7,0.0,27.2,1.9008769905844232,15.857142857142858,21.02857142857143,1.9,26.95,1.6383622216197542,16.849999999999998,21.12857142857143,14.299999999999999,0.49999999999999994,0.8660254037844387,14.499999999999998,946.2
2022-01-22,31.0,15.8,22.8,0.0,15.1,53,5,1,22,1,2022,29.9,15.4,22.1,29.3,14.9,21.7,27.6,14.7,21.3,25.2,16.8,20.4,27.6,18.0,22.0,28.7,15.3,21.6,30.066666666666666,0.8621678104252193,15.366666666666667,22.200000000000003,0.0,28.02857142857143,2.133630931623578,15.714285714285714,21.37142857142857,0.9,27.192857142857143,1.9621276856884462,16.692857142857143,21.185714285714287,14.0,0.49999999999999994,0.8660254037844387,15.2,800.3
2022-01-23,28.8,16.6,22.5,0.0,19.6,53,6,1,23,1,2022,31.0,15.8,22.8,29.9,15.4,22.1,29.3,14.9,21.7,26.5,16.8,20.6,28.7,18.0,22.5,29.6,16.3,22.2,29.900000000000002,1.1000000000000378,15.933333333333335,22.46666666666667,0.0,28.357142857142858,2.033762640081289,15.685714285714287,21.642857142857142,0.8,27.2,1.9682088694663982,16.59285714285714,21.185714285714287,13.6,0.49999999999999994,0.8660254037844387,12.2,1038.8000000000002
2022-01-24,26.6,16.0,20.7,0.0,11.4,53,0,1,24,1,2022,28.8,16.6,22.5,31.0,15.8,22.8,29.9,15.4,22.1,24.9,15.8,20.2,26.5,18.2,21.4,30.0,16.0,22.1,28.8,2.200000000000018,16.133333333333336,22.0,0.0,28.6,1.6093476939430869,15.714285714285714,21.714285714285715,0.0,27.207142857142856,1.9656528708780834,16.435714285714287,21.13571428571429,10.6,0.49999999999999994,0.8660254037844387,10.600000000000001,604.2
2022-01-25,26.9,14.9,20.2,0.0,9.7,56,1,1,25,1,2022,26.6,16.0,20.7,28.8,16.6,22.5,31.0,15.8,22.8,27.0,16.6,20.9,26.6,17.3,20.8,29.7,16.2,22.6,27.433333333333334,1.1930353445449213,15.833333333333334,21.133333333333336,0.0,28.585714285714285,1.6262723956219136,15.471428571428572,21.614285714285717,0.0,27.228571428571428,1.9601524946283757,16.264285714285716,21.092857142857145,5.7,0.49999999999999994,0.8660254037844387,11.999999999999998,543.1999999999999
2022-01-26,27.3,15.0,20.8,0.0,12.0,55,2,1,26,1,2022,26.9,14.9,20.2,26.6,16.0,20.7,28.8,16.6,22.5,27.6,14.7,21.3,26.1,17.0,20.2,29.0,17.3,22.5,26.933333333333334,0.35118845842854574,15.299999999999999,20.566666666666666,0.0,28.54285714285714,1.6601778447474869,15.514285714285714,21.542857142857144,0.0,27.314285714285717,1.933055430323543,16.12142857142857,21.13571428571429,4.2,0.49999999999999994,0.8660254037844387,12.3,660.0
2022-01-27,26.9,15.7,20.6,0.0,13.4,54,3,1,27,1,2022,27.3,15.0,20.8,26.9,14.9,20.2,26.6,16.0,20.7,29.3,14.9,21.7,24.1,18.1,20.2,28.6,16.7,22.0,27.03333333333333,0.23094010767603615,15.200000000000001,20.533333333333335,0.0,28.2,1.724335620850325,15.62857142857143,21.38571428571429,0.0,27.514285714285712,1.7064840790607898,15.950000000000001,21.16428571428571,3.1,0.49999999999999994,0.8660254037844387,11.2,723.6
2022-01-28,26.4,13.7,19.3,0.0,12.0,48,4,1,28,1,2022,26.9,15.7,20.6,27.3,15.0,20.8,26.9,14.9,20.2,29.9,15.4,22.1,27.3,18.3,21.5,27.4,16.6,21.4,26.866666666666664,0.45092497528238557,14.799999999999999,20.233333333333334,0.0,27.7,1.6552945357246716,15.385714285714286,20.985714285714288,0.0,27.449999999999996,1.7319397751121213,15.621428571428572,21.007142857142856,1.9,0.49999999999999994,0.8660254037844387,12.7,576.0
2022-01-29,27.5,12.0,18.8,0.0,9.2,47,5,1,29,1,2022,26.4,13.7,19.3,26.9,15.7,20.6,27.3,15.0,20.8,31.0,15.8,22.8,25.2,16.8,20.4,26.5,17.5,21.4,26.933333333333334,0.5507570547286887,13.799999999999999,19.566666666666666,0.0,27.2,0.79999999999998,14.842857142857143,20.414285714285715,0.0,27.61428571428571,1.6066482755471776,15.278571428571428,20.892857142857142,0.9,0.49999999999999994,0.8660254037844387,15.5,432.4
2022-01-30,28.9,12.3,20.4,0.0,10.1,46,6,1,30,1,2022,27.5,12.0,18.8,26.4,13.7,19.3,26.9,15.7,20.6,28.8,16.6,22.5,26.5,16.8,20.6,27.9,16.7,21.7,27.599999999999998,1.2529964086141991,12.666666666666666,19.5,0.0,27.214285714285715,0.8335237877600565,14.228571428571428,20.114285714285717,0.0,27.785714285714285,1.6066482755471767,14.957142857142857,20.878571428571426,0.8,0.49999999999999994,0.8660254037844387,16.599999999999998,464.59999999999997
2022-01-31,30.2,16.6,22.4,0.0,9.8,42,0,1,31,1,2022,28.9,12.3,20.4,27.5,12.0,18.8,26.4,13.7,19.3,26.6,16.0,20.7,24.9,15.8,20.2,27.8,16.9,21.9,28.866666666666664,1.3503086067019663,13.633333333333335,20.533333333333335,0.0,27.728571428571428,1.3450084085415877,14.314285714285713,20.357142857142858,0.0,28.164285714285715,1.4949181314641449,15.014285714285716,21.035714285714285,0.0,0.49999999999999994,0.8660254037844387,13.599999999999998,411.6
2022-02-01,31.0,17.3,23.0,0.0,10.4,44,1,2,32,1,2022,30.2,16.6,22.4,28.9,12.3,20.4,27.5,12.0,18.8,26.9,14.9,20.2,27.0,16.6,20.9,27.1,16.9,21.3,30.03333333333333,1.0598742063723425,15.4,21.933333333333334,0.0,28.314285714285713,1.754450124140091,14.657142857142858,20.75714285714286,0.0,28.45,1.631304338912232,15.064285714285715,21.185714285714287,0.0,0.8660254037844386,0.5000000000000001,13.7,457.6
2022-02-02,31.2,15.9,23.8,0.0,13.4,52,2,2,33,1,2022,31.0,17.3,23.0,30.2,16.6,22.4,28.9,12.3,20.4,27.3,15.0,20.8,27.6,14.7,21.3,27.3,15.3,20.6,30.799999999999997,0.5291502622129789,16.6,23.066666666666666,0.0,28.87142857142857,1.9830231850336197,14.785714285714286,21.185714285714283,0.0,28.707142857142856,1.7652475466910944,15.15,21.364285714285717,0.0,0.8660254037844386,0.5000000000000001,15.299999999999999,696.8000000000001
2022-02-03,30.8,17.0,23.7,0.0,17.5,58,3,2,34,1,2022,31.2,15.9,23.8,31.0,17.3,23.0,30.2,16.6,22.4,26.9,15.7,20.6,29.3,14.9,21.7,27.0,14.9,20.4,31.0,0.20000000000015758,16.733333333333334,23.5,0.0,29.428571428571427,1.882121396823507,14.971428571428573,21.62857142857143,0.0,28.814285714285713,1.8476001660603951,15.299999999999999,21.50714285714286,0.0,0.8660254037844386,0.5000000000000001,13.8,1015.0
2022-02-04,28.3,17.2,22.5,0.0,15.1,41,4,2,35,1,2022,30.8,17.0,23.7,31.2,15.9,23.8,31.0,17.3,23.0,26.4,13.7,19.3,29.9,15.4,22.1,27.6,14.8,20.7,30.099999999999998,1.5716233645501911,16.700000000000003,23.333333333333332,0.0,29.7,1.4628738838327484,15.471428571428572,22.085714285714285,0.0,28.7,1.8246179789837644,15.42857142857143,21.535714285714285,0.0,0.8660254037844386,0.5000000000000001,11.100000000000001,619.1
2022-02-05,28.4,14.0,21.3,0.0,11.0,44,5,2,36,1,2022,28.3,17.2,22.5,30.8,17.0,23.7,31.2,15.9,23.8,27.5,12.0,18.8,31.0,15.8,22.8,27.5,14.7,20.8,29.166666666666668,1.4153915830375017,16.066666666666666,22.5,0.0,29.828571428571426,1.263215850800722,15.757142857142856,22.442857142857143,0.0,28.514285714285712,1.7006139809162868,15.3,21.428571428571427,0.0,0.8660254037844386,0.5000000000000001,14.399999999999999,484.0
2022-02-06,28.7,14.8,21.3,0.0,14.7,49,6,2,37,1,2022,28.4,14.0,21.3,28.3,17.2,22.5,30.8,17.0,23.7,28.9,12.3,20.4,28.8,16.6,22.5,27.6,16.9,21.7,28.46666666666667,0.2081665999467864,15.333333333333334,21.7,0.0,29.8,1.289702808143504,16.114285714285717,22.571428571428573,0.0,28.507142857142856,1.6995312863865206,15.171428571428573,21.342857142857138,0.0,0.8660254037844386,0.5000000000000001,13.899999999999999,720.3
2022-02-07,30.7,16.3,23.1,0.0,9.9,63,0,2,38,1,2022,28.7,14.8,21.3,28.4,14.0,21.3,28.3,17.2,22.5,30.2,16.6,22.4,26.6,16.0,20.7,27.6,18.0,22.0,29.266666666666666,1.2503332889007626,15.033333333333333,21.900000000000002,0.0,29.87142857142857,1.3288018233409342,16.071428571428573,22.67142857142857,0.0,28.800000000000004,1.698868401658549,15.192857142857145,21.514285714285712,0.0,0.8660254037844386,0.5000000000000001,14.399999999999999,623.7
2022-02-08,30.6,17.7,24.0,0.0,14.5,58,1,2,39,1,2022,30.7,16.3,23.1,28.7,14.8,21.3,28.4,14.0,21.3,31.0,17.3,23.0,26.9,14.9,20.2,28.7,18.0,22.5,30.0,1.1269427669584906,16.266666666666666,22.8,0.0,29.814285714285713,1.2798809468443324,16.12857142857143,22.814285714285713,0.0,29.064285714285713,1.668074496979242,15.392857142857142,21.785714285714285,0.0,0.8660254037844386,0.5000000000000001,12.900000000000002,841.0
2022-02-09,30.6,18.6,24.0,0.0,16.0,60,2,2,40,1,2022,30.6,17.7,24.0,30.7,16.3,23.1,28.7,14.8,21.3,31.2,15.9,23.8,27.3,15.0,20.8,26.5,18.2,21.4,30.633333333333336,0.0577350269193996,17.533333333333335,23.7,0.0,29.72857142857143,1.1884363476353546,16.514285714285716,22.842857142857145,0.0,29.3,1.6323649667324416,15.650000000000002,22.014285714285712,0.0,0.8660254037844386,0.5000000000000001,12.0,960.0
2022-02-10,30.1,17.7,23.6,0.0,12.4,59,3,2,41,1,2022,30.6,18.6,24.0,30.6,17.7,24.0,30.7,16.3,23.1,30.8,17.0,23.7,26.9,15.7,20.6,26.6,17.3,20.8,30.433333333333334,0.288675134594903,18.0,23.866666666666664,0.0,29.62857142857143,1.1101265479128326,16.614285714285714,22.82857142857143,0.0,29.52857142857143,1.4881214649703542,15.792857142857143,22.22857142857143,0.0,0.8660254037844386,0.5000000000000001,12.400000000000002,731.6
2022-02-11,29.3,18.8,23.6,0.0,14.2,57,4,2,42,1,2022,30.1,17.7,23.6,30.6,18.6,24.0,30.6,17.7,24.0,28.3,17.2,22.5,26.4,13.7,19.3,26.1,17.0,20.2,30.0,0.6557438524302425,18.366666666666664,23.733333333333334,0.0,29.77142857142857,0.9655987533032859,16.842857142857145,22.985714285714288,0.0,29.735714285714288,1.1913839030285833,16.157142857142855,22.535714285714285,0.0,0.8660254037844386,0.5000000000000001,10.5,809.4
2022-02-12,29.2,17.0,22.5,0.0,13.0,47,5,2,43,1,2022,29.3,18.8,23.6,30.1,17.7,23.6,30.6,18.6,24.0,28.4,14.0,21.3,27.5,12.0,18.8,24.1,18.1,20.2,29.53333333333333,0.4932882862316837,17.833333333333332,23.233333333333334,0.0,29.88571428571429,0.8112306935114961,17.271428571428572,23.157142857142862,0.0,29.857142857142858,1.0203425410610478,16.514285714285712,22.8,0.0,0.8660254037844386,0.5000000000000001,12.2,611.0
2022-02-13,28.9,15.2,21.6,0.0,12.8,45,6,2,44,1,2022,29.2,17.0,22.5,29.3,18.8,23.6,30.1,17.7,23.6,28.7,14.8,21.3,28.9,12.3,20.4,27.3,18.3,21.5,29.133333333333336,0.20816659994675307,17.0,22.566666666666666,0.0,29.914285714285715,0.7646972634721594,17.32857142857143,23.2,0.0,29.857142857142858,1.0203425410610478,16.72142857142857,22.885714285714283,0.0,0.8660254037844386,0.5000000000000001,13.7,576.0
2022-02-14,29.6,15.3,22.1,0.0,11.5,55,0,2,45,1,2022,28.9,15.2,21.6,29.2,17.0,22.5,29.3,18.8,23.6,30.7,16.3,23.1,30.2,16.6,22.4,25.2,16.8,20.4,29.233333333333334,0.35118845842850954,15.833333333333334,22.066666666666666,0.0,29.75714285714286,0.6852180744286572,17.185714285714287,23.057142857142857,0.0,29.814285714285713,1.0174305063073599,16.62857142857143,22.864285714285717,0.0,0.8660254037844386,0.5000000000000001,14.3,632.5
2022-02-15,30.1,17.2,23.4,0.0,14.9,59,1,2,46,1,2022,29.6,15.3,22.1,28.9,15.2,21.6,29.2,17.0,22.5,30.6,17.7,24.0,31.0,17.3,23.0,26.5,16.8,20.6,29.53333333333333,0.6027713773342227,15.9,22.366666666666664,0.0,29.685714285714287,0.6039552175135278,17.114285714285714,22.97142857142857,0.0,29.75,0.9637666490630241,16.621428571428574,22.892857142857142,0.0,0.8660254037844386,0.5000000000000001,12.900000000000002,879.1
2022-02-16,30.1,18.0,23.8,0.0,12.1,59,2,2,47,1,2022,30.1,17.2,23.4,29.6,15.3,22.1,28.9,15.2,21.6,30.6,18.6,24.0,31.2,15.9,23.8,24.9,15.8,20.2,29.933333333333337,0.2886751345949228,16.833333333333332,23.099999999999998,0.0,29.61428571428571,0.49809159608966225,17.02857142857143,22.942857142857147,0.0,29.671428571428574,0.8774338208036706,16.771428571428572,22.892857142857142,0.0,0.8660254037844386,0.5000000000000001,12.100000000000001,713.9
2022-02-17,30.7,18.6,24.5,0.0,16.6,48,3,2,48,1,2022,30.1,18.0,23.8,30.1,17.2,23.4,29.6,15.3,22.1,30.1,17.7,23.6,30.8,17.0,23.7,27.0,16.6,20.9,30.3,0.3464101615138662,17.933333333333334,23.900000000000002,0.0,29.7,0.6298147875896325,17.157142857142855,23.071428571428573,0.0,29.664285714285715,0.8678950156797629,16.885714285714286,22.95,0.0,0.8660254037844386,0.5000000000000001,12.099999999999998,796.8000000000001
2022-02-18,30.6,19.0,24.3,0.0,14.7,53,4,2,49,1,2022,30.7,18.6,24.5,30.1,18.0,23.8,30.1,17.2,23.4,29.3,18.8,23.6,28.3,17.2,22.5,27.6,14.7,21.3,30.46666666666667,0.32145502536653103,18.53333333333333,24.2,0.0,29.88571428571429,0.6817344825970082,17.185714285714287,23.17142857142857,0.0,29.82857142857143,0.8052028616141796,17.014285714285712,23.07857142857143,0.0,0.8660254037844386,0.5000000000000001,11.600000000000001,779.0999999999999
2022-02-19,31.4,17.4,24.4,0.0,13.0,44,5,2,50,1,2022,30.6,19.0,24.3,30.7,18.6,24.5,30.1,18.0,23.8,29.2,17.0,22.5,28.4,14.0,21.3,29.3,14.9,21.7,30.899999999999995,0.4358898943541421,18.333333333333332,24.400000000000002,0.0,30.2,0.8082903768654158,17.242857142857144,23.442857142857143,0.0,30.042857142857144,0.7949013346750298,17.257142857142856,23.3,0.0,0.8660254037844386,0.5000000000000001,14.0,572.0
2022-02-20,32.4,19.2,25.3,0.0,17.2,42,6,2,51,1,2022,31.4,17.4,24.4,30.6,19.0,24.3,30.7,18.6,24.5,28.9,15.2,21.6,28.7,14.8,21.3,29.9,15.4,22.1,31.46666666666667,0.9018499505646148,18.533333333333335,24.666666666666668,0.0,30.699999999999996,0.9416297927883143,17.814285714285713,23.97142857142857,0.0,30.307142857142857,0.9194181150758772,17.571428571428573,23.585714285714285,0.0,0.8660254037844386,0.5000000000000001,13.2,722.4
2022-02-21,32.5,18.1,24.9,0.0,12.0,43,0,2,52,1,2022,32.4,19.2,25.3,31.4,17.4,24.4,30.6,19.0,24.3,29.6,15.3,22.1,30.7,16.3,23.1,31.0,15.8,22.8,32.1,0.6082762530298778,18.23333333333333,24.866666666666664,0.0,31.114285714285717,1.0123052428797352,18.214285714285715,24.37142857142857,0.0,30.435714285714283,1.0888293946020464,17.7,23.714285714285715,0.0,0.8660254037844386,0.5000000000000001,14.399999999999999,516.0
2022-02-22,32.8,17.6,25.1,0.0,11.8,42,1,2,53,1,2022,32.5,18.1,24.9,32.4,19.2,25.3,31.4,17.4,24.4,30.1,17.2,23.4,30.6,17.7,24.0,28.8,16.6,22.5,32.56666666666667,0.20816659994676484,18.3,25.099999999999998,0.0,31.5,1.0739335795724165,18.271428571428572,24.614285714285717,0.0,30.592857142857145,1.2597095426597908,17.692857142857143,23.792857142857144,0.0,0.8660254037844386,0.5000000000000001,15.199999999999996,495.6
2022-02-23,32.0,18.2,24.3,0.0,13.3,57,2,2,54,1,2022,32.8,17.6,25.1,32.5,18.1,24.9,32.4,19.2,25.3,30.1,18.0,23.8,30.6,18.6,24.0,26.6,16.0,20.7,32.43333333333333,0.4041451884328177,17.96666666666667,24.76666666666667,0.0,31.771428571428572,0.8845230083953957,18.3,24.685714285714283,0.0,30.692857142857143,1.3146887819581488,17.664285714285715,23.814285714285717,0.0,0.8660254037844386,0.5000000000000001,13.8,758.1
2022-02-24,33.0,18.6,25.1,0.0,13.9,47,3,2,55,1,2022,32.0,18.2,24.3,32.8,17.6,25.1,32.5,18.1,24.9,30.7,18.6,24.5,30.1,17.7,23.6,26.9,14.9,20.2,32.6,0.5291502622129778,18.133333333333336,24.833333333333332,0.0,32.1,0.8465616732799511,18.3,24.77142857142857,0.0,30.900000000000002,1.4368769552802327,17.728571428571428,23.92142857142857,0.0,0.8660254037844386,0.5000000000000001,14.399999999999999,653.3000000000001
2022-02-25,33.5,18.3,25.4,0.0,15.5,39,4,2,56,1,2022,33.0,18.6,25.1,32.0,18.2,24.3,32.8,17.6,25.1,30.6,19.0,24.3,29.3,18.8,23.6,27.3,15.0,20.8,32.833333333333336,0.7637626158260146,18.366666666666667,24.933333333333337,0.0,32.51428571428571,0.6841748592977644,18.2,24.928571428571427,0.0,31.2,1.5135287347021982,17.692857142857143,24.050000000000004,0.0,0.8660254037844386,0.5000000000000001,15.2,604.5
2022-02-26,32.0,17.7,24.3,0.0,18.8,42,5,2,57,1,2022,33.5,18.3,25.4,33.0,18.6,25.1,32.0,18.2,24.3,31.4,17.4,24.4,29.2,17.0,22.5,26.9,15.7,20.6,32.833333333333336,0.7637626158260146,18.200000000000003,24.933333333333334,0.0,32.6,0.5446711546121592,18.242857142857144,24.914285714285715,0.0,31.400000000000002,1.410400924996426,17.74285714285714,24.178571428571427,0.0,0.8660254037844386,0.5000000000000001,14.3,789.6
2022-02-27,32.2,18.4,24.8,0.0,15.8,43,6,2,58,1,2022,32.0,17.7,24.3,33.5,18.3,25.4,33.0,18.6,25.1,32.4,19.2,25.3,28.9,15.2,21.6,26.4,13.7,19.3,32.56666666666667,0.8144527815247463,18.13333333333333,24.833333333333332,0.0,32.57142857142857,0.5618845839798072,18.128571428571426,24.842857142857138,0.0,31.635714285714283,1.2238697409680273,17.97142857142857,24.407142857142855,0.0,0.8660254037844386,0.5000000000000001,13.800000000000004,679.4
2022-02-28,32.8,17.8,25.2,0.0,15.8,33,0,2,59,1,2022,32.2,18.4,24.8,32.0,17.7,24.3,33.5,18.3,25.4,32.5,18.1,24.9,29.6,15.3,22.1,27.5,12.0,18.8,32.333333333333336,0.41633319989330425,17.966666666666665,24.766666666666666,0.0,32.614285714285714,0.566946709513731,18.085714285714285,24.88571428571429,0.0,31.864285714285717,1.1077400020257073,18.150000000000002,24.628571428571426,0.0,0.8660254037844386,0.5000000000000001,14.999999999999996,521.4
2022-03-01,33.4,18.4,26.1,0.0,13.1,30,1,3,60,1,2022,32.8,17.8,25.2,32.2,18.4,24.8,32.0,17.7,24.3,32.8,17.6,25.1,30.1,17.2,23.4,28.9,12.3,20.4,32.800000000000004,0.6000000000000536,18.2,25.36666666666667,0.0,32.7,0.6403124237431882,18.2,25.02857142857143,0.0,32.1,1.0532002512489116,18.235714285714288,24.821428571428573,0.0,1.0,6.123233995736766e-17,15.0,393.0
2022-03-02,33.3,18.4,25.9,0.0,14.1,34,2,3,61,1,2022,33.4,18.4,26.1,32.8,17.8,25.2,32.2,18.4,24.8,32.0,18.2,24.3,30.1,18.0,23.8,30.2,16.6,22.4,33.166666666666664,0.3214550253665401,18.2,25.733333333333334,0.0,32.885714285714286,0.5899959644735849,18.228571428571428,25.25714285714286,0.0,32.32857142857143,0.9252264350114283,18.264285714285712,24.971428571428568,0.0,1.0,6.123233995736766e-17,14.899999999999999,479.4
2022-03-03,33.0,19.2,26.0,0.0,15.8,33,3,3,62,1,2022,33.3,18.4,25.9,33.4,18.4,26.1,32.8,17.8,25.2,33.0,18.6,25.1,30.7,18.6,24.5,31.0,17.3,23.0,33.23333333333333,0.20816659994677722,18.666666666666668,26.0,0.0,32.885714285714286,0.5899959644735849,18.314285714285713,25.385714285714283,0.0,32.49285714285714,0.810948434018688,18.307142857142857,25.078571428571426,0.0,1.0,6.123233995736766e-17,13.8,521.4
2022-03-04,33.5,19.3,26.2,0.0,14.5,36,4,3,63,1,2022,33.0,19.2,26.0,33.3,18.4,25.9,33.4,18.4,26.1,33.5,18.3,25.4,30.6,19.0,24.3,31.2,15.9,23.8,33.26666666666666,0.2516611478424964,18.966666666666665,26.03333333333333,0.0,32.885714285714286,0.5899959644735849,18.457142857142856,25.5,0.0,32.699999999999996,0.6433087546786166,18.32857142857143,25.214285714285715,0.0,1.0,6.123233995736766e-17,14.2,522.0
2022-03-05,34.1,19.6,26.3,0.0,13.0,37,5,3,64,1,2022,33.5,19.3,26.2,33.0,19.2,26.0,33.3,18.4,25.9,32.0,17.7,24.3,31.4,17.4,24.4,30.8,17.0,23.7,33.53333333333334,0.550757054728681,19.366666666666667,26.166666666666668,0.0,33.18571428571429,0.5984105932343792,18.728571428571428,25.785714285714285,0.0,32.892857142857146,0.6281404616488551,18.485714285714288,25.349999999999998,0.0,1.0,6.123233995736766e-17,14.5,481.0
2022-03-06,33.1,19.4,25.7,0.0,17.0,44,6,3,65,1,2022,34.1,19.6,26.3,33.5,19.3,26.2,33.0,19.2,26.0,32.2,18.4,24.8,32.4,19.2,25.3,28.3,17.2,22.5,33.56666666666666,0.5033222956847937,19.433333333333334,26.066666666666663,0.0,33.31428571428572,0.4220133150685243,18.87142857142857,25.91428571428571,0.0,32.94285714285714,0.6135825262208118,18.5,25.37857142857143,0.0,1.0,6.123233995736766e-17,13.700000000000003,748.0
2022-03-07,33.1,18.9,25.9,0.0,14.0,45,0,3,66,1,2022,33.1,19.4,25.7,34.1,19.6,26.3,33.5,19.3,26.2,32.8,17.8,25.2,32.5,18.1,24.9,28.4,14.0,21.3,33.43333333333333,0.5773502691896883,19.3,25.96666666666667,0.0,33.357142857142854,0.3735288603624861,19.02857142857143,26.014285714285712,0.0,32.98571428571429,0.6010978966180777,18.557142857142853,25.45,0.0,1.0,6.123233995736766e-17,14.200000000000003,630.0
2022-03-08,33.7,20.4,26.8,0.0,11.3,40,1,3,67,1,2022,33.1,18.9,25.9,33.1,19.4,25.7,34.1,19.6,26.3,33.4,18.4,26.1,32.8,17.6,25.1,28.7,14.8,21.3,33.300000000000004,0.34641016151377524,19.566666666666666,26.133333333333336,0.0,33.4,0.3958114029011242,19.314285714285713,26.114285714285717,0.0,33.05,0.6272651261321115,18.757142857142856,25.571428571428573,0.0,1.0,6.123233995736766e-17,13.300000000000004,452.0
2022-03-09,34.5,20.7,27.6,0.0,12.5,34,2,3,68,1,2022,33.7,20.4,26.8,33.1,18.9,25.9,33.1,19.4,25.7,33.3,18.4,25.9,32.0,18.2,24.3,30.7,16.3,23.1,33.76666666666667,0.7023769168568447,20.0,26.766666666666666,0.0,33.57142857142857,0.5677860093211571,19.642857142857142,26.357142857142858,0.0,33.22857142857143,0.6603362446844417,18.935714285714287,25.807142857142853,0.0,1.0,6.123233995736766e-17,13.8,425.0
2022-03-10,33.8,20.3,27.2,0.0,9.8,35,3,3,69,1,2022,34.5,20.7,27.6,33.7,20.4,26.8,33.1,18.9,25.9,33.0,19.2,26.0,33.0,18.6,25.1,30.6,17.7,24.0,34.0,0.4358898943540575,20.466666666666665,27.2,0.0,33.68571428571429,0.5113008619477053,19.8,26.52857142857143,0.0,33.285714285714285,0.6735179089128724,19.057142857142857,25.95714285714286,0.0,1.0,6.123233995736766e-17,13.499999999999996,343.0
2022-03-11,34.2,21.6,27.7,0.0,11.6,38,4,3,70,1,2022,33.8,20.3,27.2,34.5,20.7,27.6,33.7,20.4,26.8,33.5,19.3,26.2,33.5,18.3,25.4,30.6,18.6,24.0,34.166666666666664,0.3511884584284103,20.866666666666667,27.5,0.0,33.785714285714285,0.5367450401215978,20.128571428571426,26.742857142857144,0.0,33.33571428571428,0.7153343950232591,19.292857142857144,26.12142857142857,0.0,1.0,6.123233995736766e-17,12.600000000000001,440.8
2022-03-12,33.8,22.4,27.7,0.0,10.2,40,5,3,71,1,2022,34.2,21.6,27.7,33.8,20.3,27.2,34.5,20.7,27.6,34.1,19.6,26.3,32.0,17.7,24.3,30.1,17.7,23.6,33.93333333333333,0.23094010767583648,21.433333333333337,27.53333333333333,0.0,33.74285714285714,0.5191568255582372,20.52857142857143,26.942857142857143,0.0,33.464285714285715,0.6109351506025457,19.62857142857143,26.364285714285717,0.0,1.0,6.123233995736766e-17,11.399999999999999,408.0
2022-03-13,34.8,20.7,27.7,0.0,15.0,36,6,3,72,1,2022,33.8,22.4,27.7,34.2,21.6,27.7,33.8,20.3,27.2,33.1,19.4,25.7,32.2,18.4,24.8,29.3,18.8,23.6,34.266666666666666,0.5033222956847028,21.566666666666666,27.7,0.0,33.98571428571428,0.5639993245520248,20.714285714285715,27.228571428571428,0.0,33.65,0.5919329483857231,19.79285714285714,26.571428571428573,0.0,1.0,6.123233995736766e-17,14.099999999999998,540.0
2022-03-14,35.3,20.4,27.2,0.0,12.6,28,0,3,73,1,2022,34.8,20.7,27.7,33.8,22.4,27.7,34.2,21.6,27.7,33.1,18.9,25.9,32.8,17.8,25.2,29.2,17.0,22.5,34.63333333333333,0.7637626158259577,21.166666666666668,27.53333333333333,0.0,34.3,0.5999999999999253,20.928571428571427,27.414285714285715,0.0,33.82857142857143,0.6854853097551481,19.978571428571428,26.714285714285715,0.0,1.0,6.123233995736766e-17,14.899999999999999,352.8
2022-03-15,36.3,17.9,27.8,0.0,13.9,26,1,3,74,1,2022,35.3,20.4,27.2,34.8,20.7,27.7,33.8,22.4,27.7,33.7,20.4,26.8,33.4,18.4,26.1,28.9,15.2,21.6,35.46666666666666,0.7637626158259413,19.666666666666668,27.566666666666666,0.0,34.67142857142857,0.897615889851668,20.571428571428573,27.557142857142853,0.0,34.035714285714285,0.9377609526929603,19.942857142857143,26.835714285714285,0.0,1.0,6.123233995736766e-17,18.4,361.40000000000003
2022-03-16,37.3,19.8,28.5,0.0,14.1,29,2,3,75,1,2022,36.3,17.9,27.8,35.3,20.4,27.2,34.8,20.7,27.7,34.5,20.7,27.6,33.3,18.4,25.9,29.6,15.3,22.1,36.3,0.999999999999964,19.366666666666664,27.833333333333332,0.0,35.07142857142857,1.3288018233409404,20.442857142857143,27.685714285714283,0.0,34.32142857142857,1.252799063898717,20.042857142857144,27.021428571428572,0.0,1.0,6.123233995736766e-17,17.499999999999996,408.9
2022-03-17,38.4,20.9,29.1,0.0,15.1,27,3,3,76,1,2022,37.3,19.8,28.5,36.3,17.9,27.8,35.3,20.4,27.2,33.8,20.3,27.2,33.0,19.2,26.0,30.1,17.2,23.4,37.333333333333336,1.0503967504392013,19.533333333333335,28.46666666666667,0.0,35.72857142857143,1.6849473638804122,20.52857142857143,27.95714285714286,0.0,34.707142857142856,1.59829923342297,20.164285714285715,27.242857142857144,0.0,1.0,6.123233995736766e-17,17.5,407.7
2022-03-18,37.9,22.7,29.8,0.0,12.0,27,4,3,77,1,2022,38.4,20.9,29.1,37.3,19.8,28.5,36.3,17.9,27.8,34.2,21.6,27.7,33.5,19.3,26.2,30.1,18.0,23.8,37.86666666666667,0.5507570547285019,21.133333333333336,29.133333333333336,0.0,36.25714285714285,1.7057326313123504,20.685714285714283,28.257142857142856,0.0,35.02142857142857,1.7664299378335797,20.407142857142855,27.5,0.0,1.0,6.123233995736766e-17,15.2,324.0
2022-03-19,35.4,21.5,29.1,0.0,13.6,40,5,3,78,1,2022,37.9,22.7,29.8,38.4,20.9,29.1,37.3,19.8,28.5,33.8,22.4,27.7,34.1,19.6,26.3,30.7,18.6,24.5,37.23333333333333,1.6072751268321273,21.7,29.333333333333332,0.0,36.48571428571428,1.4016996485559432,20.557142857142853,28.457142857142856,0.0,35.114285714285714,1.7483430146007726,20.54285714285714,27.7,0.0,1.0,6.123233995736766e-17,13.899999999999999,544.0
2022-03-20,34.6,20.3,28.3,1.6,23.7,47,6,3,79,1,2022,35.4,21.5,29.1,37.9,22.7,29.8,38.4,20.9,29.1,34.8,20.7,27.7,33.1,19.4,25.7,30.6,19.0,24.3,35.96666666666666,1.7214335111566936,21.5,29.066666666666666,1.599999999999992,36.457142857142856,1.443210706327073,20.5,28.542857142857144,1.6,35.221428571428575,1.6590908406661886,20.607142857142858,27.885714285714283,1.6,1.0,6.123233995736766e-17,14.3,1113.8999999999999
2022-03-21,36.5,23.6,29.9,0.0,18.2,41,0,3,80,1,2022,34.6,20.3,28.3,35.4,21.5,29.1,37.9,22.7,29.8,35.3,20.4,27.2,33.1,18.9,25.9,31.4,17.4,24.4,35.5,0.953939201416918,21.8,29.099999999999998,1.599999999999992,36.628571428571426,1.3511899517515047,20.957142857142856,28.928571428571427,1.6,35.464285714285715,1.5711862950097302,20.942857142857147,28.17142857142857,1.6,1.0,6.123233995736766e-17,12.899999999999999,746.1999999999999
2022-03-22,36.1,23.0,29.3,0.0,14.9,43,1,3,81,1,2022,36.5,23.6,29.9,34.6,20.3,28.3,35.4,21.5,29.1,36.3,17.9,27.8,33.7,20.4,26.8,32.4,19.2,25.3,35.73333333333333,1.0016652800877526,22.3,29.166666666666668,1.599999999999992,36.6,1.3613718571107898,21.685714285714283,29.142857142857142,1.6,35.635714285714286,1.4928584573315746,21.12857142857143,28.349999999999998,1.6,1.0,6.123233995736766e-17,13.100000000000001,640.7
2022-03-23,36.9,22.7,29.6,0.0,13.2,36,2,3,82,1,2022,36.1,23.0,29.3,36.5,23.6,29.9,34.6,20.3,28.3,37.3,19.8,28.5,34.5,20.7,27.6,32.5,18.1,24.9,36.5,0.3999999999999075,23.099999999999998,29.600000000000005,0.0,36.542857142857144,1.3352367366340285,22.1,29.300000000000004,1.6,35.80714285714286,1.4902061218886216,21.271428571428572,28.492857142857144,1.6,1.0,6.123233995736766e-17,14.2,475.2
2022-03-24,35.8,21.9,29.3,0.0,14.5,45,3,3,83,1,2022,36.9,22.7,29.6,36.1,23.0,29.3,36.5,23.6,29.9,38.4,20.9,29.1,33.8,20.3,27.2,32.8,17.6,25.1,36.266666666666666,0.5686240703076738,22.53333333333333,29.400000000000002,0.0,36.17142857142857,1.0672617387724355,22.24285714285714,29.328571428571426,1.6,35.949999999999996,1.3743529946291808,21.385714285714283,28.642857142857142,1.6,1.0,6.123233995736766e-17,13.899999999999999,652.5
2022-03-25,36.9,21.9,29.5,0.0,15.9,48,4,3,84,1,2022,35.8,21.9,29.3,36.9,22.7,29.6,36.1,23.0,29.3,37.9,22.7,29.8,34.2,21.6,27.7,32.0,18.2,24.3,36.53333333333333,0.6350852961085318,22.166666666666668,29.46666666666667,0.0,36.02857142857143,0.840068024456488,22.12857142857143,29.285714285714285,1.6,36.142857142857146,1.297165125432152,21.407142857142855,28.771428571428572,1.6,1.0,6.123233995736766e-17,15.0,763.2
2022-03-26,36.9,22.9,29.9,0.0,20.6,50,5,3,85,1,2022,36.9,21.9,29.5,35.8,21.9,29.3,36.9,22.7,29.6,35.4,21.5,29.1,33.8,22.4,27.7,33.0,18.6,25.1,36.53333333333333,0.6350852961085318,22.23333333333333,29.566666666666666,0.0,36.24285714285714,0.8443086774735211,22.32857142857143,29.4,1.6,36.364285714285714,1.1187954668764746,21.442857142857143,28.928571428571427,1.6,1.0,6.123233995736766e-17,14.0,1030.0
2022-03-27,37.8,22.7,30.3,0.0,14.7,45,6,3,86,1,2022,36.9,22.9,29.9,36.9,21.9,29.5,35.8,21.9,29.3,34.6,20.3,28.3,34.8,20.7,27.7,33.5,18.3,25.4,37.199999999999996,0.5196152422706635,22.5,29.900000000000002,0.0,36.699999999999996,0.6506407098647371,22.67142857142857,29.685714285714287,0.0,36.57857142857142,1.0828584476202212,21.585714285714285,29.114285714285717,1.6,1.0,6.123233995736766e-17,15.099999999999998,661.5
2022-03-28,38.3,23.6,30.3,0.0,11.1,42,0,3,87,1,2022,37.8,22.7,30.3,36.9,22.9,29.9,36.9,21.9,29.5,36.5,23.6,29.9,35.3,20.4,27.2,32.0,17.7,24.3,37.666666666666664,0.7094598884597603,23.066666666666663,30.166666666666668,0.0,36.957142857142856,0.8753230696094081,22.67142857142857,29.74285714285714,0.0,36.792857142857144,1.1069461009144632,21.814285714285717,29.33571428571429,1.6,1.0,6.123233995736766e-17,14.699999999999996,466.2
2022-03-29,38.4,23.4,30.4,0.0,11.7,34,1,3,88,1,2022,38.3,23.6,30.3,37.8,22.7,30.3,36.9,22.9,29.9,36.1,23.0,29.3,36.3,17.9,27.8,32.2,18.4,24.8,38.166666666666664,0.32145502536643744,23.233333333333334,30.333333333333332,0.0,37.285714285714285,0.9299257522844888,22.728571428571428,29.9,0.0,36.94285714285714,1.175201642740073,22.207142857142856,29.521428571428572,1.6,1.0,6.123233995736766e-17,15.0,397.79999999999995
2022-03-30,38.4,22.6,30.5,0.0,11.5,34,2,3,89,1,2022,38.4,23.4,30.4,38.3,23.6,30.3,37.8,22.7,30.3,36.9,22.7,29.6,37.3,19.8,28.5,32.8,17.8,25.2,38.36666666666667,0.057735026918998955,23.2,30.400000000000002,0.0,37.5,0.9966610925150553,22.714285714285715,30.02857142857143,0.0,37.021428571428565,1.2361096363054125,22.407142857142855,29.664285714285715,1.6,1.0,6.123233995736766e-17,15.799999999999997,391.0
2022-03-31,38.7,22.7,30.7,0.0,12.3,35,3,3,90,1,2022,38.4,22.6,30.5,38.4,23.4,30.4,38.3,23.6,30.3,35.8,21.9,29.3,38.4,20.9,29.1,33.4,18.4,26.1,38.5,0.17320508075690855,22.900000000000002,30.53333333333333,0.0,37.91428571428571,0.7425823667638145,22.82857142857143,30.22857142857143,0.0,37.042857142857144,1.2641289404257958,22.535714285714285,29.77857142857143,1.6,1.0,6.123233995736766e-17,16.000000000000004,430.5
2022-04-01,38.0,22.9,30.4,0.0,17.7,45,4,4,91,2,2022,38.7,22.7,30.7,38.4,22.6,30.5,38.4,23.4,30.4,36.9,21.9,29.5,37.9,22.7,29.8,33.3,18.4,25.9,38.36666666666667,0.3511884584284309,22.733333333333334,30.53333333333333,0.0,38.07142857142857,0.593616839704647,22.97142857142857,30.357142857142858,0.0,37.05,1.2696153263580052,22.55,29.821428571428573,1.6,0.8660254037844387,-0.4999999999999998,15.100000000000001,796.5
2022-04-02,37.1,23.4,30.4,0.0,13.3,51,5,4,92,2,2022,38.0,22.9,30.4,38.7,22.7,30.7,38.4,22.6,30.5,36.9,22.9,29.9,35.4,21.5,29.1,33.0,19.2,26.0,37.93333333333334,0.8020806277010631,23.0,30.5,0.0,38.1,0.5291502622128995,23.04285714285714,30.428571428571427,0.0,37.17142857142857,1.1776303268909365,22.685714285714287,29.914285714285715,1.6,0.8660254037844387,-0.4999999999999998,13.700000000000003,678.3000000000001
2022-04-03,37.7,22.9,30.5,0.0,13.8,49,6,4,93,2,2022,37.1,23.4,30.4,38.0,22.9,30.4,38.7,22.7,30.7,37.8,22.7,30.3,34.6,20.3,28.3,33.5,19.3,26.2,37.6,0.4582575694955762,23.066666666666663,30.433333333333334,0.0,38.08571428571429,0.5398412465054434,23.071428571428573,30.457142857142856,0.0,37.392857142857146,0.9202543843243565,22.87142857142857,30.071428571428573,0.0,0.8660254037844387,-0.4999999999999998,14.800000000000004,676.2
2022-04-04,37.1,24.5,31.0,0.0,15.7,43,0,4,94,2,2022,37.7,22.9,30.5,37.1,23.4,30.4,38.0,22.9,30.4,38.3,23.6,30.3,36.5,23.6,29.9,34.1,19.6,26.3,37.300000000000004,0.34641016151376863,23.599999999999998,30.633333333333336,0.0,37.91428571428571,0.6414269805898015,23.199999999999996,30.557142857142857,0.0,37.43571428571429,0.8889121639199814,22.935714285714283,30.150000000000002,0.0,0.8660254037844387,-0.4999999999999998,12.600000000000001,675.1
2022-04-05,37.9,23.9,30.6,0.0,12.8,45,1,4,95,2,2022,37.1,24.5,31.0,37.7,22.9,30.5,37.1,23.4,30.4,38.4,23.4,30.4,36.1,23.0,29.3,33.1,19.4,25.7,37.56666666666667,0.41633319989321704,23.766666666666666,30.7,0.0,37.84285714285715,0.6051367417290525,23.271428571428572,30.585714285714285,0.0,37.56428571428571,0.8072814234846276,22.999999999999996,30.242857142857144,0.0,0.8660254037844387,-0.4999999999999998,14.0,576.0
2022-04-06,37.4,23.0,30.5,0.0,13.1,43,2,4,96,2,2022,37.9,23.9,30.6,37.1,24.5,31.0,37.7,22.9,30.5,38.4,22.6,30.5,36.9,22.7,29.6,33.1,18.9,25.9,37.46666666666666,0.4041451884327283,23.8,30.7,0.0,37.699999999999996,0.5686240703077136,23.32857142857143,30.585714285714285,0.0,37.6,0.7864232565620174,23.02142857142857,30.307142857142857,0.0,0.8660254037844387,-0.4999999999999998,14.399999999999999,563.3
2022-04-07,37.1,23.9,30.5,0.0,15.2,42,3,4,97,2,2022,37.4,23.0,30.5,37.9,23.9,30.6,37.1,24.5,31.0,38.7,22.7,30.7,35.8,21.9,29.3,33.7,20.4,26.8,37.46666666666667,0.4041451884327283,23.599999999999998,30.53333333333333,0.0,37.471428571428575,0.39460649476949156,23.5,30.557142857142853,0.0,37.69285714285714,0.615772542564131,23.164285714285715,30.392857142857142,0.0,0.8660254037844387,-0.4999999999999998,13.200000000000003,638.4
2022-04-08,38.0,23.9,30.9,0.0,14.5,40,4,4,98,2,2022,37.1,23.9,30.5,37.4,23.0,30.5,37.9,23.9,30.6,38.0,22.9,30.4,36.9,21.9,29.5,34.5,20.7,27.6,37.5,0.45825756949557694,23.599999999999998,30.633333333333336,0.0,37.471428571428575,0.39460649476949156,23.64285714285714,30.62857142857143,0.0,37.771428571428565,0.5756983337032004,23.307142857142853,30.49285714285714,0.0,0.8660254037844387,-0.4999999999999998,14.100000000000001,580.0
2022-04-09,37.4,23.3,30.3,0.0,12.0,44,5,4,99,2,2022,38.0,23.9,30.9,37.1,23.9,30.5,37.4,23.0,30.5,37.1,23.4,30.4,36.9,22.9,29.9,33.8,20.3,27.2,37.5,0.45825756949557694,23.7,30.566666666666666,0.0,37.51428571428572,0.36253078686995727,23.62857142857143,30.614285714285717,0.0,37.80714285714286,0.5312746439016427,23.335714285714285,30.521428571428572,0.0,0.8660254037844387,-0.4999999999999998,14.099999999999998,528.0
2022-04-10,37.4,23.8,30.5,0.0,14.1,45,6,4,100,2,2022,37.4,23.3,30.3,38.0,23.9,30.9,37.1,23.9,30.5,37.7,22.9,30.5,37.8,22.7,30.3,34.2,21.6,27.7,37.6,0.3464101615137676,23.666666666666668,30.566666666666666,0.0,37.471428571428575,0.35456210417113826,23.75714285714286,30.614285714285717,0.0,37.778571428571425,0.5423291243524997,23.414285714285715,30.535714285714285,0.0,0.8660254037844387,-0.4999999999999998,13.599999999999998,634.5
2022-04-11,38.1,24.2,30.5,0.0,16.7,43,0,4,101,2,2022,37.4,23.8,30.5,37.4,23.3,30.3,38.0,23.9,30.9,37.1,24.5,31.0,38.3,23.6,30.3,33.8,22.4,27.7,37.63333333333333,0.40414518843273967,23.766666666666666,30.433333333333334,0.0,37.61428571428571,0.3804758924845081,23.714285714285715,30.542857142857144,0.0,37.76428571428572,0.5300321366994043,23.457142857142856,30.55,0.0,0.8660254037844387,-0.4999999999999998,13.900000000000002,718.1
2022-04-12,38.9,23.5,31.1,0.0,17.1,39,1,4,102,2,2022,38.1,24.2,30.5,37.4,23.8,30.5,37.4,23.3,30.3,37.9,23.9,30.6,38.4,23.4,30.4,34.8,20.7,27.7,38.13333333333333,0.7505553499465134,23.833333333333332,30.700000000000003,0.0,37.75714285714286,0.618754509363057,23.657142857142855,30.614285714285717,0.0,37.800000000000004,0.5896543968227304,23.464285714285715,30.599999999999998,0.0,0.8660254037844387,-0.4999999999999998,15.399999999999999,666.9000000000001
2022-04-13,38.1,23.6,30.7,0.0,16.1,38,2,4,103,2,2022,38.9,23.5,31.1,38.1,24.2,30.5,37.4,23.8,30.5,37.4,23.0,30.5,38.4,22.6,30.5,35.3,20.4,27.2,38.36666666666667,0.461880215351699,23.76666666666667,30.76666666666667,0.0,37.857142857142854,0.6078847008469466,23.74285714285714,30.642857142857142,0.0,37.77857142857143,0.5713392787378107,23.535714285714285,30.614285714285717,0.0,0.8660254037844387,-0.4999999999999998,14.5,611.8000000000001
2022-04-14,38.8,23.7,31.2,0.0,13.6,43,3,4,104,2,2022,38.1,23.6,30.7,38.9,23.5,31.1,38.1,24.2,30.5,37.1,23.9,30.5,38.7,22.7,30.7,36.3,17.9,27.8,38.6,0.435889894354065,23.599999999999998,31.0,0.0,38.1,0.594418483337537,23.714285714285715,30.742857142857144,0.0,37.785714285714285,0.5842248551018269,23.607142857142858,30.650000000000002,0.0,0.8660254037844387,-0.4999999999999998,15.099999999999998,584.8
2022-04-15,38.0,25.2,30.5,2.7,27.7,47,4,4,105,2,2022,38.8,23.7,31.2,38.1,23.6,30.7,38.9,23.5,31.1,38.0,23.9,30.9,38.0,22.9,30.4,37.3,19.8,28.5,38.300000000000004,0.43588989435406805,24.166666666666668,30.799999999999997,2.699999999999992,38.1,0.594418483337537,23.900000000000002,30.685714285714287,2.7,37.785714285714285,0.5842248551018269,23.771428571428572,30.657142857142855,2.7,0.8660254037844387,-0.4999999999999998,12.8,1301.8999999999999
2022-04-16,37.6,26.3,31.2,0.0,17.4,39,5,4,106,2,2022,38.0,25.2,30.5,38.8,23.7,31.2,38.1,23.6,30.7,37.4,23.3,30.3,37.1,23.4,30.4,38.4,20.9,29.1,38.13333333333333,0.6110100926607811,25.066666666666666,30.96666666666667,2.699999999999992,38.128571428571426,0.5589105048045838,24.32857142857143,30.814285714285713,2.7,37.82142857142857,0.5535599077142788,23.978571428571428,30.714285714285715,2.7,0.8660254037844387,-0.4999999999999998,11.3,678.5999999999999
2022-04-17,37.6,25.4,30.3,0.0,21.8,43,6,4,107,2,2022,37.6,26.3,31.2,38.0,25.2,30.5,38.8,23.7,31.2,37.4,23.8,30.5,37.7,22.9,30.5,37.9,22.7,29.8,37.733333333333334,0.23094010767588005,25.63333333333333,30.666666666666668,2.699999999999992,38.15714285714286,0.5191568255582997,24.557142857142853,30.785714285714285,2.7,37.81428571428571,0.5558875686782879,24.157142857142855,30.7,2.7,0.8660254037844387,-0.4999999999999998,12.200000000000003,937.4
2022-04-18,37.9,24.8,31.1,0.0,12.0,41,0,4,108,2,2022,37.6,25.4,30.3,37.6,26.3,31.2,38.0,25.2,30.5,38.1,24.2,30.5,37.1,24.5,31.0,35.4,21.5,29.1,37.699999999999996,0.1732050807569306,25.5,30.866666666666664,0.0,38.128571428571426,0.5282495802625702,24.642857142857142,30.87142857142857,2.7,37.871428571428574,0.5165396275342842,24.178571428571427,30.707142857142856,2.7,0.8660254037844387,-0.4999999999999998,13.099999999999998,492.0
2022-04-19,38.8,24.7,31.5,0.0,13.7,36,1,4,109,2,2022,37.9,24.8,31.1,37.6,25.4,30.3,37.6,26.3,31.2,38.9,23.5,31.1,37.9,23.9,30.6,34.6,20.3,28.3,38.1,0.6244997998398492,24.96666666666667,30.96666666666667,0.0,38.114285714285714,0.5047394424471575,24.814285714285713,30.928571428571427,2.7,37.93571428571429,0.5732594296009833,24.235714285714288,30.77142857142857,2.7,0.8660254037844387,-0.4999999999999998,14.099999999999998,493.2
2022-04-20,39.6,24.9,32.0,0.0,15.0,34,2,4,110,2,2022,38.8,24.7,31.5,37.9,24.8,31.1,37.6,25.4,30.3,38.1,23.6,30.7,37.4,23.0,30.5,36.5,23.6,29.9,38.766666666666666,0.8504900548115459,24.799999999999997,31.533333333333335,0.0,38.32857142857143,0.754352450150175,25.0,31.114285714285717,2.7,38.09285714285714,0.7021552378370846,24.371428571428574,30.878571428571426,2.7,0.8660254037844387,-0.4999999999999998,14.700000000000003,510.0
2022-04-21,36.6,24.4,30.8,0.6,11.8,46,3,4,111,2,2022,39.6,24.9,32.0,38.8,24.7,31.5,37.9,24.8,31.1,38.8,23.7,31.2,37.1,23.9,30.5,36.1,23.0,29.3,38.333333333333336,1.55349069303081,24.666666666666668,31.433333333333334,0.599999999999992,38.01428571428571,0.9564318610135674,25.099999999999998,31.057142857142853,3.3000000000000003,38.05714285714286,0.7663241789561526,24.407142857142855,30.9,3.3000000000000003,0.8660254037844387,-0.4999999999999998,12.200000000000003,542.8000000000001
2022-04-22,37.0,24.8,29.2,0.1,27.9,58,4,4,112,2,2022,36.6,24.4,30.8,39.6,24.9,32.0,38.8,24.7,31.5,38.0,25.2,30.5,38.0,23.9,30.9,36.9,22.7,29.6,37.73333333333333,1.6289055630494234,24.7,30.666666666666668,0.699999999999992,37.87142857142857,1.0307186582093735,25.042857142857144,30.87142857142857,0.7,37.98571428571428,0.8169899188316834,24.47142857142857,30.77857142857143,3.4000000000000004,0.8660254037844387,-0.4999999999999998,12.2,1618.1999999999998
2022-04-23,35.6,24.4,29.4,0.0,9.1,55,5,4,113,2,2022,37.0,24.8,29.2,36.6,24.4,30.8,39.6,24.9,32.0,37.6,26.3,31.2,37.4,23.3,30.3,35.8,21.9,29.3,36.4,0.7211102550928329,24.53333333333333,29.799999999999997,0.699999999999992,37.58571428571429,1.3471309902017319,24.77142857142857,30.614285714285717,0.7,37.857142857142854,1.0300965494063996,24.55,30.714285714285715,3.4000000000000004,0.8660254037844387,-0.4999999999999998,11.200000000000003,500.5
2022-04-24,35.3,24.3,30.0,0.1,15.9,44,6,4,114,2,2022,35.6,24.4,29.4,37.0,24.8,29.2,36.6,24.4,30.8,37.6,25.4,30.3,37.4,23.8,30.5,36.9,21.9,29.5,35.96666666666666,0.9073771725877812,24.5,29.53333333333333,0.19999999999999202,37.25714285714286,1.5998511835554656,24.614285714285717,30.571428571428573,0.8,37.707142857142856,1.234419381244185,24.585714285714285,30.678571428571427,3.5,0.8660254037844387,-0.4999999999999998,10.999999999999996,699.6
2022-04-25,38.1,25.5,31.3,0.0,13.0,41,0,4,115,2,2022,35.3,24.3,30.0,35.6,24.4,29.4,37.0,24.8,29.2,37.9,24.8,31.1,38.1,24.2,30.5,36.9,22.9,29.9,36.333333333333336,1.5373136743467117,24.733333333333334,30.23333333333333,0.09999999999999201,37.285714285714285,1.6149598255359954,24.714285714285715,30.599999999999998,0.8,37.707142857142856,1.234419381244185,24.678571428571427,30.735714285714288,3.5,0.8660254037844387,-0.4999999999999998,12.600000000000001,533.0
2022-04-26,37.0,24.5,30.7,0.0,11.3,44,1,4,116,2,2022,38.1,25.5,31.3,35.3,24.3,30.0,35.6,24.4,29.4,38.8,24.7,31.5,38.9,23.5,31.1,37.8,22.7,30.3,36.800000000000004,1.4106735979666027,24.766666666666666,30.666666666666668,0.09999999999999201,37.028571428571425,1.4705036390233726,24.685714285714287,30.485714285714288,0.8,37.57142857142857,1.1970660102797583,24.75,30.70714285714286,3.5,0.8660254037844387,-0.4999999999999998,12.5,497.20000000000005
2022-04-27,37.5,25.3,31.3,0.0,13.3,41,2,4,117,2,2022,37.0,24.5,30.7,38.1,25.5,31.3,35.3,24.3,30.0,39.6,24.9,32.0,38.1,23.6,30.7,38.3,23.6,30.3,37.53333333333333,0.5507570547286186,25.100000000000005,31.100000000000005,0.0,36.72857142857142,0.9961831921795294,24.74285714285714,30.385714285714283,0.8,37.528571428571425,1.1873879357186405,24.87142857142857,30.75,3.5,0.8660254037844387,-0.4999999999999998,12.2,545.3000000000001
2022-04-28,38.5,24.6,31.6,0.0,9.4,39,3,4,118,2,2022,37.5,25.3,31.3,37.0,24.5,30.7,38.1,25.5,31.3,36.6,24.4,30.8,38.8,23.7,31.2,38.4,23.4,30.4,37.666666666666664,0.7637626158259762,24.8,31.2,0.0,37.0,1.1944315244779404,24.771428571428572,30.5,0.2,37.50714285714286,1.165176966231923,24.935714285714283,30.77857142857143,3.5,0.8660254037844387,-0.4999999999999998,13.899999999999999,366.6
2022-04-29,39.2,24.5,31.6,0.0,13.8,38,4,4,119,2,2022,38.5,24.6,31.6,37.5,25.3,31.3,37.0,24.5,30.7,37.0,24.8,29.2,38.0,25.2,30.5,38.4,22.6,30.5,38.400000000000006,0.8544003745317432,24.8,31.5,0.0,37.31428571428571,1.4553677329442387,24.72857142857143,30.842857142857145,0.1,37.59285714285714,1.2455856118643889,24.885714285714283,30.857142857142858,0.8,0.8660254037844387,-0.4999999999999998,14.700000000000003,524.4
2022-04-30,39.3,25.2,32.0,0.0,13.8,37,5,4,120,2,2022,39.2,24.5,31.6,38.5,24.6,31.6,37.5,25.3,31.3,35.6,24.4,29.4,37.6,26.3,31.2,38.7,22.7,30.7,39.0,0.4358898943540175,24.766666666666666,31.733333333333334,0.0,37.84285714285714,1.3998299216418373,24.842857142857145,31.214285714285715,0.1,37.714285714285715,1.3265670807691137,24.807142857142857,30.914285714285715,0.8,0.8660254037844387,-0.4999999999999998,14.099999999999998,510.6
2022-05-01,38.6,26.2,32.0,0.0,12.7,32,6,5,121,2,2022,39.3,25.2,32.0,39.2,24.5,31.6,38.5,24.6,31.6,35.3,24.3,30.0,37.6,25.4,30.3,38.0,22.9,30.4,39.03333333333334,0.37859388971995717,25.3,31.866666666666664,0.0,38.31428571428571,0.8474050024015595,25.114285714285717,31.5,0.0,37.785714285714285,1.346709461475059,24.864285714285717,31.035714285714285,0.8,0.49999999999999994,-0.8660254037844387,12.400000000000002,406.4
2022-05-02,38.7,25.5,32.1,0.0,19.0,31,0,5,122,2,2022,38.6,26.2,32.0,39.3,25.2,32.0,39.2,24.5,31.6,38.1,25.5,31.3,37.9,24.8,31.1,37.1,23.4,30.4,38.86666666666667,0.37859388971996377,25.633333333333336,32.03333333333333,0.0,38.4,0.8524474568362612,25.114285714285717,31.614285714285717,0.0,37.84285714285715,1.3687244402752017,24.914285714285715,31.107142857142858,0.8,0.49999999999999994,-0.8660254037844387,13.200000000000003,589.0
2022-05-03,38.3,26.2,32.1,0.0,18.6,39,1,5,123,2,2022,38.7,25.5,32.1,38.6,26.2,32.0,39.3,25.2,32.0,37.0,24.5,30.7,38.8,24.7,31.5,37.7,22.9,30.5,38.53333333333334,0.20816659994655248,25.966666666666665,32.06666666666667,0.0,38.58571428571429,0.6011892974999634,25.357142857142858,31.814285714285713,0.0,37.80714285714286,1.348197820291011,25.021428571428572,31.150000000000002,0.8,0.49999999999999994,-0.8660254037844387,12.099999999999998,725.4000000000001
2022-05-04,36.7,25.9,30.2,1.9,19.6,60,2,5,124,2,2022,38.3,26.2,32.1,38.7,25.5,32.1,38.6,26.2,32.0,37.5,25.3,31.3,39.6,24.9,32.0,37.1,24.5,31.0,37.9,1.0583005244258321,25.866666666666664,31.46666666666667,1.899999999999992,38.471428571428575,0.8616153157766456,25.442857142857143,31.657142857142862,1.9,37.6,1.272187697810981,25.092857142857138,31.021428571428572,2.7,0.49999999999999994,-0.8660254037844387,10.800000000000004,1176.0
2022-05-05,37.1,25.4,31.1,0.0,12.1,48,3,5,125,2,2022,36.7,25.9,30.2,38.3,26.2,32.1,38.7,25.5,32.1,38.5,24.6,31.6,36.6,24.4,30.8,37.9,23.9,30.6,37.36666666666667,0.832666399786456,25.833333333333332,31.133333333333336,1.899999999999992,38.271428571428565,1.00451362312692,25.557142857142853,31.585714285714285,1.9,37.635714285714286,1.2487576243593752,25.164285714285715,31.042857142857144,2.0999999999999996,0.49999999999999994,-0.8660254037844387,11.700000000000003,580.8
2022-05-06,38.7,26.6,32.1,0.0,21.0,37,4,5,126,2,2022,37.1,25.4,31.1,36.7,25.9,30.2,38.3,26.2,32.1,39.2,24.5,31.6,37.0,24.8,29.2,37.4,23.0,30.5,37.5,1.0583005244258408,25.966666666666665,31.133333333333336,1.899999999999992,38.2,0.9433981132056385,25.857142857142858,31.657142857142855,1.9,37.75714285714286,1.264737300612467,25.29285714285714,31.25,2.0,0.49999999999999994,-0.8660254037844387,12.100000000000001,777.0
2022-05-07,37.8,24.5,31.6,0.0,14.7,43,5,5,127,2,2022,38.7,26.6,32.1,37.1,25.4,31.1,36.7,25.9,30.2,39.3,25.2,32.0,35.6,24.4,29.4,37.1,23.9,30.5,37.86666666666667,0.8020806277010682,25.5,31.599999999999998,0.0,37.98571428571428,0.8132825901422887,25.75714285714286,31.599999999999998,1.9,37.91428571428571,1.102345152465828,25.3,31.407142857142855,2.0,0.49999999999999994,-0.8660254037844387,13.299999999999997,632.1
2022-05-08,37.1,26.9,31.4,0.0,23.6,41,6,5,128,2,2022,37.8,24.5,31.6,38.7,26.6,32.1,37.1,25.4,31.1,38.6,26.2,32.0,35.3,24.3,30.0,38.0,23.9,30.9,37.86666666666667,0.8020806277010682,26.0,31.7,0.0,37.771428571428565,0.8220184217609006,25.857142857142858,31.514285714285712,1.9,38.042857142857144,0.8500807977112756,25.485714285714288,31.50714285714286,1.9,0.49999999999999994,-0.8660254037844387,10.200000000000003,967.6
2022-05-09,39.0,25.2,31.7,0.0,18.0,39,0,5,129,2,2022,37.1,26.9,31.4,37.8,24.5,31.6,38.7,26.6,32.1,38.7,25.5,32.1,38.1,25.5,31.3,37.4,23.3,30.3,37.96666666666667,0.9609023536933059,25.53333333333333,31.566666666666663,0.0,37.814285714285724,0.8839844859659939,25.814285714285717,31.457142857142856,1.9,38.107142857142854,0.8879226280519434,25.464285714285715,31.535714285714285,1.9,0.49999999999999994,-0.8660254037844387,13.8,702.0
2022-05-10,36.9,23.5,30.9,0.0,21.5,42,1,5,130,2,2022,39.0,25.2,31.7,37.1,26.9,31.4,37.8,24.5,31.6,38.3,26.2,32.1,37.0,24.5,30.7,37.4,23.8,30.5,37.666666666666664,1.1590225767142501,25.2,31.33333333333333,0.0,37.614285714285714,0.9136530549185035,25.428571428571427,31.285714285714285,1.9,38.1,0.8978607053178809,25.392857142857142,31.55,1.9,0.49999999999999994,-0.8660254037844387,13.399999999999999,903.0
2022-05-11,29.4,24.3,27.3,6.4,12.3,68,2,5,131,2,2022,36.9,23.5,30.9,39.0,25.2,31.7,37.1,26.9,31.4,36.7,25.9,30.2,37.5,25.3,31.3,38.1,24.2,30.5,35.1,5.04678115237822,24.333333333333332,29.966666666666665,6.399999999999992,36.57142857142857,3.2668610243444776,25.199999999999996,30.87142857142857,6.4,37.52142857142858,2.498054187817949,25.321428571428573,31.264285714285712,8.3,0.49999999999999994,-0.8660254037844387,5.099999999999998,836.4000000000001
2022-05-12,33.0,25.5,28.5,0.2,14.1,68,3,5,132,2,2022,29.4,24.3,27.3,36.9,23.5,30.9,39.0,25.2,31.7,37.1,25.4,31.1,38.5,24.6,31.6,38.9,23.5,31.1,33.1,3.7509998667022164,24.433333333333334,28.899999999999995,6.5999999999999925,35.98571428571428,3.514459925995559,25.214285714285715,30.5,6.6000000000000005,37.12857142857143,2.751902438853365,25.38571428571429,31.042857142857144,8.5,0.49999999999999994,-0.8660254037844387,7.5,958.8
2022-05-13,36.7,23.6,29.7,0.6,15.0,64,4,5,133,2,2022,33.0,25.5,28.5,29.4,24.3,27.3,36.9,23.5,30.9,38.7,26.6,32.1,39.2,24.5,31.6,38.1,23.6,30.7,33.03333333333333,3.650114153466079,24.46666666666667,28.5,7.199999999999992,35.7,3.3336666500016903,24.785714285714285,30.157142857142855,7.2,36.949999999999996,2.6875067083995106,25.321428571428573,30.907142857142855,9.100000000000001,0.49999999999999994,-0.8660254037844387,13.100000000000001,960.0
2022-05-14,38.0,26.1,31.4,0.1,14.0,56,5,5,134,2,2022,36.7,23.6,29.7,33.0,25.5,28.5,29.4,24.3,27.3,37.8,24.5,31.6,39.3,25.2,32.0,38.8,23.7,31.2,35.9,2.5942243542145698,25.066666666666666,29.866666666666664,0.899999999999992,35.72857142857143,3.3554504345985765,25.014285714285712,30.12857142857143,7.300000000000001,36.857142857142854,2.621718252102361,25.385714285714283,30.86428571428571,9.200000000000001,0.49999999999999994,-0.8660254037844387,11.899999999999999,784.0
2022-05-15,37.2,25.4,31.4,0.1,15.1,56,6,5,135,2,2022,38.0,26.1,31.4,36.7,23.6,29.7,33.0,25.5,28.5,37.1,26.9,31.4,38.6,26.2,32.0,38.0,25.2,30.5,37.300000000000004,0.6557438524301816,25.033333333333335,30.83333333333333,0.799999999999992,35.74285714285714,3.3624679145221044,24.800000000000004,30.12857142857143,7.4,36.75714285714286,2.576435906057444,25.328571428571426,30.821428571428573,9.3,0.49999999999999994,-0.8660254037844387,11.800000000000004,845.6
2022-05-16,36.1,25.7,30.8,0.0,14.1,61,0,5,136,2,2022,37.2,25.4,31.4,38.0,26.1,31.4,36.7,23.6,29.7,39.0,25.2,31.7,38.7,25.5,32.1,37.6,26.3,31.2,37.1,0.9539392014169364,25.73333333333333,31.2,0.19999999999999213,35.32857142857143,3.059256056469908,24.87142857142857,30.0,7.4,36.57142857142857,2.5186774830724814,25.342857142857138,30.728571428571428,9.3,0.49999999999999994,-0.8660254037844387,10.400000000000002,860.1
2022-05-17,35.2,22.8,29.3,1.2,20.6,66,1,5,137,2,2022,36.1,25.7,30.8,37.2,25.4,31.4,38.0,26.1,31.4,36.9,23.5,30.9,38.3,26.2,32.1,37.6,25.4,30.3,36.16666666666667,1.0016652800877839,24.633333333333336,30.5,1.299999999999992,35.08571428571428,2.98017257410184,24.771428571428572,29.771428571428572,8.6,36.35,2.4911381396400523,25.099999999999998,30.52857142857143,10.5,0.49999999999999994,-0.8660254037844387,12.400000000000002,1359.6000000000001
2022-05-18,34.9,25.4,28.9,0.5,17.8,68,2,5,138,2,2022,35.2,22.8,29.3,36.1,25.7,30.8,37.2,25.4,31.4,29.4,24.3,27.3,36.7,25.9,30.2,37.9,24.8,31.1,35.400000000000006,0.6244997998398651,24.63333333333333,29.66666666666666,1.699999999999992,35.871428571428574,1.6670475755201983,24.928571428571427,30.0,2.7,36.221428571428575,2.517990215484325,25.064285714285717,30.435714285714287,9.1,0.49999999999999994,-0.8660254037844387,9.5,1210.4
2022-05-19,32.4,24.3,27.6,2.9,13.1,73,3,5,139,2,2022,34.9,25.4,28.9,35.2,22.8,29.3,36.1,25.7,30.8,33.0,25.5,28.5,37.1,25.4,31.1,38.8,24.7,31.5,34.166666666666664,1.5373136743467195,24.166666666666668,28.599999999999998,4.599999999999992,35.78571428571429,1.8451996923807636,24.75714285714286,29.87142857142857,5.3999999999999995,35.885714285714286,2.6986769245052704,24.985714285714284,30.185714285714283,12.0,0.49999999999999994,-0.8660254037844387,8.099999999999998,956.3
2022-05-20,33.6,24.2,27.8,3.6,15.6,72,4,5,140,2,2022,32.4,24.3,27.6,34.9,25.4,28.9,35.2,22.8,29.3,36.7,23.6,29.7,38.7,26.6,32.1,39.6,24.9,32.0,33.63333333333333,1.2503332889007748,24.633333333333336,28.099999999999998,6.999999999999992,35.34285714285714,1.9577684088924656,24.842857142857138,29.599999999999998,8.4,35.52142857142857,2.6329797601923395,24.814285714285717,29.87857142857143,15.6,0.49999999999999994,-0.8660254037844387,9.400000000000002,1123.2
2022-05-21,35.1,23.6,28.3,0.0,20.6,62,5,5,141,2,2022,33.6,24.2,27.8,32.4,24.3,27.6,34.9,25.4,28.9,38.0,26.1,31.4,37.8,24.5,31.6,36.6,24.4,30.8,33.699999999999996,1.3527749258469028,24.03333333333333,27.899999999999995,6.499999999999992,34.92857142857143,1.5702593052469114,24.485714285714288,29.157142857142855,8.3,35.32857142857143,2.550845582706504,24.75,29.642857142857142,15.6,0.49999999999999994,-0.8660254037844387,11.5,1277.2
2022-05-22,34.9,24.0,29.0,0.0,25.7,55,6,5,142,2,2022,35.1,23.6,28.3,33.6,24.2,27.8,32.4,24.3,27.6,37.2,25.4,31.4,37.1,26.9,31.4,37.0,24.8,29.2,34.53333333333333,0.8144527815247392,23.933333333333334,28.366666666666664,3.5999999999999925,34.6,1.2165525060597477,24.285714285714285,28.814285714285713,8.2,35.17142857142857,2.500593336183862,24.54285714285714,29.47142857142857,15.6,0.49999999999999994,-0.8660254037844387,10.899999999999999,1413.5
2022-05-23,35.4,24.5,29.8,0.0,23.4,52,0,5,143,2,2022,34.9,24.0,29.0,35.1,23.6,28.3,33.6,24.2,27.8,36.1,25.7,30.8,39.0,25.2,31.7,35.6,24.4,29.4,35.13333333333333,0.25166114784242577,24.03333333333333,29.03333333333333,0.0,34.5,1.095445115010451,24.114285714285717,28.671428571428574,8.2,34.91428571428571,2.249053524983758,24.49285714285714,29.335714285714285,15.6,0.49999999999999994,-0.8660254037844387,10.899999999999999,1216.8
2022-05-24,36.7,25.7,30.8,0.0,20.9,49,1,5,144,2,2022,35.4,24.5,29.8,34.9,24.0,29.0,35.1,23.6,28.3,35.2,22.8,29.3,36.9,23.5,30.9,35.3,24.3,30.0,35.666666666666664,0.9291573243177735,24.733333333333334,29.866666666666664,0.0,34.714285714285715,1.3680016708428446,24.52857142857143,28.885714285714283,7.0,34.9,2.236067977499815,24.650000000000002,29.32857142857143,15.6,0.49999999999999994,-0.8660254037844387,11.000000000000004,1024.1
2022-05-25,35.9,25.6,30.8,0.0,15.8,47,2,5,145,2,2022,36.7,25.7,30.8,35.4,24.5,29.8,34.9,24.0,29.0,34.9,25.4,28.9,29.4,24.3,27.3,38.1,25.5,31.3,36.0,0.655743852430218,25.26666666666667,30.46666666666667,0.0,34.857142857142854,1.4408991901554755,24.557142857142857,29.157142857142855,6.5,35.364285714285714,1.5867757065373946,24.74285714285714,29.57857142857143,9.2,0.49999999999999994,-0.8660254037844387,10.299999999999997,742.6
2022-05-26,36.7,26.2,30.4,0.3,21.0,49,3,5,146,2,2022,35.9,25.6,30.8,36.7,25.7,30.8,35.4,24.5,29.8,32.4,24.3,27.6,33.0,25.5,28.5,37.0,24.5,30.7,36.43333333333334,0.4618802153517149,25.833333333333332,30.666666666666668,0.29999999999999244,35.471428571428575,1.0934872133291988,24.82857142857143,29.557142857142857,3.9,35.628571428571426,1.4662503571662684,24.79285714285714,29.714285714285715,9.3,0.49999999999999994,-0.8660254037844387,10.500000000000004,1029.0
2022-05-27,36.1,25.3,30.3,0.1,18.4,46,4,5,147,2,2022,36.7,26.2,30.4,35.9,25.6,30.8,36.7,25.7,30.8,33.6,24.2,27.8,36.7,23.6,29.7,37.5,25.3,31.3,36.233333333333334,0.4163331998932473,25.7,30.5,0.3999999999999925,35.82857142857143,0.7273565968957438,24.985714285714288,29.914285714285715,0.4,35.58571428571429,1.4410771307266648,24.914285714285715,29.75714285714286,8.799999999999999,0.49999999999999994,-0.8660254037844387,10.8,846.4
2022-05-28,36.7,25.5,30.7,0.0,20.8,42,5,5,148,2,2022,36.1,25.3,30.3,36.7,26.2,30.4,35.9,25.6,30.8,35.1,23.6,28.3,38.0,26.1,31.4,38.5,24.6,31.6,36.50000000000001,0.3464101615137912,25.666666666666668,30.466666666666665,0.3999999999999925,36.05714285714286,0.7114706432387723,25.257142857142856,30.25714285714286,0.4,35.49285714285715,1.3094122496603364,24.87142857142857,29.70714285714286,8.7,0.49999999999999994,-0.8660254037844387,11.200000000000003,873.6
2022-05-29,37.2,26.3,31.4,0.0,22.5,40,6,5,149,2,2022,36.7,25.5,30.7,36.1,25.3,30.3,36.7,26.2,30.4,34.9,24.0,29.0,37.2,25.4,31.4,39.2,24.5,31.6,36.66666666666667,0.5507570547286196,25.7,30.799999999999997,0.09999999999999246,36.385714285714286,0.6121780008804535,25.585714285714285,30.599999999999998,0.4,35.49285714285714,1.3094122496603364,24.935714285714287,29.707142857142856,8.6,0.49999999999999994,-0.8660254037844387,10.900000000000002,900.0
2022-05-30,37.2,26.7,31.7,0.0,19.5,42,0,5,150,2,2022,37.2,26.3,31.4,36.7,25.5,30.7,36.1,25.3,30.3,35.4,24.5,29.8,36.1,25.7,30.8,39.3,25.2,32.0,37.03333333333334,0.28867513459482713,26.166666666666668,31.266666666666666,0.0,36.642857142857146,0.49617585208324366,25.9,30.87142857142857,0.4,35.57142857142858,1.3797594948890064,25.007142857142856,29.77142857142857,8.6,0.49999999999999994,-0.8660254037844387,10.500000000000004,819.0
2022-05-31,36.3,24.6,29.0,1.1,20.2,58,1,5,151,2,2022,37.2,26.7,31.7,37.2,26.3,31.4,36.7,25.5,30.7,36.7,25.7,30.8,35.2,22.8,29.3,38.6,26.2,32.0,36.9,0.5196152422706655,25.866666666666664,30.7,1.0999999999999925,36.58571428571429,0.5113008619478691,25.74285714285714,30.614285714285717,1.5,35.65,1.3882750780402968,25.13571428571429,29.75,8.5,0.49999999999999994,-0.8660254037844387,11.699999999999996,1171.6
2022-06-01,35.6,23.0,29.3,8.2,20.8,59,2,6,152,2,2022,36.3,24.6,29.0,37.2,26.7,31.7,37.2,26.3,31.4,35.9,25.6,30.8,34.9,25.4,28.9,38.7,25.5,32.1,36.36666666666667,0.8020806277010643,24.76666666666667,30.0,9.299999999999992,36.542857142857144,0.5855400437691756,25.371428571428574,30.400000000000002,9.7,35.7,1.3716918245504564,24.964285714285715,29.77857142857143,16.2,1.2246467991473532e-16,-1.0,12.600000000000001,1227.2
2022-06-02,37.8,25.6,31.0,0.0,25.9,51,3,6,153,2,2022,35.6,23.0,29.3,36.3,24.6,29.0,37.2,26.7,31.7,36.7,26.2,30.4,32.4,24.3,27.6,38.3,26.2,32.1,36.56666666666666,1.1239810200058196,24.400000000000002,29.766666666666662,9.299999999999992,36.7,0.7571877794400697,25.285714285714285,30.485714285714284,9.399999999999999,36.08571428571429,1.1058287131636757,25.057142857142857,30.021428571428572,13.3,1.2246467991473532e-16,-1.0,12.199999999999996,1320.8999999999999
2022-06-03,37.9,25.0,31.3,0.0,20.8,49,4,6,154,2,2022,37.8,25.6,31.0,35.6,23.0,29.3,36.3,24.6,29.0,36.1,25.3,30.3,33.6,24.2,27.8,36.7,25.9,30.2,37.1,1.2999999999999938,24.53333333333333,30.53333333333333,8.199999999999992,36.957142857142856,0.8223080178318233,25.242857142857144,30.62857142857143,9.299999999999999,36.392857142857146,0.9482488197598272,25.11428571428571,30.271428571428572,9.7,1.2246467991473532e-16,-1.0,12.899999999999999,1019.2
2022-06-04,38.6,27.3,32.3,0.0,20.6,41,5,6,155,2,2022,37.9,25.0,31.3,37.8,25.6,31.0,35.6,23.0,29.3,36.7,25.5,30.7,35.1,23.6,28.3,37.1,25.4,31.1,38.099999999999994,0.43588989435404896,25.96666666666667,31.53333333333333,0.0,37.228571428571435,1.0144198435793828,25.5,30.857142857142858,9.299999999999999,36.642857142857146,1.038278372124766,25.37857142857143,30.557142857142857,9.7,1.2246467991473532e-16,-1.0,11.3,844.6
2022-06-05,38.3,26.5,31.7,0.0,15.8,43,6,6,156,2,2022,38.6,27.3,32.3,37.9,25.0,31.3,37.8,25.6,31.0,37.2,26.3,31.4,34.9,24.0,29.0,38.7,26.6,32.1,38.26666666666667,0.3511884584283997,26.266666666666666,31.766666666666666,0.0,37.385714285714286,1.0915257997081678,25.52857142857143,30.900000000000002,9.299999999999999,36.885714285714286,0.9960360997915592,25.557142857142857,30.75,9.7,1.2246467991473532e-16,-1.0,11.799999999999997,679.4
2022-06-06,37.7,26.5,30.9,0.8,19.3,49,0,6,157,2,2022,38.3,26.5,31.7,38.6,27.3,32.3,37.9,25.0,31.3,37.2,26.7,31.7,35.4,24.5,29.8,37.8,24.5,31.6,38.199999999999996,0.4582575694955639,26.766666666666666,31.63333333333333,0.7999999999999929,37.457142857142856,1.0937049310442253,25.5,30.785714285714285,10.1,37.050000000000004,0.9188203138975722,25.7,30.828571428571426,10.5,1.2246467991473532e-16,-1.0,11.200000000000003,945.7
2022-06-07,38.1,24.7,30.6,0.4,22.0,53,1,6,158,2,2022,37.7,26.5,30.9,38.3,26.5,31.7,38.6,27.3,32.3,36.3,24.6,29.0,36.7,25.7,30.8,37.1,26.9,31.4,38.03333333333334,0.30550504633035974,25.900000000000002,31.066666666666666,1.199999999999993,37.714285714285715,0.9822229404579471,25.514285714285712,31.014285714285712,9.399999999999999,37.15,0.9533342298723023,25.62857142857143,30.814285714285713,10.899999999999999,1.2246467991473532e-16,-1.0,13.400000000000002,1166.0
2022-06-08,33.8,26.4,29.8,0.0,20.2,55,2,6,159,2,2022,38.1,24.7,30.6,37.7,26.5,30.9,38.3,26.5,31.7,35.6,23.0,29.3,35.9,25.6,30.8,39.0,25.2,31.7,36.53333333333334,2.375570107012908,25.866666666666664,30.433333333333334,1.199999999999993,37.457142857142856,1.6420080621575712,26.0,31.08571428571429,1.2000000000000002,37.0,1.2758104513180535,25.685714285714287,30.742857142857144,10.899999999999999,1.2246467991473532e-16,-1.0,7.399999999999999,1111.0
2022-06-09,35.9,24.8,30.2,0.5,18.8,54,3,6,160,2,2022,33.8,26.4,29.8,38.1,24.7,30.6,37.7,26.5,30.9,37.8,25.6,31.0,36.7,26.2,30.4,36.9,23.5,30.9,35.93333333333334,2.1501937897160133,25.3,30.200000000000003,0.8999999999999929,37.185714285714276,1.730538039097067,25.885714285714283,30.97142857142857,1.7000000000000002,36.94285714285714,1.3077957295884322,25.58571428571429,30.728571428571428,11.1,1.2246467991473532e-16,-1.0,11.099999999999998,1015.2
2022-06-10,35.7,25.9,30.4,0.0,17.8,53,4,6,161,2,2022,35.9,24.8,30.2,33.8,26.4,29.8,38.1,24.7,30.6,37.9,25.0,31.3,36.1,25.3,30.3,29.4,24.3,27.3,35.13333333333333,1.1590225767142328,25.7,30.13333333333333,0.4999999999999929,36.871428571428574,1.7783084525416286,26.014285714285712,30.842857142857145,1.7000000000000002,36.91428571428571,1.3317756468814272,25.62857142857143,30.735714285714284,10.999999999999998,1.2246467991473532e-16,-1.0,9.800000000000004,943.4000000000001
2022-06-11,34.1,25.0,29.4,0.0,18.5,58,5,6,162,2,2022,35.7,25.9,30.4,35.9,24.8,30.2,33.8,26.4,29.8,38.6,27.3,32.3,36.7,25.5,30.7,33.0,25.5,28.5,35.233333333333334,0.9865765724632297,25.233333333333334,30.0,0.4999999999999929,36.22857142857143,1.860747417674163,25.685714285714287,30.428571428571427,1.7000000000000002,36.728571428571435,1.530424059598476,25.592857142857145,30.642857142857142,10.999999999999998,1.2246467991473532e-16,-1.0,9.100000000000001,1073.0
2022-06-12,33.9,24.5,29.2,0.4,16.1,59,6,6,163,2,2022,34.1,25.0,29.4,35.7,25.9,30.4,35.9,24.8,30.2,38.3,26.5,31.7,37.2,26.3,31.4,36.7,23.6,29.7,34.56666666666667,0.9865765724632339,25.133333333333336,29.666666666666668,0.3999999999999929,35.6,1.7860571099492253,25.400000000000002,30.071428571428573,2.1,36.49285714285715,1.6972667102475008,25.464285714285715,30.485714285714288,11.399999999999999,1.2246467991473532e-16,-1.0,9.399999999999999,949.9000000000001
2022-06-13,33.6,25.3,29.5,0.5,16.2,56,0,6,164,2,2022,33.9,24.5,29.2,34.1,25.0,29.4,35.7,25.9,30.4,37.7,26.5,30.9,37.2,26.7,31.7,38.0,26.1,31.4,33.86666666666667,0.25166114784229426,24.933333333333334,29.366666666666664,0.8999999999999929,35.01428571428572,1.649675292725452,25.22857142857143,29.87142857142857,1.8,36.23571428571428,1.8479123950502412,25.364285714285717,30.32857142857143,11.899999999999999,1.2246467991473532e-16,-1.0,8.3,907.1999999999999
2022-06-14,33.7,23.6,28.7,0.7,16.6,62,1,6,165,2,2022,33.6,25.3,29.5,33.9,24.5,29.2,34.1,25.0,29.4,38.1,24.7,30.6,36.3,24.6,29.0,37.2,25.4,31.4,33.733333333333334,0.15275252316508775,24.46666666666667,29.13333333333333,1.599999999999993,34.385714285714286,0.9805246409085624,25.071428571428573,29.599999999999998,2.0999999999999996,36.050000000000004,1.967720274054009,25.29285714285714,30.307142857142857,11.5,1.2246467991473532e-16,-1.0,10.100000000000001,1029.2
2022-06-15,32.5,22.7,26.8,11.5,15.0,75,2,6,166,2,2022,33.7,23.6,28.7,33.6,25.3,29.5,33.9,24.5,29.2,33.8,26.4,29.8,35.6,23.0,29.3,36.1,25.7,30.8,33.26666666666667,0.6658328118479198,23.866666666666664,28.333333333333332,12.699999999999992,34.2,1.2069244660155745,24.542857142857144,29.17142857142857,13.6,35.82857142857143,2.1847121167254855,25.271428571428572,30.12857142857143,14.8,1.2246467991473532e-16,-1.0,9.8,1125.0
2022-06-16,33.0,23.6,27.0,7.8,13.5,75,3,6,167,2,2022,32.5,22.7,26.8,33.7,23.6,28.7,33.6,25.3,29.5,35.9,24.8,30.2,37.8,25.6,31.0,35.2,22.8,29.3,33.06666666666667,0.6027713773341515,23.3,27.5,19.999999999999993,33.785714285714285,1.0073539123675768,24.37142857142857,28.714285714285715,20.9,35.48571428571429,2.227747100291521,25.12857142857143,29.842857142857145,22.6,1.2246467991473532e-16,-1.0,9.399999999999999,1012.5
2022-06-17,33.0,23.0,27.8,1.0,12.7,69,4,6,168,2,2022,33.0,23.6,27.0,32.5,22.7,26.8,33.7,23.6,28.7,35.7,25.9,30.4,37.9,25.0,31.3,34.9,25.4,28.9,32.833333333333336,0.288675134594771,23.099999999999998,27.2,20.299999999999994,33.4,0.5773502691899735,23.957142857142856,28.342857142857138,21.9,35.135714285714286,2.2040547050509653,24.985714285714288,29.592857142857145,23.6,1.2246467991473532e-16,-1.0,10.0,876.3
2022-06-18,33.1,23.1,27.7,3.8,10.2,70,5,6,169,2,2022,33.0,23.0,27.8,33.0,23.6,27.0,32.5,22.7,26.8,34.1,25.0,29.4,38.6,27.3,32.3,32.4,24.3,27.6,33.03333333333333,0.05773502691896442,23.233333333333334,27.5,12.599999999999993,33.25714285714286,0.49280538030500404,23.685714285714287,28.1,25.7,34.74285714285714,2.0216955129922303,24.685714285714287,29.264285714285712,27.4,1.2246467991473532e-16,-1.0,10.0,714.0
2022-06-19,31.7,23.5,27.3,1.6,14.8,72,6,6,170,2,2022,33.1,23.1,27.7,33.0,23.0,27.8,33.0,23.6,27.0,33.9,24.5,29.2,38.3,26.5,31.7,33.6,24.2,27.8,32.6,0.7810249675906629,23.200000000000003,27.599999999999998,6.399999999999993,32.94285714285714,0.6803360514169416,23.542857142857144,27.828571428571426,26.900000000000002,34.27142857142857,1.893888377601325,24.47142857142857,28.95,29.0,1.2246467991473532e-16,-1.0,8.2,1065.6000000000001
2022-06-20,31.8,23.9,27.3,1.8,23.4,69,0,6,171,2,2022,31.7,23.5,27.3,33.1,23.1,27.7,33.0,23.0,27.8,33.6,25.3,29.5,37.7,26.5,30.9,35.1,23.6,28.3,32.199999999999996,0.7810249675906585,23.5,27.433333333333337,7.199999999999993,32.68571428571429,0.7289914755530783,23.342857142857138,27.514285714285712,28.2,33.85,1.7208003504631375,24.285714285714285,28.692857142857147,30.0,1.2246467991473532e-16,-1.0,7.900000000000002,1614.6
2022-06-21,32.0,22.9,26.4,10.7,18.8,75,1,6,172,2,2022,31.8,23.9,27.3,31.7,23.5,27.3,33.1,23.1,27.7,33.7,23.6,28.7,38.1,24.7,30.6,34.9,24.0,29.0,31.833333333333332,0.15275252316513804,23.433333333333334,27.0,14.099999999999993,32.44285714285714,0.6078847008473913,23.24285714285714,27.185714285714287,38.199999999999996,33.41428571428572,1.2769296967921462,24.157142857142862,28.392857142857142,40.3,1.2246467991473532e-16,-1.0,9.100000000000001,1410.0
2022-06-22,31.2,23.3,26.7,0.3,16.9,72,2,6,173,2,2022,32.0,22.9,26.4,31.8,23.9,27.3,31.7,23.5,27.3,32.5,22.7,26.8,33.8,26.4,29.8,35.4,24.5,29.8,31.666666666666668,0.4163331998932025,23.366666666666664,26.8,12.799999999999994,32.25714285714286,0.7656307701438173,23.32857142857143,27.17142857142857,26.999999999999996,33.22857142857143,1.3996859930431262,23.935714285714283,28.17142857142857,40.6,1.2246467991473532e-16,-1.0,7.899999999999999,1216.8
2022-06-23,31.8,23.5,27.8,0.2,16.6,66,3,6,174,2,2022,31.2,23.3,26.7,32.0,22.9,26.4,31.8,23.9,27.3,33.0,23.6,27.0,35.9,24.8,30.2,36.7,25.7,30.8,31.666666666666668,0.4163331998932025,23.233333333333334,26.96666666666667,11.199999999999992,32.08571428571429,0.7033931367041246,23.314285714285717,27.285714285714285,19.4,32.93571428571428,1.2144052946938595,23.842857142857138,28.0,40.3,1.2246467991473532e-16,-1.0,8.3,1095.6000000000001
2022-06-24,32.0,24.6,27.8,0.1,19.2,64,4,6,175,2,2022,31.8,23.5,27.8,31.2,23.3,26.7,32.0,22.9,26.4,33.0,23.0,27.8,35.7,25.9,30.4,35.9,25.6,30.8,31.666666666666668,0.4163331998932025,23.8,27.433333333333334,0.5999999999999929,31.942857142857147,0.5769377287521814,23.542857142857144,27.285714285714285,18.5,32.67142857142857,0.9376144618771369,23.75,27.814285714285717,40.4,1.2246467991473532e-16,-1.0,7.399999999999999,1228.8
2022-06-25,30.5,24.4,26.4,6.5,22.0,70,5,6,176,2,2022,32.0,24.6,27.8,31.8,23.5,27.8,31.2,23.3,26.7,33.1,23.1,27.7,34.1,25.0,29.4,36.7,26.2,30.4,31.433333333333334,0.8144527815246924,24.166666666666668,27.333333333333332,6.799999999999993,31.571428571428573,0.5437961803055634,23.728571428571428,27.099999999999998,21.2,32.41428571428572,1.0067901338544503,23.707142857142856,27.599999999999998,46.9,1.2246467991473532e-16,-1.0,6.100000000000001,1540.0
2022-06-26,27.8,22.9,24.8,23.6,21.4,82,6,6,177,2,2022,30.5,24.4,26.4,32.0,24.6,27.8,31.8,23.5,27.8,31.7,23.5,27.3,33.9,24.5,29.2,36.1,25.3,30.3,30.099999999999998,2.1283796653792635,23.96666666666667,26.333333333333332,30.199999999999996,31.014285714285712,1.5170460017511949,23.642857142857142,26.742857142857144,43.2,31.978571428571428,1.5090387013586208,23.592857142857145,27.285714285714285,70.1,1.2246467991473532e-16,-1.0,4.900000000000002,1754.8
2022-06-27,28.1,22.9,24.9,12.7,21.5,81,0,6,178,2,2022,27.8,22.9,24.8,30.5,24.4,26.4,32.0,24.6,27.8,31.8,23.9,27.3,33.6,25.3,29.5,36.7,25.5,30.7,28.8,1.479864858694848,23.399999999999995,25.366666666666664,42.8,30.485714285714288,1.813310574087083,23.5,26.400000000000002,54.1,31.58571428571429,1.75098088679871,23.42142857142857,26.957142857142856,82.3,1.2246467991473532e-16,-1.0,5.200000000000003,1741.5
2022-06-28,29.2,22.8,25.7,7.9,23.8,76,1,6,179,2,2022,28.1,22.9,24.9,27.8,22.9,24.8,30.5,24.4,26.4,32.0,22.9,26.4,33.7,23.6,28.7,37.2,26.3,31.4,28.366666666666664,0.73711147958314,22.866666666666664,25.13333333333333,44.199999999999996,30.085714285714285,1.7305380390973066,23.485714285714288,26.3,51.3,31.264285714285712,1.7460316072817008,23.364285714285717,26.74285714285714,89.5,1.2246467991473532e-16,-1.0,6.399999999999999,1808.8
2022-06-29,31.3,23.5,26.9,1.1,21.3,72,2,6,180,2,2022,29.2,22.8,25.7,28.1,22.9,24.9,27.8,22.9,24.8,31.2,23.3,26.7,32.5,22.7,26.8,37.2,26.7,31.7,29.533333333333335,1.6258331197676066,23.066666666666666,25.833333333333332,21.699999999999992,30.099999999999998,1.7416467303486602,23.514285714285712,26.32857142857143,52.1,31.178571428571427,1.709781169726699,23.42142857142857,26.75,79.1,1.2246467991473532e-16,-1.0,7.800000000000001,1533.6000000000001
2022-06-30,30.3,23.1,26.4,2.6,20.2,76,3,6,181,2,2022,31.3,23.5,26.9,29.2,22.8,25.7,28.1,22.9,24.9,31.8,23.5,27.8,33.0,23.6,27.0,36.3,24.6,29.0,30.266666666666666,1.0503967504392244,23.133333333333336,26.333333333333332,11.599999999999994,29.885714285714283,1.5826439602016555,23.457142857142856,26.128571428571426,54.5,30.985714285714284,1.6393512520118705,23.38571428571429,26.707142857142856,73.9,1.2246467991473532e-16,-1.0,7.199999999999999,1535.2
2022-07-01,31.5,23.3,26.5,0.6,21.4,76,4,7,182,3,2022,30.3,23.1,26.4,31.3,23.5,26.9,29.2,22.8,25.7,32.0,24.6,27.8,33.0,23.0,27.8,35.6,23.0,29.3,31.03333333333333,0.6429100507328313,23.3,26.599999999999998,4.299999999999993,29.814285714285713,1.4792211592916464,23.271428571428572,25.942857142857143,55.0,30.878571428571426,1.5438107553557248,23.407142857142855,26.61428571428571,73.5,-0.4999999999999997,-0.8660254037844388,8.2,1626.3999999999999
2022-07-02,31.4,23.2,26.7,2.9,22.8,73,5,7,183,3,2022,31.5,23.3,26.5,30.3,23.1,26.4,31.3,23.5,26.9,30.5,24.4,26.4,33.1,23.1,27.7,37.8,25.6,31.0,31.066666666666666,0.6658328118479082,23.200000000000003,26.53333333333333,6.0999999999999925,29.942857142857143,1.5841476602655056,23.099999999999998,25.985714285714288,51.4,30.75714285714286,1.4173183159726608,23.414285714285715,26.54285714285714,72.60000000000001,-0.4999999999999997,-0.8660254037844388,8.2,1664.4
2022-07-03,30.8,23.6,26.7,3.6,20.3,73,6,7,184,3,2022,31.4,23.2,26.7,31.5,23.3,26.5,30.3,23.1,26.4,27.8,22.9,24.8,31.7,23.5,27.3,37.9,25.0,31.3,31.233333333333334,0.3785938897199693,23.366666666666664,26.63333333333333,7.0999999999999925,30.37142857142857,1.285449708227343,23.2,26.257142857142856,31.4,30.692857142857147,1.3914377101039324,23.42142857142857,26.5,74.6,-0.4999999999999997,-0.8660254037844388,7.199999999999999,1481.9
2022-07-04,29.4,22.9,25.4,6.1,22.0,79,0,7,185,3,2022,30.8,23.6,26.7,31.4,23.2,26.7,31.5,23.3,26.5,28.1,22.9,24.9,31.8,23.9,27.3,38.6,27.3,32.3,30.53333333333333,1.0263202878893538,23.233333333333334,26.266666666666666,12.599999999999993,30.557142857142857,0.9536895771290544,23.2,26.328571428571426,24.8,30.521428571428572,1.3923850989351494,23.35,26.364285714285717,78.9,-0.4999999999999997,-0.8660254037844388,6.5,1738.0
2022-07-05,27.1,22.9,24.5,10.0,23.2,85,1,7,186,3,2022,29.4,22.9,25.4,30.8,23.6,26.7,31.4,23.2,26.7,29.2,22.8,25.7,32.0,22.9,26.4,38.3,26.5,31.7,29.099999999999998,1.8681541692269232,23.13333333333333,25.53333333333333,19.699999999999992,30.257142857142856,1.5778224898652675,23.214285714285715,26.157142857142855,26.9,30.171428571428574,1.5934619164326702,23.349999999999998,26.228571428571428,78.19999999999999,-0.4999999999999997,-0.8660254037844388,4.200000000000003,1972.0
2022-07-06,26.1,22.4,23.7,20.3,19.6,90,2,7,187,3,2022,27.1,22.9,24.5,29.4,22.9,25.4,30.8,23.6,26.7,31.3,23.5,26.9,31.2,23.3,26.7,37.7,26.5,30.9,27.533333333333335,1.6921386861995842,22.733333333333334,24.53333333333333,36.39999999999999,29.514285714285716,2.131844718726677,23.057142857142857,25.699999999999996,46.1,29.807142857142857,1.8947150326488338,23.285714285714285,26.014285714285712,98.2,-0.4999999999999997,-0.8660254037844388,3.700000000000003,1764.0000000000002
2022-07-07,28.9,22.8,24.7,21.0,23.9,84,3,7,188,3,2022,26.1,22.4,23.7,27.1,22.9,24.5,29.4,22.9,25.4,30.3,23.1,26.4,31.8,23.5,27.8,38.1,24.7,30.6,27.366666666666664,1.4189197769194903,22.7,24.3,51.3,29.314285714285713,2.1114201945837747,23.014285714285712,25.45714285714286,64.5,29.6,1.8170136107192172,23.235714285714288,25.79285714285714,119.0,-0.4999999999999997,-0.8660254037844388,6.099999999999998,2007.6
2022-07-08,24.1,22.5,23.1,27.4,22.7,91,4,7,189,3,2022,28.9,22.8,24.7,26.1,22.4,23.7,27.1,22.9,24.5,31.5,23.3,26.5,32.0,24.6,27.8,33.8,26.4,29.8,26.36666666666667,2.4110855093366643,22.566666666666666,23.833333333333332,68.69999999999999,28.25714285714286,2.6247902410525863,22.9,24.97142857142857,91.3,29.035714285714285,2.20056186631346,23.085714285714285,25.457142857142856,146.3,-0.4999999999999997,-0.8660254037844388,1.6000000000000014,2065.7
2022-07-09,23.5,22.2,22.7,55.8,27.0,92,5,7,190,3,2022,24.1,22.5,23.1,28.9,22.8,24.7,26.1,22.4,23.7,31.4,23.2,26.7,30.5,24.4,26.4,35.9,24.8,30.2,25.5,2.9597297173897315,22.5,23.5,104.19999999999999,27.12857142857143,2.7439110078588285,22.75714285714286,24.4,144.2,28.535714285714285,2.6010669830955764,22.928571428571427,25.192857142857143,195.6,-0.4999999999999997,-0.8660254037844388,1.3000000000000007,2484.0
2022-07-10,23.2,21.9,22.5,39.9,29.8,91,6,7,191,3,2022,23.5,22.2,22.7,24.1,22.5,23.1,28.9,22.8,24.7,30.8,23.6,26.7,27.8,22.9,24.8,35.7,25.9,30.4,23.600000000000005,0.4582575694954647,22.2,22.766666666666666,123.1,26.042857142857144,2.5454908779104235,22.514285714285712,23.8,180.5,28.207142857142856,2.9660811456596816,22.857142857142858,25.02857142857143,211.9,-0.4999999999999997,-0.8660254037844388,1.3000000000000007,2711.8
2022-07-11,26.4,21.9,23.5,10.5,37.9,84,0,7,192,3,2022,23.2,21.9,22.5,23.5,22.2,22.7,24.1,22.5,23.1,29.4,22.9,25.4,28.1,22.9,24.9,34.1,25.0,29.4,24.366666666666664,1.7672954855748453,22.0,22.900000000000002,106.19999999999999,25.614285714285717,2.0995464362801464,22.37142857142857,23.52857142857143,184.89999999999998,28.085714285714285,3.0053432270022675,22.785714285714285,24.928571428571427,209.7,-0.4999999999999997,-0.8660254037844388,4.5,3183.6
2022-07-12,23.1,21.6,22.3,36.3,33.1,91,1,7,193,3,2022,26.4,21.9,23.5,23.2,21.9,22.5,23.5,22.2,22.7,27.1,22.9,24.5,29.2,22.8,25.7,33.9,24.5,29.2,24.23333333333333,1.8770544300401162,21.799999999999997,22.766666666666666,86.69999999999999,25.042857142857144,2.1709115925939133,22.185714285714283,23.214285714285715,211.2,27.650000000000002,3.262549734369007,22.7,24.685714285714287,238.1,-0.4999999999999997,-0.8660254037844388,1.5,3012.1
2022-07-13,24.0,21.7,22.5,21.3,33.6,90,2,7,194,3,2022,23.1,21.6,22.3,26.4,21.9,23.5,23.2,21.9,22.5,26.1,22.4,23.7,31.3,23.5,26.9,33.6,25.3,29.5,24.5,1.7058722109231665,21.733333333333334,22.766666666666666,68.09999999999998,24.74285714285714,2.145427030420443,22.085714285714285,23.042857142857144,212.2,27.128571428571426,3.2173636057227193,22.571428571428573,24.37142857142857,258.29999999999995,-0.4999999999999997,-0.8660254037844388,2.3000000000000007,3024.0
2022-07-14,26.5,21.9,23.8,2.0,37.9,81,3,7,195,3,2022,24.0,21.7,22.5,23.1,21.6,22.3,26.4,21.9,23.5,28.9,22.8,24.7,30.3,23.1,26.4,33.7,23.6,28.7,24.53333333333333,1.761628034896478,21.73333333333333,22.866666666666664,59.59999999999998,24.400000000000002,1.4491376746194893,21.957142857142856,22.91428571428571,193.2,26.857142857142858,3.086874018937563,22.485714285714284,24.185714285714287,257.7,-0.4999999999999997,-0.8660254037844388,4.600000000000001,3069.9
2022-07-15,27.9,22.5,25.0,0.7,33.6,77,4,7,196,3,2022,26.5,21.9,23.8,24.0,21.7,22.5,23.1,21.6,22.3,24.1,22.5,23.1,31.5,23.3,26.5,32.5,22.7,26.8,26.133333333333336,1.9756855350316354,22.03333333333333,23.76666666666667,23.999999999999986,24.942857142857143,1.9449568485852466,21.957142857142856,23.185714285714287,166.5,26.6,2.8076817702648325,22.428571428571427,24.07857142857143,257.79999999999995,-0.4999999999999997,-0.8660254037844388,5.399999999999999,2587.2000000000003
2022-07-16,29.9,22.7,25.6,3.3,26.7,77,5,7,197,3,2022,27.9,22.5,25.0,26.5,21.9,23.8,24.0,21.7,22.5,23.5,22.2,22.7,31.4,23.2,26.7,33.0,23.6,27.0,28.099999999999998,1.708800749063483,22.366666666666664,24.8,5.999999999999986,25.857142857142858,2.560505902393485,22.02857142857143,23.6,114.0,26.49285714285714,2.633647451937986,22.39285714285714,24.0,258.2,-0.4999999999999997,-0.8660254037844388,7.199999999999999,2055.9
2022-07-17,26.3,22.8,24.2,13.6,21.7,87,6,7,198,3,2022,29.9,22.7,25.6,27.9,22.5,25.0,26.5,21.9,23.8,23.2,21.9,22.5,30.8,23.6,26.7,33.0,23.0,27.8,28.03333333333333,1.8036999011291353,22.666666666666668,24.933333333333334,17.599999999999987,26.3,2.2766935088708538,22.157142857142862,23.842857142857145,87.69999999999999,26.17142857142857,2.323931870916162,22.335714285714285,23.821428571428573,268.2,-0.4999999999999997,-0.8660254037844388,3.5,1887.8999999999999
2022-07-18,28.7,22.8,24.3,8.8,25.3,87,0,7,199,3,2022,26.3,22.8,24.2,29.9,22.7,25.6,27.9,22.5,25.0,26.4,21.9,23.5,29.4,22.9,25.4,33.1,23.1,27.7,28.3,1.8330302779823142,22.766666666666666,24.7,25.69999999999999,26.628571428571426,2.4526953104117095,22.285714285714285,23.95714285714286,85.99999999999999,26.12142857142857,2.2556522411417026,22.328571428571426,23.74285714285714,270.9,-0.4999999999999997,-0.8660254037844388,5.899999999999999,2201.1
2022-07-19,29.9,22.2,25.5,1.3,25.1,77,1,7,200,3,2022,28.7,22.8,24.3,26.3,22.8,24.2,29.9,22.7,25.6,23.1,21.6,22.3,27.1,22.9,24.5,31.7,23.5,27.3,28.3,1.8330302779823142,22.599999999999998,24.666666666666668,23.699999999999985,27.599999999999998,2.1501937897162957,22.371428571428574,24.414285714285715,51.0,26.321428571428573,2.4636366401127505,22.27857142857143,23.814285714285713,262.2,-0.4999999999999997,-0.8660254037844388,7.699999999999999,1932.7
2022-07-20,30.6,22.9,26.3,0.2,19.6,75,2,7,201,3,2022,29.9,22.2,25.5,28.7,22.8,24.3,26.3,22.8,24.2,24.0,21.7,22.5,26.1,22.4,23.7,31.8,23.9,27.3,29.733333333333334,0.9609023536932703,22.633333333333336,25.366666666666664,10.299999999999986,28.542857142857144,1.7106111411397849,22.54285714285714,24.957142857142856,29.900000000000002,26.642857142857142,2.713418022096467,22.314285714285717,24.0,242.1,-0.4999999999999997,-0.8660254037844388,7.700000000000003,1470.0
2022-07-21,29.1,23.0,25.6,0.4,19.8,78,3,7,202,3,2022,30.6,22.9,26.3,29.9,22.2,25.5,28.7,22.8,24.3,26.5,21.9,23.8,28.9,22.8,24.7,32.0,22.9,26.4,29.866666666666664,0.750555349946468,22.7,25.8,1.899999999999986,28.914285714285715,1.4565124686831923,22.699999999999996,25.214285714285715,28.3,26.657142857142855,2.7267095655653533,22.32857142857143,24.064285714285717,221.49999999999997,-0.4999999999999997,-0.8660254037844388,6.100000000000001,1544.4
2022-07-22,28.3,23.1,24.3,22.8,19.4,87,4,7,203,3,2022,29.1,23.0,25.6,30.6,22.9,26.3,29.9,22.2,25.5,27.9,22.5,25.0,24.1,22.5,23.1,31.2,23.3,26.7,29.333333333333332,1.1676186592091005,23.0,25.400000000000002,23.399999999999988,28.971428571428568,1.4174087692153763,22.785714285714285,25.11428571428571,50.400000000000006,26.95714285714286,2.6537967824680733,22.37142857142857,24.150000000000002,216.89999999999998,-0.4999999999999997,-0.8660254037844388,5.199999999999999,1687.8
2022-07-23,26.5,22.3,23.6,16.2,22.3,90,5,7,204,3,2022,28.3,23.1,24.3,29.1,23.0,25.6,30.6,22.9,26.3,29.9,22.7,25.6,23.5,22.2,22.7,31.8,23.5,27.8,27.96666666666667,1.3316656236958413,22.8,24.5,39.39999999999999,28.485714285714284,1.6149598255363276,22.728571428571428,24.82857142857143,63.300000000000004,27.171428571428574,2.467770270890433,22.37857142857143,24.214285714285715,177.3,-0.4999999999999997,-0.8660254037844388,4.199999999999999,2007.0
2022-07-24,26.6,22.1,23.8,2.0,20.6,86,6,7,205,3,2022,26.5,22.3,23.6,28.3,23.1,24.3,29.1,23.0,25.6,26.3,22.8,24.2,23.2,21.9,22.5,32.0,24.6,27.8,27.133333333333336,1.011599393699511,22.5,23.900000000000002,40.999999999999986,28.528571428571432,1.549961597066854,22.62857142857143,24.771428571428572,51.7,27.414285714285715,2.1996003633029084,22.392857142857142,24.307142857142857,139.39999999999998,-0.4999999999999997,-0.8660254037844388,4.5,1771.6000000000001
2022-07-25,28.0,22.1,24.1,13.1,16.6,86,0,7,206,3,2022,26.6,22.1,23.8,26.5,22.3,23.6,28.3,23.1,24.3,28.7,22.8,24.3,26.4,21.9,23.5,30.5,24.4,26.4,27.033333333333335,0.8386497083605388,22.166666666666668,23.833333333333332,31.299999999999983,28.428571428571427,1.5596092306671068,22.528571428571432,24.74285714285714,56.0,27.52857142857143,2.184359991262681,22.407142857142855,24.35,142.0,-0.4999999999999997,-0.8660254037844388,5.899999999999999,1427.6000000000001
2022-07-26,28.0,22.0,24.2,3.0,17.6,86,1,7,207,3,2022,28.0,22.1,24.1,26.6,22.1,23.8,26.5,22.3,23.6,29.9,22.2,25.5,23.1,21.6,22.3,27.8,22.9,24.8,27.533333333333335,0.8082903768654095,22.066666666666666,24.03333333333333,18.099999999999987,28.157142857142862,1.4199262220945144,22.5,24.557142857142857,57.7,27.878571428571426,1.7742511189139938,22.435714285714283,24.485714285714288,108.7,-0.4999999999999997,-0.8660254037844388,6.0,1513.6000000000001
2022-07-27,29.8,21.5,25.1,2.3,8.4,83,2,7,208,3,2022,28.0,22.0,24.2,28.0,22.1,24.1,26.6,22.1,23.8,30.6,22.9,26.3,24.0,21.7,22.5,28.1,22.9,24.9,28.599999999999998,1.0392304845413263,21.866666666666664,24.46666666666667,18.399999999999984,28.04285714285714,1.2067271755420164,22.300000000000004,24.38571428571429,59.8,28.29285714285714,1.4456642262107686,22.42142857142857,24.67142857142857,89.7,-0.4999999999999997,-0.8660254037844388,8.3,697.2
2022-07-28,29.9,21.8,25.2,1.6,9.2,85,3,7,209,3,2022,29.8,21.5,25.1,28.0,22.0,24.2,28.0,22.1,24.1,29.1,23.0,25.6,26.5,21.9,23.8,29.2,22.8,25.7,29.23333333333333,1.0692676621563608,21.76666666666667,24.833333333333332,6.899999999999986,28.157142857142855,1.3525989093315622,22.12857142857143,24.328571428571426,61.0,28.535714285714285,1.4063630906909024,22.414285714285715,24.771428571428572,89.3,-0.4999999999999997,-0.8660254037844388,8.099999999999998,781.9999999999999
2022-07-29,30.3,21.9,25.6,2.3,9.4,84,4,7,210,3,2022,29.9,21.8,25.2,29.8,21.5,25.1,28.0,22.0,24.2,28.3,23.1,24.3,27.9,22.5,25.0,31.3,23.5,26.9,30.0,0.2645751311064486,21.733333333333334,25.3,6.199999999999985,28.442857142857147,1.5799336936060215,21.95714285714286,24.514285714285716,40.5,28.707142857142856,1.4678421030754512,22.371428571428574,24.814285714285713,90.89999999999999,-0.4999999999999997,-0.8660254037844388,8.400000000000002,789.6
2022-07-30,29.7,22.6,25.9,3.8,8.7,83,5,7,211,3,2022,30.3,21.9,25.6,29.9,21.8,25.2,29.8,21.5,25.1,26.5,22.3,23.6,29.9,22.7,25.6,30.3,23.1,26.4,29.96666666666667,0.30550504633038167,22.100000000000005,25.566666666666666,7.699999999999985,28.900000000000002,1.373559851869478,22.0,24.842857142857138,28.099999999999998,28.692857142857147,1.456267243920157,22.364285714285717,24.83571428571429,91.39999999999999,-0.4999999999999997,-0.8660254037844388,7.099999999999998,722.0999999999999
2022-07-31,29.6,22.9,26.1,0.5,9.7,84,6,7,212,3,2022,29.7,22.6,25.9,30.3,21.9,25.6,29.9,21.8,25.2,26.6,22.1,23.8,26.3,22.8,24.2,31.5,23.3,26.5,29.866666666666664,0.3785938897200127,22.46666666666667,25.866666666666664,6.599999999999985,29.328571428571426,0.9340133577106575,22.114285714285717,25.171428571428574,26.599999999999998,28.928571428571427,1.2975886342507734,22.371428571428574,24.971428571428568,78.3,-0.4999999999999997,-0.8660254037844388,6.700000000000003,814.8
2022-08-01,29.6,22.8,25.6,5.0,10.1,84,0,8,213,3,2022,29.6,22.9,26.1,29.7,22.6,25.9,30.3,21.9,25.6,28.0,22.1,24.1,28.7,22.8,24.3,31.4,23.2,26.7,29.633333333333336,0.05773502691894578,22.766666666666666,25.86666666666667,9.299999999999985,29.557142857142853,0.7276838664727737,22.214285714285715,25.38571428571429,18.5,28.992857142857144,1.3076486741268003,22.37142857142857,25.064285714285717,74.5,-0.8660254037844385,-0.5000000000000004,6.800000000000001,848.4
2022-08-02,30.2,22.6,25.8,6.2,10.9,84,1,8,214,3,2022,29.6,22.8,25.6,29.6,22.9,26.1,29.7,22.6,25.9,28.0,22.0,24.2,29.9,22.2,25.5,30.8,23.6,26.7,29.8,0.34641016151377424,22.766666666666666,25.833333333333332,11.699999999999985,29.87142857142857,0.2811540841754512,22.3,25.614285714285717,21.7,29.014285714285712,1.3259870882637892,22.400000000000002,25.08571428571429,79.39999999999999,-0.8660254037844385,-0.5000000000000004,7.599999999999998,915.6
2022-08-03,29.9,23.0,25.4,3.4,12.2,84,2,8,215,3,2022,30.2,22.6,25.8,29.6,22.8,25.6,29.6,22.9,26.1,29.8,21.5,25.1,30.6,22.9,26.3,29.4,22.9,25.4,29.900000000000002,0.2999999999999992,22.8,25.600000000000005,14.599999999999985,29.88571428571429,0.27945525240394753,22.514285714285712,25.657142857142855,22.8,28.964285714285715,1.2737631363299264,22.407142857142855,25.021428571428572,82.60000000000001,-0.8660254037844385,-0.5000000000000004,6.899999999999999,1024.8
2022-08-04,30.1,22.6,25.3,7.3,12.5,86,3,8,216,3,2022,29.9,23.0,25.4,30.2,22.6,25.8,29.6,22.8,25.6,29.9,21.8,25.2,29.1,23.0,25.6,27.1,22.9,24.5,30.066666666666666,0.1527525231651977,22.733333333333334,25.5,16.899999999999984,29.914285714285715,0.29113897843266784,22.62857142857143,25.671428571428574,28.5,29.035714285714285,1.3094961702046872,22.37857142857143,25.0,89.5,-0.8660254037844385,-0.5000000000000004,7.5,1075.0
2022-08-05,29.0,22.4,24.7,6.4,19.2,85,4,8,217,3,2022,30.1,22.6,25.3,29.9,23.0,25.4,30.2,22.6,25.8,30.3,21.9,25.6,28.3,23.1,24.3,26.1,22.4,23.7,29.666666666666668,0.5859465277082329,22.666666666666668,25.133333333333336,17.099999999999987,29.728571428571428,0.39880774697660165,22.7,25.54285714285714,32.6,29.085714285714285,1.292497369649151,22.32857142857143,25.02857142857143,73.10000000000001,-0.8660254037844385,-0.5000000000000004,6.600000000000001,1632.0
2022-08-06,29.5,22.8,24.9,20.2,24.9,83,5,8,218,3,2022,29.0,22.4,24.7,30.1,22.6,25.3,29.9,23.0,25.4,29.7,22.6,25.9,26.5,22.3,23.6,28.9,22.8,24.7,29.533333333333335,0.5507570547286128,22.599999999999998,24.96666666666667,33.899999999999984,29.7,0.40824829046501104,22.72857142857143,25.400000000000002,49.0,29.3,1.0583005244260837,22.364285714285717,25.121428571428574,77.1,-0.8660254037844385,-0.5000000000000004,6.699999999999999,2066.7
2022-08-07,28.3,22.6,24.3,12.7,23.1,86,6,8,219,3,2022,29.5,22.8,24.9,29.0,22.4,24.7,30.1,22.6,25.3,29.6,22.9,26.1,26.6,22.1,23.8,24.1,22.5,23.1,28.933333333333334,0.6027713773341725,22.600000000000005,24.633333333333336,39.29999999999998,29.514285714285716,0.6718843437895623,22.685714285714287,25.142857142857142,61.2,29.421428571428574,0.7875752188046863,22.4,25.157142857142855,87.8,-0.8660254037844385,-0.5000000000000004,5.699999999999999,1986.6000000000001
2022-08-08,24.6,22.1,22.9,22.7,26.1,92,0,8,220,3,2022,28.3,22.6,24.3,29.5,22.8,24.9,29.0,22.4,24.7,29.6,22.8,25.6,28.0,22.1,24.1,23.5,22.2,22.7,27.46666666666667,2.5540817005987346,22.5,24.03333333333333,55.59999999999999,28.8,1.9697715603594854,22.585714285714285,24.757142857142856,78.9,29.178571428571427,1.4796977713391404,22.400000000000002,25.071428571428573,97.4,-0.8660254037844385,-0.5000000000000004,2.5,2401.2000000000003
2022-08-09,25.0,22.2,23.6,6.2,33.2,85,1,8,221,3,2022,24.6,22.1,22.9,28.3,22.6,24.3,29.5,22.8,24.9,30.2,22.6,25.8,28.0,22.0,24.2,23.2,21.9,22.5,25.96666666666667,2.030599254735733,22.3,23.599999999999998,41.59999999999999,28.057142857142857,2.30568655202558,22.52857142857143,24.442857142857147,78.89999999999999,28.964285714285715,1.8374761716330381,22.414285714285715,25.02857142857143,100.60000000000001,-0.8660254037844385,-0.5000000000000004,2.8000000000000007,2822.0000000000005
2022-08-10,28.6,22.0,25.1,0.3,36.9,74,2,8,222,3,2022,25.0,22.2,23.6,24.6,22.1,22.9,28.3,22.6,24.3,29.9,23.0,25.4,29.8,21.5,25.1,26.4,21.9,23.5,26.066666666666666,2.2030282189144366,22.099999999999998,23.86666666666667,29.199999999999985,27.87142857142857,2.1815241504619602,22.385714285714283,24.400000000000002,75.80000000000001,28.87857142857143,1.823428120297215,22.45,25.02857142857143,98.6,-0.8660254037844385,-0.5000000000000004,6.600000000000001,2730.6
2022-08-11,28.8,23.2,25.4,0.9,31.3,74,3,8,223,3,2022,28.6,22.0,25.1,25.0,22.2,23.6,24.6,22.1,22.9,30.1,22.6,25.3,29.9,21.8,25.2,23.1,21.6,22.3,27.46666666666667,2.138535324312723,22.46666666666667,24.7,7.399999999999986,27.685714285714287,2.0086716766965886,22.47142857142857,24.414285714285715,69.39999999999999,28.8,1.7995725988306401,22.55,25.04285714285714,97.9,-0.8660254037844385,-0.5000000000000004,5.600000000000001,2316.2000000000003
2022-08-12,29.3,23.2,25.8,0.5,28.8,73,4,8,224,3,2022,28.8,23.2,25.4,28.6,22.0,25.1,25.0,22.2,23.6,29.0,22.4,24.7,30.3,21.9,25.6,24.0,21.7,22.5,28.900000000000002,0.3605551275463997,22.799999999999997,25.433333333333337,1.6999999999999857,27.728571428571428,2.044271904382779,22.585714285714285,24.571428571428573,63.5,28.72857142857143,1.7547423967982891,22.642857142857142,25.057142857142857,96.10000000000001,-0.8660254037844385,-0.5000000000000004,6.100000000000001,2102.4
2022-08-13,28.4,22.7,25.2,0.2,29.9,76,5,8,225,3,2022,29.3,23.2,25.8,28.8,23.2,25.4,28.6,22.0,25.1,29.5,22.8,24.9,29.7,22.6,25.9,26.5,21.9,23.8,28.833333333333332,0.4509249752822912,23.03333333333333,25.466666666666665,1.5999999999999857,27.571428571428573,1.9241572057350584,22.571428571428573,24.614285714285717,43.5,28.635714285714283,1.7336520557914656,22.650000000000002,25.007142857142856,92.5,-0.8660254037844385,-0.5000000000000004,5.699999999999999,2272.4
2022-08-14,25.9,22.6,23.8,7.0,27.4,84,6,8,226,3,2022,28.4,22.7,25.2,29.3,23.2,25.8,28.8,23.2,25.4,28.3,22.6,24.3,29.6,22.9,26.1,27.9,22.5,25.0,27.866666666666664,1.7616280348965079,22.833333333333332,24.933333333333337,7.699999999999986,27.228571428571428,1.9855429867877927,22.571428571428573,24.54285714285714,37.8,28.37142857142857,1.8532418877486068,22.62857142857143,24.842857142857145,99.0,-0.8660254037844385,-0.5000000000000004,3.299999999999997,2301.6
2022-08-15,27.1,21.8,23.5,7.4,25.8,85,0,8,227,3,2022,25.9,22.6,23.8,28.4,22.7,25.2,29.3,23.2,25.8,24.6,22.1,22.9,29.6,22.8,25.6,29.9,22.7,25.6,27.133333333333336,1.2503332889007328,22.366666666666664,24.166666666666668,14.599999999999987,27.585714285714285,1.6262723956223013,22.52857142857143,24.62857142857143,22.5,28.192857142857143,1.8461870418262385,22.557142857142857,24.692857142857143,101.4,-0.8660254037844385,-0.5000000000000004,5.300000000000001,2193.0
2022-08-16,29.4,21.8,25.1,0.0,19.3,77,1,8,228,3,2022,27.1,21.8,23.5,25.9,22.6,23.8,28.4,22.7,25.2,25.0,22.2,23.6,30.2,22.6,25.8,26.3,22.8,24.2,27.46666666666667,1.7785762095938786,22.066666666666666,24.133333333333336,14.399999999999988,28.214285714285715,1.2720437249152847,22.47142857142857,24.842857142857138,16.3,28.135714285714283,1.7908344178310946,22.5,24.642857142857142,95.2,-0.8660254037844385,-0.5000000000000004,7.599999999999998,1486.1000000000001
2022-08-17,29.9,22.2,25.8,0.0,18.0,75,2,8,229,3,2022,29.4,21.8,25.1,27.1,21.8,23.5,25.9,22.6,23.8,28.6,22.0,25.1,29.9,23.0,25.4,28.7,22.8,24.3,28.8,1.4933184523068115,21.933333333333334,24.8,7.399999999999986,28.400000000000002,1.4236104336045579,22.5,24.942857142857143,16.0,28.13571428571429,1.7908344178310946,22.442857142857143,24.671428571428574,91.8,-0.8660254037844385,-0.5000000000000004,7.699999999999999,1350.0
2022-08-18,30.5,22.8,26.1,0.1,19.8,75,3,8,230,3,2022,29.9,22.2,25.8,29.4,21.8,25.1,27.1,21.8,23.5,28.8,23.2,25.4,30.1,22.6,25.3,29.9,22.2,25.5,29.933333333333334,0.5507570547286417,22.26666666666667,25.666666666666668,0.0999999999999858,28.642857142857142,1.6328473523852554,22.442857142857143,25.04285714285714,15.200000000000001,28.164285714285715,1.8274013254882264,22.457142857142856,24.728571428571428,84.6,-0.8660254037844385,-0.5000000000000004,7.699999999999999,1485.0
2022-08-19,29.6,23.4,26.0,0.1,21.7,74,4,8,231,3,2022,30.5,22.8,26.1,29.9,22.2,25.8,29.4,21.8,25.1,29.3,23.2,25.8,29.0,22.4,24.7,30.6,22.9,26.3,30.0,0.4582575694956215,22.8,25.96666666666667,0.1999999999999858,28.685714285714287,1.656732297253531,22.47142857142857,25.071428571428573,14.8,28.207142857142856,1.8553308996654128,22.52857142857143,24.821428571428573,78.3,-0.8660254037844385,-0.5000000000000004,6.200000000000003,1605.8
2022-08-20,29.2,23.4,25.6,0.9,25.1,76,5,8,232,3,2022,29.6,23.4,26.0,30.5,22.8,26.1,29.9,22.2,25.8,28.4,22.7,25.2,29.5,22.8,24.9,29.1,23.0,25.6,29.766666666666666,0.6658328118479615,23.2,25.900000000000002,1.0999999999999859,28.8,1.661324772583929,22.571428571428573,25.12857142857143,15.500000000000002,28.185714285714287,1.840926665842915,22.571428571428573,24.871428571428574,59.0,-0.8660254037844385,-0.5000000000000004,5.800000000000001,1907.6000000000001
2022-08-21,29.7,23.2,26.0,0.5,23.9,74,6,8,233,3,2022,29.2,23.4,25.6,29.6,23.4,26.0,30.5,22.8,26.1,25.9,22.6,23.8,28.3,22.6,24.3,28.3,23.1,24.3,29.5,0.264575131106502,23.333333333333332,25.866666666666664,1.4999999999999858,29.342857142857138,1.0721584815337648,22.657142857142855,25.442857142857147,9.0,28.285714285714285,1.8851064621466065,22.614285714285717,24.992857142857144,46.8,-0.8660254037844385,-0.5000000000000004,6.5,1768.6
2022-08-22,29.6,22.3,25.4,0.2,26.7,75,0,8,234,3,2022,29.7,23.2,26.0,29.2,23.4,25.6,29.6,23.4,26.0,27.1,21.8,23.5,24.6,22.1,22.9,26.5,22.3,23.6,29.5,0.264575131106502,22.96666666666667,25.666666666666668,1.5999999999999857,29.7,0.41633319989435513,22.72857142857143,25.714285714285715,1.8,28.642857142857142,1.5824587906723961,22.62857142857143,25.17142857142857,24.3,-0.8660254037844385,-0.5000000000000004,7.300000000000001,2002.5
2022-08-23,30.0,22.3,25.5,0.3,20.5,76,1,8,235,3,2022,29.6,22.3,25.4,29.7,23.2,26.0,29.2,23.4,25.6,29.4,21.8,25.1,25.0,22.2,23.6,26.6,22.1,23.8,29.766666666666666,0.20816659994667838,22.599999999999998,25.633333333333336,0.9999999999999858,29.785714285714285,0.405908739451166,22.8,25.77142857142857,2.1,29.0,1.2197099276847851,22.63571428571429,25.307142857142857,18.400000000000002,-0.8660254037844385,-0.5000000000000004,7.699999999999999,1558.0
2022-08-24,30.3,22.8,26.0,1.6,18.2,76,2,8,236,3,2022,30.0,22.3,25.5,29.6,22.3,25.4,29.7,23.2,26.0,29.9,22.2,25.8,28.6,22.0,25.1,28.0,22.1,24.1,29.96666666666667,0.3511884584284676,22.46666666666667,25.633333333333336,2.099999999999986,29.842857142857145,0.4503966505848666,22.88571428571429,25.8,3.7,29.12142857142857,1.2607559218603774,22.692857142857143,25.37142857142857,19.700000000000003,-0.8660254037844385,-0.5000000000000004,7.5,1383.2
2022-08-25,30.0,22.0,25.3,4.2,17.6,80,3,8,237,3,2022,30.3,22.8,26.0,30.0,22.3,25.5,29.6,22.3,25.4,30.5,22.8,26.1,28.8,23.2,25.4,28.0,22.0,24.2,30.099999999999998,0.17320508075698288,22.366666666666664,25.599999999999998,6.099999999999986,29.77142857142857,0.3592319850021023,22.771428571428572,25.685714285714287,7.800000000000001,29.207142857142856,1.2778974833774785,22.607142857142858,25.364285714285717,23.000000000000004,-0.8660254037844385,-0.5000000000000004,8.0,1408.0
2022-08-26,30.7,21.9,25.8,1.0,11.7,76,4,8,238,3,2022,30.0,22.0,25.3,30.3,22.8,26.0,30.0,22.3,25.5,29.6,23.4,26.0,29.3,23.2,25.8,29.8,21.5,25.1,30.333333333333332,0.3511884584284764,22.233333333333334,25.7,6.7999999999999865,29.928571428571427,0.48892496259501067,22.557142857142853,25.657142857142862,8.7,29.307142857142853,1.3390377059748888,22.514285714285712,25.364285714285717,23.500000000000004,-0.8660254037844385,-0.5000000000000004,8.8,889.1999999999999
2022-08-27,30.4,22.6,25.6,1.7,15.4,78,5,8,239,3,2022,30.7,21.9,25.8,30.0,22.0,25.3,30.3,22.8,26.0,29.2,23.4,25.6,28.4,22.7,25.2,29.9,21.8,25.2,30.366666666666664,0.3511884584284769,22.166666666666668,25.566666666666666,6.899999999999986,30.099999999999998,0.3915780041501655,22.442857142857147,25.657142857142855,9.5,29.45,1.3414974411514535,22.507142857142856,25.392857142857142,25.0,-0.8660254037844385,-0.5000000000000004,7.799999999999997,1201.2
2022-08-28,30.1,21.7,26.0,0.6,15.1,76,6,8,240,3,2022,30.4,22.6,25.6,30.7,21.9,25.8,30.0,22.0,25.3,29.7,23.2,26.0,25.9,22.6,23.8,30.3,21.9,25.6,30.400000000000002,0.30000000000006133,22.066666666666666,25.8,3.2999999999999856,30.157142857142862,0.35050983275513137,22.228571428571428,25.657142857142855,9.6,29.75,0.8750824137015558,22.442857142857147,25.55,18.6,-0.8660254037844385,-0.5000000000000004,8.400000000000002,1147.6
2022-08-29,30.0,23.0,25.5,8.8,10.5,82,0,8,241,3,2022,30.1,21.7,26.0,30.4,22.6,25.6,30.7,21.9,25.8,29.6,22.3,25.4,27.1,21.8,23.5,29.7,22.6,25.9,30.166666666666668,0.20816659994670186,22.433333333333334,25.700000000000003,11.099999999999987,30.214285714285715,0.2672612419140729,22.32857142857143,25.671428571428574,18.200000000000003,29.957142857142856,0.42915710896632403,22.528571428571432,25.692857142857143,20.0,-0.8660254037844385,-0.5000000000000004,7.0,861.0
2022-08-30,30.6,21.8,25.7,0.7,13.5,81,1,8,242,3,2022,30.0,23.0,25.5,30.1,21.7,26.0,30.4,22.6,25.6,30.0,22.3,25.5,29.4,21.8,25.1,29.6,22.9,26.1,30.233333333333334,0.32145502536648884,22.166666666666668,25.73333333333333,10.099999999999987,30.3,0.2828427124761597,22.25714285714286,25.7,18.6,30.042857142857144,0.42915710896632353,22.52857142857143,25.735714285714288,20.700000000000003,-0.8660254037844385,-0.5000000000000004,8.8,1093.5
2022-08-31,30.6,22.3,25.7,8.7,12.7,82,2,8,243,3,2022,30.6,21.8,25.7,30.0,23.0,25.5,30.1,21.7,26.0,30.3,22.8,26.0,29.9,22.2,25.8,29.6,22.8,25.6,30.400000000000002,0.34641016151382703,22.366666666666664,25.63333333333333,18.199999999999985,30.342857142857145,0.3047247001114443,22.185714285714283,25.657142857142862,25.699999999999996,30.092857142857145,0.45143239670156304,22.535714285714285,25.728571428571428,29.4,-0.8660254037844385,-0.5000000000000004,8.3,1041.3999999999999
2022-09-01,30.5,22.8,25.4,7.2,13.5,84,3,9,244,3,2022,30.6,22.3,25.7,30.6,21.8,25.7,30.0,23.0,25.5,30.0,22.0,25.3,30.5,22.8,26.1,30.2,22.6,25.8,30.566666666666666,0.05773502691926443,22.3,25.599999999999998,16.599999999999984,30.414285714285715,0.2672612419140311,22.3,25.67142857142857,28.7,30.092857142857145,0.45143239670156304,22.535714285714285,25.678571428571427,36.5,-1.0,-1.8369701987210297e-16,7.699999999999999,1134.0
2022-09-02,30.4,22.1,25.7,0.4,14.5,81,4,9,245,3,2022,30.5,22.8,25.4,30.6,22.3,25.7,30.6,21.8,25.7,30.7,21.9,25.8,29.6,23.4,26.0,29.9,23.0,25.4,30.5,0.10000000000017255,22.400000000000002,25.599999999999998,16.299999999999986,30.37142857142857,0.23603873774266215,22.328571428571426,25.657142857142855,28.099999999999998,30.150000000000002,0.4345643264772919,22.442857142857147,25.657142857142855,36.8,-1.0,-1.8369701987210297e-16,8.299999999999997,1174.5
2022-09-03,31.3,22.1,26.7,2.6,9.6,79,5,9,246,3,2022,30.4,22.1,25.7,30.5,22.8,25.4,30.6,22.3,25.7,30.4,22.6,25.6,29.2,23.4,25.6,30.1,22.6,25.3,30.733333333333334,0.49328828623166193,22.333333333333332,25.933333333333334,10.199999999999985,30.5,0.42426406871293015,22.25714285714286,25.814285714285713,29.0,30.3,0.44376015698075577,22.349999999999998,25.735714285714288,38.5,-1.0,-1.8369701987210297e-16,9.2,758.4
2022-09-04,30.0,22.3,25.8,10.5,13.4,81,6,9,247,3,2022,31.3,22.1,26.7,30.4,22.1,25.7,30.5,22.8,25.4,30.1,21.7,26.0,29.7,23.2,26.0,29.0,22.4,24.7,30.566666666666666,0.6658328118479653,22.166666666666668,26.066666666666666,13.499999999999986,30.485714285714288,0.4413183712046851,22.342857142857145,25.785714285714285,38.9,30.321428571428573,0.41911733519367655,22.285714285714285,25.721428571428568,48.5,-1.0,-1.8369701987210297e-16,7.699999999999999,1085.4
2022-09-05,30.4,21.9,25.6,2.5,14.8,83,0,9,248,3,2022,30.0,22.3,25.8,31.3,22.1,26.7,30.4,22.1,25.7,30.0,23.0,25.5,29.6,22.3,25.4,29.5,22.8,24.9,30.566666666666666,0.6658328118479653,22.099999999999998,26.03333333333333,15.599999999999985,30.54285714285714,0.3909694909554816,22.185714285714287,25.8,32.599999999999994,30.37857142857143,0.36411868612160736,22.257142857142856,25.735714285714288,50.8,-1.0,-1.8369701987210297e-16,8.5,1228.4
2022-09-06,30.1,22.0,25.2,10.9,11.5,86,1,9,249,3,2022,30.4,21.9,25.6,30.0,22.3,25.8,31.3,22.1,26.7,30.6,21.8,25.7,30.0,22.3,25.5,28.3,22.6,24.3,30.166666666666668,0.208166599946685,22.066666666666666,25.53333333333333,23.899999999999984,30.47142857142857,0.4231401884109705,22.214285714285715,25.728571428571428,42.8,30.38571428571429,0.35703295012230374,22.235714285714284,25.714285714285715,61.4,-1.0,-1.8369701987210297e-16,8.100000000000001,989.0
2022-09-07,30.2,22.2,25.0,19.5,11.8,86,2,9,250,3,2022,30.1,22.0,25.2,30.4,21.9,25.6,30.0,22.3,25.8,30.6,22.3,25.7,30.3,22.8,26.0,24.6,22.1,22.9,30.233333333333334,0.152752523165294,22.03333333333333,25.266666666666666,32.899999999999984,30.414285714285715,0.4298393941494462,22.2,25.628571428571426,53.599999999999994,30.37857142857143,0.3598687184321562,22.192857142857147,25.642857142857142,79.3,-1.0,-1.8369701987210297e-16,8.0,1014.8000000000001
2022-09-08,28.5,21.9,24.4,10.9,11.8,88,3,9,251,3,2022,30.2,22.2,25.0,30.1,22.0,25.2,30.4,21.9,25.6,30.5,22.8,25.4,30.0,22.0,25.3,25.0,22.2,23.6,29.599999999999998,0.9539392014169602,22.03333333333333,24.866666666666664,41.29999999999998,30.12857142857143,0.8360906763315236,22.071428571428573,25.485714285714288,57.3,30.271428571428572,0.6144773531896238,22.185714285714287,25.57857142857143,86.0,-1.0,-1.8369701987210297e-16,6.600000000000001,1038.4
2022-09-09,28.2,22.5,24.4,24.5,9.4,89,4,9,252,3,2022,28.5,21.9,24.4,30.2,22.2,25.0,30.1,22.0,25.2,30.4,22.1,25.7,30.7,21.9,25.8,28.6,22.0,25.1,28.96666666666667,1.078579312490905,22.2,24.599999999999998,54.899999999999984,29.814285714285713,1.091525799708595,22.12857142857143,25.3,81.4,30.092857142857145,0.811896436854069,22.228571428571428,25.478571428571428,109.5,-1.0,-1.8369701987210297e-16,5.699999999999999,836.6
2022-09-10,27.9,22.6,24.0,20.3,16.6,90,5,9,253,3,2022,28.2,22.5,24.4,28.5,21.9,24.4,30.2,22.2,25.0,31.3,22.1,26.7,30.4,22.6,25.6,28.8,23.2,25.4,28.2,0.30000000000001964,22.333333333333332,24.266666666666666,55.69999999999999,29.328571428571426,1.076590738882972,22.2,24.914285714285715,99.1,29.914285714285715,0.9937165226929848,22.22857142857143,25.364285714285717,128.1,-1.0,-1.8369701987210297e-16,5.299999999999997,1494.0000000000002
2022-09-11,26.1,22.2,23.5,9.2,21.3,90,6,9,254,3,2022,27.9,22.6,24.0,28.2,22.5,24.4,28.5,21.9,24.4,30.0,22.3,25.8,30.1,21.7,26.0,29.3,23.2,25.8,27.400000000000002,1.1357816691600542,22.433333333333334,23.96666666666667,53.999999999999986,28.77142857142857,1.5681350767866393,22.185714285714287,24.585714285714285,97.79999999999998,29.62857142857143,1.4198746268753675,22.264285714285712,25.185714285714287,136.7,-1.0,-1.8369701987210297e-16,3.900000000000002,1917.0
2022-09-12,27.2,22.4,24.5,1.6,24.3,84,0,9,255,3,2022,26.1,22.2,23.5,27.9,22.6,24.0,28.2,22.5,24.4,30.4,21.9,25.6,30.0,23.0,25.5,28.4,22.7,25.2,27.066666666666663,0.9073771725877435,22.400000000000002,24.0,31.099999999999987,28.314285714285717,1.478094010800048,22.257142857142856,24.428571428571427,96.89999999999999,29.428571428571427,1.5543628778520362,22.221428571428568,25.114285714285717,129.5,-1.0,-1.8369701987210297e-16,4.800000000000001,2041.2
2022-09-13,28.8,22.9,25.3,0.5,26.6,78,1,9,256,3,2022,27.2,22.4,24.5,26.1,22.2,23.5,27.9,22.6,24.0,30.1,22.0,25.2,30.6,21.8,25.7,25.9,22.6,23.8,27.36666666666667,1.357694123627753,22.5,24.433333333333334,11.299999999999985,28.128571428571426,1.2854497082274503,22.385714285714283,24.442857142857147,86.5,29.3,1.524164335981337,22.300000000000004,25.085714285714285,129.3,-1.0,-1.8369701987210297e-16,5.900000000000002,2074.8
2022-09-14,29.1,22.1,25.2,0.9,24.0,78,2,9,257,3,2022,28.8,22.9,25.3,27.2,22.4,24.5,26.1,22.2,23.5,30.2,22.2,25.0,30.6,22.3,25.7,27.1,21.8,23.5,28.366666666666664,1.021436896402978,22.466666666666665,25.0,2.999999999999986,27.97142857142857,1.0323343865799424,22.37142857142857,24.47142857142857,67.9,29.192857142857143,1.4777656136179764,22.285714285714285,25.05,121.5,-1.0,-1.8369701987210297e-16,7.0,1872.0
2022-09-15,29.1,22.2,25.2,0.2,23.8,77,3,9,258,3,2022,29.1,22.1,25.2,28.8,22.9,25.3,27.2,22.4,24.5,28.5,21.9,24.4,30.5,22.8,25.4,29.4,21.8,25.1,29.0,0.17320508075694402,22.400000000000002,25.23333333333333,1.5999999999999859,28.057142857142857,1.1058287131641298,22.414285714285715,24.585714285714285,57.2,29.092857142857138,1.4290740873912913,22.24285714285714,25.035714285714285,114.5,-1.0,-1.8369701987210297e-16,6.900000000000002,1832.6000000000001
2022-09-16,29.1,22.4,25.3,0.0,28.6,76,4,9,259,3,2022,29.1,22.2,25.2,29.1,22.1,25.2,28.8,22.9,25.3,28.2,22.5,24.4,30.4,22.1,25.7,29.9,22.2,25.8,29.1,1.4413552077228657e-07,22.23333333333333,25.233333333333334,1.0999999999999859,28.185714285714287,1.1753418955476964,22.400000000000002,24.714285714285715,32.7,29.0,1.3789628209415095,22.264285714285712,25.00714285714286,114.1,-1.0,-1.8369701987210297e-16,6.700000000000003,2173.6
2022-09-17,29.7,22.2,25.3,0.3,20.6,78,5,9,260,3,2022,29.1,22.4,25.3,29.1,22.2,25.2,29.1,22.1,25.2,27.9,22.6,24.0,31.3,22.1,26.7,30.5,22.8,26.1,29.3,0.3464101615138078,22.266666666666666,25.266666666666666,0.4999999999999858,28.442857142857147,1.2933897876735378,22.342857142857145,24.900000000000002,12.7,28.885714285714283,1.2321695330766222,22.271428571428572,24.907142857142855,111.80000000000001,-1.0,-1.8369701987210297e-16,7.5,1606.8000000000002
2022-09-18,29.4,22.5,25.3,0.1,19.7,77,6,9,261,3,2022,29.7,22.2,25.3,29.1,22.4,25.3,29.1,22.2,25.2,26.1,22.2,23.5,30.0,22.3,25.8,29.6,23.4,26.0,29.400000000000002,0.30000000000003946,22.366666666666664,25.3,0.3999999999999858,28.914285714285715,0.8071112509620876,22.385714285714283,25.157142857142855,3.6,28.842857142857145,1.2004577881372605,22.285714285714285,24.871428571428574,101.4,-1.0,-1.8369701987210297e-16,6.899999999999999,1516.8999999999999
2022-09-19,29.0,22.8,25.2,3.2,19.8,75,0,9,262,3,2022,29.4,22.5,25.3,29.7,22.2,25.3,29.1,22.4,25.3,27.2,22.4,24.5,30.4,21.9,25.6,29.2,23.4,25.6,29.366666666666664,0.35118845842845764,22.5,25.26666666666667,3.599999999999986,29.17142857142857,0.2927700218862515,22.442857142857147,25.25714285714286,5.2,28.742857142857144,1.1161157134073456,22.35,24.842857142857145,102.10000000000001,-1.0,-1.8369701987210297e-16,6.199999999999999,1485.0
2022-09-20,26.1,22.2,24.0,1.8,20.4,83,1,9,263,3,2022,29.0,22.8,25.2,29.4,22.5,25.3,29.7,22.2,25.3,28.8,22.9,25.3,30.1,22.0,25.2,29.7,23.2,26.0,28.166666666666668,1.8009256878986786,22.5,24.833333333333332,5.099999999999986,28.785714285714285,1.2088955998884248,22.342857142857145,25.071428571428573,6.5,28.457142857142856,1.2463573297442,22.364285714285717,24.75714285714286,93.0,-1.0,-1.8369701987210297e-16,3.900000000000002,1693.1999999999998
2022-09-21,28.8,21.7,24.9,0.8,20.8,79,2,9,264,3,2022,26.1,22.2,24.0,29.0,22.8,25.2,29.4,22.5,25.3,29.1,22.1,25.2,30.2,22.2,25.0,29.6,22.3,25.4,27.96666666666667,1.619670748434177,22.23333333333333,24.7,5.799999999999986,28.74285714285714,1.201189886262022,22.285714285714285,25.02857142857143,6.4,28.357142857142858,1.148051383006212,22.328571428571426,24.75,74.3,-1.0,-1.8369701987210297e-16,7.100000000000001,1643.2
2022-09-22,27.9,22.3,24.6,3.6,19.4,79,3,9,265,3,2022,28.8,21.7,24.9,26.1,22.2,24.0,29.0,22.8,25.2,29.1,22.2,25.2,28.5,21.9,24.4,30.0,22.3,25.5,27.599999999999998,1.3747727084867476,22.066666666666666,24.5,6.199999999999986,28.571428571428573,1.2270755012285621,22.3,24.942857142857147,9.8,28.314285714285713,1.153494451893874,22.357142857142858,24.764285714285712,67.0,-1.0,-1.8369701987210297e-16,5.599999999999998,1532.6
2022-09-23,28.3,21.8,24.3,0.8,16.9,76,4,9,266,3,2022,27.9,22.3,24.6,28.8,21.7,24.9,26.1,22.2,24.0,29.1,22.4,25.3,28.2,22.5,24.4,30.3,22.8,26.0,28.333333333333332,0.4509249752822934,21.933333333333334,24.599999999999998,5.199999999999986,28.457142857142856,1.206727175541981,22.214285714285715,24.8,10.600000000000001,28.321428571428573,1.1530418442129464,22.307142857142857,24.75714285714286,43.3,-1.0,-1.8369701987210297e-16,6.5,1284.3999999999999
2022-09-24,29.2,21.7,24.8,0.0,16.6,76,5,9,267,3,2022,28.3,21.8,24.3,27.9,22.3,24.6,28.8,21.7,24.9,29.7,22.2,25.3,27.9,22.6,24.0,30.0,22.0,25.3,28.46666666666667,0.6658328118479426,21.933333333333334,24.566666666666666,4.399999999999986,28.38571428571429,1.1334733807032973,22.142857142857142,24.72857142857143,10.3,28.41428571428571,1.1687318195097474,22.24285714285714,24.814285714285713,23.0,-1.0,-1.8369701987210297e-16,7.5,1261.6000000000001
2022-09-25,29.3,21.3,24.9,0.7,11.6,78,6,9,268,3,2022,29.2,21.7,24.8,28.3,21.8,24.3,27.9,22.3,24.6,29.4,22.5,25.3,26.1,22.2,23.5,30.7,21.9,25.8,28.933333333333334,0.5507570547286195,21.600000000000005,24.666666666666668,1.4999999999999858,28.371428571428574,1.119098276462801,21.97142857142857,24.67142857142857,10.9,28.642857142857142,0.9787859715088275,22.178571428571427,24.914285714285715,14.5,-1.0,-1.8369701987210297e-16,8.0,904.8
2022-09-26,30.2,21.7,25.2,3.1,12.6,80,0,9,269,3,2022,29.3,21.3,24.9,29.2,21.7,24.8,28.3,21.8,24.3,29.0,22.8,25.2,27.2,22.4,24.5,30.4,22.6,25.6,29.566666666666666,0.5507570547286267,21.566666666666666,24.96666666666667,3.7999999999999856,28.542857142857144,1.307487594405719,21.814285714285713,24.671428571428574,10.8,28.857142857142858,0.9669255684619977,22.12857142857143,24.964285714285715,16.0,-1.0,-1.8369701987210297e-16,8.5,1008.0
2022-09-27,29.4,22.2,25.2,2.2,11.4,83,1,9,270,3,2022,30.2,21.7,25.2,29.3,21.3,24.9,29.2,21.7,24.8,26.1,22.2,24.0,28.8,22.9,25.3,30.1,21.7,26.0,29.63333333333333,0.493288286231644,21.73333333333333,25.099999999999998,5.999999999999986,29.014285714285712,0.7603257447280365,21.814285714285713,24.842857142857138,11.2,28.900000000000002,0.9774377808255204,22.078571428571426,24.957142857142856,17.700000000000003,-1.0,-1.8369701987210297e-16,7.199999999999999,946.2
2022-09-28,29.3,21.7,24.9,14.6,8.6,85,2,9,271,3,2022,29.4,22.2,25.2,30.2,21.7,25.2,29.3,21.3,24.9,28.8,21.7,24.9,29.1,22.1,25.2,30.0,23.0,25.5,29.633333333333336,0.493288286231644,21.866666666666664,25.099999999999998,19.899999999999984,29.085714285714285,0.7603257447280324,21.814285714285717,24.842857142857145,25.0,28.914285714285715,0.9820364577733899,22.05,24.935714285714287,31.4,-1.0,-1.8369701987210297e-16,7.600000000000001,731.0
2022-09-29,29.0,21.9,24.0,25.5,12.0,89,3,9,272,3,2022,29.3,21.7,24.9,29.4,22.2,25.2,30.2,21.7,25.2,27.9,22.3,24.6,29.1,22.2,25.2,30.6,21.8,25.7,29.23333333333333,0.20816659994664946,21.933333333333334,24.7,42.29999999999998,29.24285714285714,0.5623081683485137,21.757142857142856,24.75714285714286,46.9,28.907142857142862,0.9809448237557757,22.028571428571432,24.849999999999998,56.7,-1.0,-1.8369701987210297e-16,7.100000000000001,1068.0
2022-09-30,29.2,22.1,25.2,8.5,14.6,84,4,9,273,3,2022,29.0,21.9,24.0,29.3,21.7,24.9,29.4,22.2,25.2,28.3,21.8,24.3,29.1,22.4,25.3,30.6,22.3,25.7,29.166666666666668,0.15275252316524368,21.900000000000002,24.7,48.59999999999999,29.37142857142857,0.38606685826239046,21.800000000000004,24.885714285714283,54.6,28.914285714285715,0.9828194472712517,22.007142857142856,24.842857142857145,65.2,-1.0,-1.8369701987210297e-16,7.099999999999998,1226.3999999999999
2022-10-01,29.6,22.1,25.0,1.3,14.6,80,5,10,274,4,2022,29.2,22.1,25.2,29.0,21.9,24.0,29.3,21.7,24.9,29.2,21.7,24.8,29.7,22.2,25.3,30.5,22.8,25.4,29.266666666666666,0.305505046330417,22.03333333333333,24.733333333333334,35.29999999999998,29.428571428571427,0.3860668582623845,21.857142857142858,24.91428571428571,55.9,28.907142857142855,0.9770160897144645,22.0,24.821428571428573,66.2,-0.8660254037844386,0.5000000000000001,7.5,1168.0
2022-10-02,30.0,21.1,25.2,0.0,18.6,76,6,10,275,4,2022,29.6,22.1,25.0,29.2,22.1,25.2,29.0,21.9,24.0,29.3,21.3,24.9,29.4,22.5,25.3,30.4,22.1,25.7,29.599999999999998,0.40000000000002794,21.76666666666667,25.133333333333336,9.799999999999986,29.52857142857143,0.43479606604542836,21.828571428571426,24.95714285714286,55.199999999999996,28.949999999999996,1.012802661316475,21.900000000000002,24.814285714285713,66.1,-0.8660254037844386,0.5000000000000001,8.899999999999999,1413.6000000000001
2022-10-03,30.3,22.8,25.8,0.1,18.9,69,0,10,276,4,2022,30.0,21.1,25.2,29.6,22.1,25.0,29.2,22.1,25.2,30.2,21.7,25.2,29.0,22.8,25.2,31.3,22.1,26.7,29.96666666666667,0.35118845842846586,22.0,25.333333333333332,1.399999999999986,29.542857142857144,0.46136443605690275,21.985714285714288,25.04285714285714,52.199999999999996,29.04285714285714,1.0753992358580235,21.9,24.857142857142858,63.0,-0.8660254037844386,0.5000000000000001,7.5,1304.1
2022-10-04,30.1,22.8,25.9,0.0,18.0,67,1,10,277,4,2022,30.3,22.8,25.8,30.0,21.1,25.2,29.6,22.1,25.0,29.4,22.2,25.2,26.1,22.2,24.0,30.0,22.3,25.8,30.133333333333336,0.15275252316530036,22.233333333333334,25.63333333333333,0.0999999999999858,29.642857142857142,0.499523582551178,22.071428571428573,25.142857142857142,50.0,29.32857142857143,0.6988216141134712,21.942857142857143,24.99285714285714,61.2,-0.8660254037844386,0.5000000000000001,7.300000000000001,1206.0
2022-10-05,28.6,22.3,24.5,10.9,12.8,81,2,10,278,4,2022,30.1,22.8,25.9,30.3,22.8,25.8,30.0,21.1,25.2,29.3,21.7,24.9,28.8,21.7,24.9,30.4,21.9,25.6,29.666666666666668,0.9291573243177714,22.633333333333336,25.400000000000002,10.999999999999986,29.542857142857144,0.6320789582993339,22.157142857142855,25.085714285714285,46.3,29.314285714285713,0.7123710602439125,21.985714285714288,24.964285714285715,71.30000000000001,-0.8660254037844386,0.5000000000000001,6.300000000000001,1036.8
2022-10-06,25.6,21.6,22.8,21.1,12.9,92,3,10,279,4,2022,28.6,22.3,24.5,30.1,22.8,25.9,30.3,22.8,25.8,29.0,21.9,24.0,27.9,22.3,24.6,30.1,22.0,25.2,28.100000000000005,2.2912878474779217,22.233333333333334,24.400000000000002,31.999999999999986,29.057142857142857,1.6328473523852352,22.114285714285717,24.914285714285715,41.900000000000006,29.150000000000002,1.1771869990658812,21.935714285714287,24.835714285714285,88.8,-0.8660254037844386,0.5000000000000001,4.0,1186.8
2022-10-07,28.6,20.7,24.3,2.3,14.1,82,4,10,280,4,2022,25.6,21.6,22.8,28.6,22.3,24.5,30.1,22.8,25.9,29.2,22.1,25.2,28.3,21.8,24.3,30.2,22.2,25.0,27.600000000000005,1.7320508075688779,21.533333333333335,23.866666666666664,34.29999999999998,28.97142857142857,1.6398315825256633,21.914285714285715,24.785714285714285,35.7,29.171428571428574,1.1631711107861722,21.857142857142858,24.835714285714285,90.3,-0.8660254037844386,0.5000000000000001,7.900000000000002,1156.2
2022-10-08,28.9,21.1,24.5,3.5,9.2,82,5,10,281,4,2022,28.6,20.7,24.3,25.6,21.6,22.8,28.6,22.3,24.5,29.6,22.1,25.0,29.2,21.7,24.8,28.5,21.9,24.4,27.7,1.824828759089466,21.133333333333336,23.866666666666664,26.899999999999988,28.87142857142857,1.6162861604251773,21.771428571428572,24.714285714285715,37.900000000000006,29.150000000000002,1.1653655748637108,21.814285714285713,24.814285714285717,93.8,-0.8660254037844386,0.5000000000000001,7.799999999999997,754.4
2022-10-09,28.1,21.4,24.1,2.6,14.8,87,6,10,282,4,2022,28.9,21.1,24.5,28.6,20.7,24.3,25.6,21.6,22.8,30.0,21.1,25.2,29.3,21.3,24.9,28.2,22.5,24.4,28.53333333333333,0.4041451884327566,21.066666666666666,24.3,8.399999999999986,28.599999999999998,1.5534906930311367,21.814285714285717,24.557142857142857,40.50000000000001,29.064285714285717,1.1971807542064234,21.821428571428573,24.757142857142856,95.7,-0.8660254037844386,0.5000000000000001,6.700000000000003,1287.6000000000001
2022-10-10,27.9,22.0,24.0,1.5,14.5,88,0,10,283,4,2022,28.1,21.4,24.1,28.9,21.1,24.5,28.6,20.7,24.3,30.3,22.8,25.8,30.2,21.7,25.2,27.9,22.6,24.0,28.3,0.5291502622129292,21.5,24.200000000000003,7.599999999999985,28.257142857142856,1.3697410252275897,21.7,24.300000000000004,41.900000000000006,28.900000000000002,1.187110259930083,21.842857142857145,24.67142857142857,94.10000000000001,-0.8660254037844386,0.5000000000000001,5.899999999999999,1276.0
2022-10-11,28.6,22.0,24.4,3.2,15.3,85,1,10,284,4,2022,27.9,22.0,24.0,28.1,21.4,24.1,28.9,21.1,24.5,30.1,22.8,25.9,29.4,22.2,25.2,26.1,22.2,23.5,28.2,0.36055512754641444,21.8,24.166666666666668,7.2999999999999865,28.042857142857144,1.1296860077878026,21.58571428571429,24.085714285714285,45.1,28.842857142857145,1.1804264455725701,21.82857142857143,24.614285714285717,95.1,-0.8660254037844386,0.5000000000000001,6.600000000000001,1300.5
2022-10-12,29.1,21.6,24.2,11.8,10.5,86,2,10,285,4,2022,28.6,22.0,24.4,27.9,22.0,24.0,28.1,21.4,24.1,28.6,22.3,24.5,29.3,21.7,24.9,27.2,22.4,24.5,28.53333333333333,0.6027713773341853,21.866666666666664,24.2,16.499999999999986,28.114285714285717,1.1852265204436518,21.485714285714288,24.042857142857144,46.00000000000001,28.828571428571426,1.1756690870301476,21.821428571428573,24.564285714285717,92.30000000000001,-0.8660254037844386,0.5000000000000001,7.5,903.0
2022-10-13,29.0,21.1,24.3,3.8,8.0,86,3,10,286,4,2022,29.1,21.6,24.2,28.6,22.0,24.4,27.9,22.0,24.0,25.6,21.6,22.8,29.0,21.9,24.0,28.8,22.9,25.3,28.900000000000002,0.26457513110649933,21.566666666666666,24.299999999999997,18.799999999999986,28.6,0.4546060565673246,21.414285714285715,24.257142857142856,28.7,28.828571428571426,1.1756690870301476,21.764285714285712,24.585714285714285,70.60000000000001,-0.8660254037844386,0.5000000000000001,7.899999999999999,688.0
2022-10-14,28.0,21.1,23.4,2.0,12.6,88,4,10,287,4,2022,29.0,21.1,24.3,29.1,21.6,24.2,28.6,22.0,24.4,28.6,20.7,24.3,29.2,22.1,25.2,29.1,22.1,25.2,28.7,0.6082762530298358,21.266666666666666,23.96666666666667,17.599999999999987,28.514285714285716,0.5080307452273644,21.471428571428568,24.12857142857143,28.4,28.74285714285714,1.1901611304710022,21.692857142857147,24.457142857142856,64.10000000000001,-0.8660254037844386,0.5000000000000001,6.899999999999999,1108.8
2022-10-15,26.8,20.9,23.6,5.0,15.5,88,5,10,288,4,2022,28.0,21.1,23.4,29.0,21.1,24.3,29.1,21.6,24.2,28.9,21.1,24.5,29.6,22.1,25.0,29.1,22.2,25.2,27.933333333333334,1.1015141094572172,21.033333333333335,23.766666666666666,10.799999999999986,28.214285714285715,0.7861903319783904,21.442857142857143,24.0,29.9,28.542857142857144,1.2677747225959515,21.607142857142858,24.357142857142858,67.8,-0.8660254037844386,0.5000000000000001,5.900000000000002,1364.0
2022-10-16,26.7,20.9,23.1,6.0,15.3,92,6,10,289,4,2022,26.8,20.9,23.6,28.0,21.1,23.4,29.0,21.1,24.3,28.1,21.4,24.1,30.0,21.1,25.2,29.1,22.4,25.3,27.166666666666668,0.7234178138070025,20.966666666666665,23.36666666666667,12.999999999999986,28.014285714285712,0.9754120008640648,21.37142857142857,23.857142857142858,33.300000000000004,28.307142857142857,1.282704046274963,21.592857142857138,24.207142857142856,73.8,-0.8660254037844386,0.5000000000000001,5.800000000000001,1407.6000000000001
2022-10-17,28.7,21.2,24.6,2.0,12.2,84,0,10,290,4,2022,26.7,20.9,23.1,26.8,20.9,23.6,28.0,21.1,23.4,27.9,22.0,24.0,30.3,22.8,25.8,29.7,22.2,25.3,27.400000000000002,1.126942766958453,21.0,23.766666666666666,12.999999999999986,28.12857142857143,1.0061714328989926,21.25714285714286,23.942857142857143,33.800000000000004,28.192857142857147,1.156562736144414,21.47857142857143,24.12142857142857,75.7,-0.8660254037844386,0.5000000000000001,7.5,1024.8
2022-10-18,28.5,21.2,24.4,0.4,8.8,84,1,10,291,4,2022,28.7,21.2,24.6,26.7,20.9,23.1,26.8,20.9,23.6,28.6,22.0,24.4,30.1,22.8,25.9,29.4,22.5,25.3,27.96666666666667,1.1015141094572152,21.099999999999998,24.033333333333335,8.399999999999986,28.114285714285717,0.9990471651009769,21.142857142857142,23.942857142857147,31.0,28.07857142857143,1.025204348432275,21.364285714285717,24.014285714285712,76.10000000000001,-0.8660254037844386,0.5000000000000001,7.300000000000001,739.2
2022-10-19,29.3,21.1,24.3,1.1,10.0,83,2,10,292,4,2022,28.5,21.2,24.4,28.7,21.2,24.6,26.7,20.9,23.1,29.1,21.6,24.2,28.6,22.3,24.5,29.0,22.8,25.2,28.833333333333332,0.41633319989323864,21.166666666666668,24.433333333333334,3.499999999999986,28.142857142857142,1.0341778423099521,21.071428571428573,23.957142857142856,20.3,28.128571428571426,1.0687365448033916,21.27857142857143,24.0,66.3,-0.8660254037844386,0.5000000000000001,8.2,830.0
2022-10-20,28.4,21.1,23.8,2.8,12.6,86,3,10,293,4,2022,29.3,21.1,24.3,28.5,21.2,24.4,28.7,21.2,24.6,29.0,21.1,24.3,25.6,21.6,22.8,26.1,22.2,24.0,28.73333333333333,0.4932882862316326,21.133333333333336,24.166666666666668,4.299999999999986,28.057142857142853,0.9744351233021482,21.071428571428573,23.88571428571429,19.3,28.32857142857143,0.7829221116864207,21.24285714285714,24.071428571428573,48.0,-0.8660254037844386,0.5000000000000001,7.299999999999997,1083.6
2022-10-21,29.0,20.0,24.2,0.0,13.7,78,4,10,294,4,2022,28.4,21.1,23.8,29.3,21.1,24.3,28.5,21.2,24.4,28.0,21.1,23.4,28.6,20.7,24.3,28.8,21.7,24.9,28.899999999999995,0.45825756949559737,20.733333333333334,24.099999999999998,3.8999999999999857,28.199999999999996,1.036018017861846,20.914285714285715,24.0,17.3,28.357142857142858,0.8006865186197357,21.192857142857143,24.064285714285713,45.7,-0.8660254037844386,0.5000000000000001,9.0,1068.6
2022-10-22,27.9,18.9,22.9,0.0,16.5,60,5,10,295,4,2022,29.0,20.0,24.2,28.4,21.1,23.8,29.3,21.1,24.3,26.8,20.9,23.6,28.9,21.1,24.5,27.9,22.3,24.6,28.433333333333334,0.5507570547286122,20.0,23.633333333333336,2.7999999999999856,28.357142857142858,0.8560707580908191,20.62857142857143,23.900000000000002,12.3,28.285714285714285,0.7931021302527692,21.035714285714285,23.949999999999996,42.2,-0.8660254037844386,0.5000000000000001,9.0,990.0
2022-10-23,27.8,17.7,22.0,0.0,22.1,58,6,10,296,4,2022,27.9,18.9,22.9,29.0,20.0,24.2,28.4,21.1,23.8,26.7,20.9,23.1,28.1,21.4,24.1,28.3,21.8,24.3,28.233333333333334,0.6658328118479375,18.866666666666664,23.03333333333333,0.0,28.514285714285712,0.5459809869366103,20.17142857142857,23.74285714285714,6.3,28.264285714285712,0.8025029526496962,20.771428571428572,23.800000000000004,39.6,-0.8660254037844386,0.5000000000000001,10.100000000000001,1281.8000000000002
2022-10-24,28.1,16.8,21.8,0.0,17.5,57,0,10,297,4,2022,27.8,17.7,22.0,27.9,18.9,22.9,29.0,20.0,24.2,28.7,21.2,24.6,27.9,22.0,24.0,29.2,21.7,24.8,27.933333333333334,0.15275252316517027,17.799999999999997,22.233333333333334,0.0,28.428571428571427,0.5589105048055492,19.542857142857144,23.342857142857145,4.3,28.278571428571432,0.7972824723144439,20.4,23.642857142857142,38.1,-0.8660254037844386,0.5000000000000001,11.3,997.5
2022-10-25,28.2,16.4,21.6,0.0,9.8,64,1,10,298,4,2022,28.1,16.8,21.8,27.8,17.7,22.0,27.9,18.9,22.9,28.5,21.2,24.4,28.6,22.0,24.4,29.3,21.3,24.9,28.03333333333333,0.20816659994660072,16.96666666666667,21.8,0.0,28.385714285714283,0.5639993245530369,18.857142857142858,22.942857142857143,3.9,28.25,0.7920275830475753,20.0,23.442857142857143,34.9,-0.8660254037844386,0.5000000000000001,11.8,627.2
2022-10-26,28.2,15.6,22.0,0.0,10.3,63,2,10,299,4,2022,28.2,16.4,21.6,28.1,16.8,21.8,27.8,17.7,22.0,29.3,21.1,24.3,29.1,21.6,24.2,30.2,21.7,25.2,28.166666666666668,0.05773502691895258,16.266666666666666,21.8,0.0,28.228571428571428,0.39460649477085047,18.071428571428573,22.614285714285717,2.8,28.185714285714287,0.7533077242886991,19.571428571428573,23.285714285714285,23.1,-0.8660254037844386,0.5000000000000001,12.6,648.9000000000001
2022-10-27,28.2,17.1,22.3,0.0,9.3,65,3,10,300,4,2022,28.2,15.6,22.0,28.2,16.4,21.6,28.1,16.8,21.8,28.4,21.1,23.8,29.0,21.1,24.3,29.4,22.2,25.2,28.2,0.0,16.366666666666664,21.96666666666667,0.0,28.199999999999996,0.38729833462210106,17.5,22.400000000000002,0.0,28.12857142857143,0.7162171688583873,19.285714285714285,23.142857142857142,19.3,-0.8660254037844386,0.5000000000000001,11.099999999999998,604.5
2022-10-28,28.9,16.5,22.9,0.0,13.1,57,4,10,301,4,2022,28.2,17.1,22.3,28.2,15.6,22.0,28.2,16.4,21.6,29.0,20.0,24.2,28.0,21.1,23.4,29.3,21.7,24.9,28.433333333333334,0.4041451884327371,16.400000000000002,22.399999999999995,0.0,28.185714285714283,0.3532165125853516,17.0,22.214285714285715,0.0,28.192857142857147,0.7436544748890233,18.957142857142856,23.107142857142858,17.3,-0.8660254037844386,0.5000000000000001,12.399999999999999,746.6999999999999
2022-10-29,28.5,18.5,22.7,0.0,16.3,48,5,10,302,4,2022,28.9,16.5,22.9,28.2,17.1,22.3,28.2,15.6,22.0,27.9,18.9,22.9,26.8,20.9,23.6,29.0,21.9,24.0,28.53333333333333,0.35118845842842317,17.366666666666664,22.63333333333333,0.0,28.271428571428572,0.34503277967269647,16.942857142857143,22.185714285714287,0.0,28.314285714285713,0.6286213766372626,18.785714285714285,23.04285714285714,12.3,-0.8660254037844386,0.5000000000000001,10.0,782.4000000000001
2022-10-30,28.5,17.4,22.2,0.0,14.5,51,6,10,303,4,2022,28.5,18.5,22.7,28.9,16.5,22.9,28.2,17.1,22.3,27.8,17.7,22.0,26.7,20.9,23.1,29.2,22.1,25.2,28.633333333333336,0.23094010767584655,17.466666666666665,22.599999999999998,0.0,28.37142857142857,0.2811540841756747,16.900000000000002,22.214285714285715,0.0,28.442857142857147,0.423745725124079,18.535714285714285,22.97857142857143,6.3,-0.8660254037844386,0.5000000000000001,11.100000000000001,739.5
2022-10-31,28.0,16.9,21.9,0.0,12.8,58,0,10,304,4,2022,28.5,17.4,22.2,28.5,18.5,22.7,28.9,16.5,22.9,28.1,16.8,21.8,28.7,21.2,24.6,29.6,22.1,25.0,28.333333333333332,0.28867513459481237,17.599999999999998,22.266666666666666,0.0,28.357142857142858,0.2992052966189831,16.914285714285715,22.228571428571428,0.0,28.392857142857142,0.4322824676859146,18.228571428571428,22.785714285714285,4.3,-0.8660254037844386,0.5000000000000001,11.100000000000001,742.4000000000001
2022-11-01,27.1,17.8,22.2,0.2,11.7,67,1,11,305,4,2022,28.0,16.9,21.9,28.5,17.4,22.2,28.5,18.5,22.7,28.2,16.4,21.6,28.5,21.2,24.4,30.0,21.1,25.2,27.866666666666664,0.7094598884597577,17.366666666666664,22.099999999999998,0.1999999999999858,28.2,0.565685424950167,17.114285714285714,22.314285714285713,0.2,28.29285714285714,0.5511725762333428,17.985714285714284,22.62857142857143,4.1,-0.5000000000000004,0.8660254037844384,9.3,783.9
2022-11-02,27.5,18.6,22.7,0.0,11.3,75,2,11,306,4,2022,27.1,17.8,22.2,28.0,16.9,21.9,28.5,17.4,22.2,28.2,15.6,22.0,29.3,21.1,24.3,30.3,22.8,25.8,27.53333333333333,0.4509249752822883,17.766666666666666,22.266666666666666,0.1999999999999858,28.099999999999998,0.624499799840685,17.54285714285714,22.41428571428571,0.2,28.164285714285715,0.5062792523096047,17.807142857142857,22.514285714285712,3.0,-0.5000000000000004,0.8660254037844384,8.899999999999999,847.5
2022-11-03,29.8,19.3,24.1,0.3,12.8,72,3,11,307,4,2022,27.5,18.6,22.7,27.1,17.8,22.2,28.0,16.9,21.9,28.2,17.1,22.3,28.4,21.1,23.8,30.1,22.8,25.9,28.133333333333336,1.457166199626291,18.566666666666666,23.0,0.4999999999999858,28.32857142857143,0.8994707438536641,17.857142857142858,22.67142857142857,0.5,28.264285714285712,0.6686463281050775,17.678571428571427,22.535714285714285,0.5,-0.5000000000000004,0.8660254037844384,10.5,921.6
2022-11-04,29.3,19.4,24.1,0.6,10.8,76,4,11,308,4,2022,29.8,19.3,24.1,27.5,18.6,22.7,27.1,17.8,22.2,28.9,16.5,22.9,29.0,20.0,24.2,28.6,22.3,24.5,28.866666666666664,1.2096831541082658,19.099999999999998,23.633333333333336,0.8999999999999857,28.385714285714283,0.9529403119273948,18.271428571428572,22.842857142857145,1.1,28.285714285714285,0.6981923284260708,17.635714285714286,22.52857142857143,1.1,-0.5000000000000004,0.8660254037844384,9.900000000000002,820.8000000000001
2022-11-05,29.9,18.9,23.9,0.0,9.2,68,5,11,309,4,2022,29.3,19.4,24.1,29.8,19.3,24.1,27.5,18.6,22.7,28.5,18.5,22.7,27.9,18.9,22.9,25.6,21.6,22.8,29.666666666666668,0.3214550253664014,19.2,24.03333333333333,0.8999999999999858,28.585714285714285,1.1141941354313454,18.32857142857143,23.014285714285712,1.1,28.428571428571427,0.809015138613601,17.635714285714283,22.6,1.1,-0.5000000000000004,0.8660254037844384,11.0,625.5999999999999
2022-11-06,29.4,17.4,23.1,0.0,10.6,62,6,11,310,4,2022,29.9,18.9,23.9,29.3,19.4,24.1,29.8,19.3,24.1,28.5,17.4,22.2,27.8,17.7,22.0,28.6,20.7,24.3,29.53333333333333,0.32145502536640236,18.566666666666663,23.7,0.5999999999999859,28.714285714285715,1.153875457503797,18.328571428571426,23.142857142857142,1.1,28.542857142857144,0.8262187135606718,17.614285714285714,22.678571428571427,1.1,-0.5000000000000004,0.8660254037844384,12.0,657.1999999999999
2022-11-07,29.7,16.5,23.2,0.0,10.2,61,0,11,311,4,2022,29.4,17.4,23.1,29.9,18.9,23.9,29.3,19.4,24.1,28.0,16.9,21.9,28.1,16.8,21.8,28.9,21.1,24.5,29.666666666666668,0.25166114784231985,17.599999999999998,23.400000000000002,0.0,28.957142857142856,1.1573779890445575,18.271428571428572,23.328571428571426,1.1,28.657142857142855,0.8697606087217361,17.59285714285714,22.778571428571432,1.1,-0.5000000000000004,0.8660254037844384,13.2,622.1999999999999
2022-11-08,29.5,16.7,23.1,0.0,9.3,60,1,11,312,4,2022,29.7,16.5,23.2,29.4,17.4,23.1,29.9,18.9,23.9,27.1,17.8,22.2,28.2,16.4,21.6,28.1,21.4,24.1,29.53333333333333,0.1527525231651353,16.866666666666664,23.133333333333336,0.0,29.3,0.8225975119508118,18.114285714285714,23.45714285714286,0.9,28.75,0.8864362530772977,17.614285714285714,22.885714285714283,1.1,-0.5000000000000004,0.8660254037844384,12.8,558.0
2022-11-09,29.0,15.9,22.4,0.0,9.9,54,2,11,313,4,2022,29.5,16.7,23.1,29.7,16.5,23.2,29.4,17.4,23.1,27.5,18.6,22.7,28.2,15.6,22.0,27.9,22.0,24.0,29.400000000000002,0.36055512754637437,16.366666666666664,22.900000000000002,0.0,29.514285714285712,0.31320159338072695,17.728571428571428,23.41428571428571,0.8999999999999999,28.807142857142857,0.8739514910975877,17.635714285714283,22.914285714285715,1.1,-0.5000000000000004,0.8660254037844384,13.1,534.6
2022-11-10,29.2,16.6,22.9,0.0,11.8,52,3,11,314,4,2022,29.0,15.9,22.4,29.5,16.7,23.1,29.7,16.5,23.2,29.8,19.3,24.1,28.2,17.1,22.3,28.6,22.0,24.4,29.23333333333333,0.2516611478423259,16.4,22.799999999999997,0.0,29.428571428571427,0.30394235042511775,17.342857142857145,23.24285714285714,0.6,28.87857142857143,0.8612857753461828,17.6,22.957142857142856,1.1,-0.5000000000000004,0.8660254037844384,12.599999999999998,613.6
2022-11-11,29.4,19.3,23.9,0.0,19.1,51,4,11,315,4,2022,29.2,16.6,22.9,29.0,15.9,22.4,29.5,16.7,23.1,29.3,19.4,24.1,28.9,16.5,22.9,29.1,21.6,24.2,29.2,0.19999999999995918,17.266666666666666,23.066666666666666,0.0,29.44285714285714,0.29920529661889594,17.32857142857143,23.214285714285715,0.0,28.91428571428571,0.872535776526768,17.8,23.02857142857143,1.1,-0.5000000000000004,0.8660254037844384,10.099999999999998,974.1
2022-11-12,29.4,18.8,23.9,0.0,14.9,53,5,11,316,4,2022,29.4,19.3,23.9,29.2,16.6,22.9,29.0,15.9,22.4,29.9,18.9,23.9,28.5,18.5,22.7,29.0,21.1,24.3,29.333333333333332,0.1154700538378563,18.23333333333333,23.566666666666663,0.0,29.37142857142857,0.22146697055907774,17.314285714285713,23.214285714285715,0.0,28.978571428571428,0.8728191031443319,17.821428571428573,23.114285714285717,1.1,-0.5000000000000004,0.8660254037844384,10.599999999999998,789.7
2022-11-13,29.7,18.2,23.3,0.0,13.0,61,6,11,317,4,2022,29.4,18.8,23.9,29.4,19.3,23.9,29.2,16.6,22.9,29.4,17.4,23.1,28.5,17.4,22.2,28.0,21.1,23.4,29.5,0.17320508075688762,18.766666666666666,23.7,0.0,29.414285714285715,0.25448360411409326,17.42857142857143,23.24285714285714,0.0,29.064285714285717,0.8810894854208459,17.878571428571426,23.192857142857143,1.1,-0.5000000000000004,0.8660254037844384,11.5,793.0
2022-11-14,29.9,17.8,23.1,0.0,10.3,65,0,11,318,4,2022,29.7,18.2,23.3,29.4,18.8,23.9,29.4,19.3,23.9,29.7,16.5,23.2,28.0,16.9,21.9,26.8,20.9,23.6,29.666666666666668,0.25166114784235644,18.266666666666666,23.433333333333334,0.0,29.442857142857143,0.29920529661889594,17.614285714285714,23.22857142857143,0.0,29.199999999999996,0.8503392987963181,17.942857142857143,23.27857142857143,1.1,-0.5000000000000004,0.8660254037844384,12.099999999999998,669.5
2022-11-15,29.7,18.3,22.9,0.0,12.1,57,1,11,319,4,2022,29.9,17.8,23.1,29.7,18.2,23.3,29.4,18.8,23.9,29.5,16.7,23.1,27.1,17.8,22.2,26.7,20.9,23.1,29.766666666666666,0.11547005383791692,18.099999999999998,23.100000000000005,0.0,29.47142857142857,0.31471831698935054,17.842857142857145,23.199999999999996,0.0,29.385714285714283,0.6049248432115832,17.97857142857143,23.32857142857143,0.9,-0.5000000000000004,0.8660254037844384,11.399999999999999,689.6999999999999
2022-11-16,28.9,14.6,21.7,0.0,9.8,53,2,11,320,4,2022,29.7,18.3,22.9,29.9,17.8,23.1,29.7,18.2,23.3,29.0,15.9,22.4,27.5,18.6,22.7,28.7,21.2,24.6,29.5,0.5291502622129197,16.899999999999995,22.566666666666666,0.0,29.457142857142856,0.34086724129999263,17.65714285714286,23.1,0.0,29.485714285714288,0.3158800718321958,17.692857142857143,23.25714285714286,0.8999999999999999,-0.5000000000000004,0.8660254037844384,14.299999999999999,519.4000000000001
2022-11-17,29.0,14.4,21.4,0.0,10.9,51,3,11,321,4,2022,28.9,14.6,21.7,29.7,18.3,22.9,29.9,17.8,23.1,29.2,16.6,22.9,29.8,19.3,24.1,28.5,21.2,24.4,29.2,0.4358898943540733,15.766666666666666,22.0,0.0,29.428571428571427,0.3728908942956529,17.34285714285714,22.885714285714283,0.0,29.428571428571427,0.32682286764190716,17.342857142857145,23.064285714285713,0.6,-0.5000000000000004,0.8660254037844384,14.6,555.9
2022-11-18,28.4,16.6,22.0,0.0,16.5,48,4,11,322,4,2022,29.0,14.4,21.4,28.9,14.6,21.7,29.7,18.3,22.9,29.4,19.3,23.9,29.3,19.4,24.1,29.3,21.1,24.3,28.766666666666666,0.3214550253664463,15.199999999999998,21.7,0.0,29.285714285714285,0.5398412465063899,16.95714285714286,22.61428571428571,0.0,29.36428571428571,0.42716803189496694,17.142857142857142,22.91428571428571,0.0,-0.5000000000000004,0.8660254037844384,11.799999999999997,792.0
2022-11-19,26.8,16.5,21.2,0.0,17.4,51,5,11,323,4,2022,28.4,16.6,22.0,29.0,14.4,21.4,28.9,14.6,21.7,29.4,18.8,23.9,29.9,18.9,23.9,28.4,21.1,23.8,28.066666666666666,1.1372481406154715,15.83333333333333,21.53333333333333,0.0,28.914285714285715,1.0761483346157537,16.62857142857143,22.228571428571428,0.0,29.142857142857142,0.7832027792386091,16.97142857142857,22.721428571428568,0.0,-0.5000000000000004,0.8660254037844384,10.3,887.4
2022-11-20,26.4,14.9,20.4,0.0,11.4,52,6,11,324,4,2022,26.8,16.5,21.2,28.4,16.6,22.0,29.0,14.4,21.4,29.7,18.2,23.3,29.4,17.4,23.1,29.0,20.0,24.2,27.2,1.0583005244258474,15.999999999999998,21.2,0.0,28.442857142857143,1.3599719885074328,16.157142857142855,21.814285714285713,0.0,28.928571428571427,1.0665750876440452,16.792857142857144,22.528571428571432,0.0,-0.5000000000000004,0.8660254037844384,11.499999999999998,592.8000000000001
2022-11-21,29.2,17.5,23.4,0.0,13.5,49,0,11,325,4,2022,26.4,14.9,20.4,26.8,16.5,21.2,28.4,16.6,22.0,29.9,17.8,23.1,29.7,16.5,23.2,27.9,18.9,22.9,27.46666666666667,1.5143755588800805,16.299999999999997,21.666666666666668,0.0,28.342857142857145,1.2567910763228975,16.114285714285717,21.857142857142854,0.0,28.892857142857142,1.0469474204082005,16.864285714285717,22.54285714285714,0.0,-0.5000000000000004,0.8660254037844384,11.7,661.5
2022-11-22,30.2,20.9,25.0,0.0,16.0,56,1,11,326,4,2022,29.2,17.5,23.4,26.4,14.9,20.4,26.8,16.5,21.2,29.7,18.3,22.9,29.5,16.7,23.1,27.8,17.7,22.0,28.599999999999998,1.9697715603592247,17.766666666666662,22.933333333333334,0.0,28.41428571428571,1.3569924728713951,16.485714285714288,22.157142857142855,0.0,28.942857142857143,1.0938388896377755,17.164285714285715,22.678571428571427,0.0,-0.5000000000000004,0.8660254037844384,9.3,896.0
2022-11-23,29.9,20.4,24.6,0.0,14.8,70,2,11,327,4,2022,30.2,20.9,25.0,29.2,17.5,23.4,26.4,14.9,20.4,28.9,14.6,21.7,29.0,15.9,22.4,28.1,16.8,21.8,29.766666666666666,0.5131601439446929,19.599999999999998,24.333333333333332,0.0,28.557142857142857,1.4649882170828263,17.314285714285713,22.571428571428573,0.0,29.007142857142856,1.123500221296477,17.485714285714288,22.835714285714285,0.0,-0.5000000000000004,0.8660254037844384,9.5,1036.0
2022-11-24,28.7,20.0,24.3,0.8,10.8,75,3,11,328,4,2022,29.9,20.4,24.6,30.2,20.9,25.0,29.2,17.5,23.4,29.0,14.4,21.4,29.2,16.6,22.9,28.2,16.4,21.6,29.599999999999998,0.7937253933193806,20.43333333333333,24.633333333333336,0.7999999999999858,28.51428571428571,1.4542220960922545,18.114285714285717,22.985714285714288,0.8,28.971428571428568,1.1248443115716995,17.728571428571428,22.935714285714287,0.8,-0.5000000000000004,0.8660254037844384,8.7,810.0
2022-11-25,30.6,20.0,24.5,0.0,11.8,65,4,11,329,4,2022,28.7,20.0,24.3,29.9,20.4,24.6,30.2,20.9,25.0,28.4,16.6,22.0,29.4,19.3,23.9,28.2,15.6,22.0,29.73333333333333,0.9609023536933075,20.13333333333333,24.46666666666667,0.7999999999999858,28.82857142857143,1.6499639245698614,18.599999999999998,23.342857142857145,0.8,29.057142857142857,1.2030181824283597,17.77857142857143,22.97857142857143,0.8,-0.5000000000000004,0.8660254037844384,10.600000000000001,767.0
2022-11-26,30.3,18.3,23.8,0.0,10.2,54,5,11,330,4,2022,30.6,20.0,24.5,28.7,20.0,24.3,29.9,20.4,24.6,26.8,16.5,21.2,29.4,18.8,23.9,28.2,17.1,22.3,29.86666666666667,1.0214368964029727,19.433333333333334,24.2,0.7999999999999858,29.328571428571426,1.4511079510895404,18.857142857142858,23.714285714285715,0.8,29.12142857142857,1.2460266520355436,17.742857142857144,22.971428571428568,0.8,-0.5000000000000004,0.8660254037844384,12.0,550.8
2022-11-27,30.0,16.9,23.3,0.0,13.4,55,6,11,331,4,2022,30.3,18.3,23.8,30.6,20.0,24.5,28.7,20.0,24.3,26.4,14.9,20.4,29.7,18.2,23.3,28.9,16.5,22.9,30.3,0.2999999999999957,18.399999999999995,23.86666666666667,0.0,29.842857142857138,0.6654751256494175,19.142857142857142,24.12857142857143,0.8,29.142857142857142,1.2592514783452802,17.650000000000002,22.971428571428568,0.8,-0.5000000000000004,0.8660254037844384,13.100000000000001,737.0
2022-11-28,29.6,17.4,22.8,0.0,10.5,54,0,11,332,4,2022,30.0,16.9,23.3,30.3,18.3,23.8,30.6,20.0,24.5,29.2,17.5,23.4,29.9,17.8,23.1,28.5,18.5,22.7,29.96666666666667,0.3511884584284255,17.53333333333333,23.3,0.0,29.900000000000002,0.6164414002976772,19.12857142857143,24.042857142857144,0.8,29.12142857142857,1.2478773185687326,17.62142857142857,22.95,0.8,-0.5000000000000004,0.8660254037844384,12.200000000000003,567.0
2022-11-29,28.6,15.5,21.6,0.0,9.7,50,1,11,333,4,2022,29.6,17.4,22.8,30.0,16.9,23.3,30.3,18.3,23.8,30.2,20.9,25.0,29.7,18.3,22.9,28.5,17.4,22.2,29.400000000000002,0.7211102550928035,16.599999999999998,22.566666666666666,0.0,29.671428571428574,0.7653197277708577,18.357142857142858,23.557142857142857,0.8,29.042857142857144,1.2432675841164575,17.42142857142857,22.857142857142858,0.8,-0.5000000000000004,0.8660254037844384,13.100000000000001,484.99999999999994
2022-11-30,28.1,13.7,21.2,0.0,8.9,56,2,11,334,4,2022,28.6,15.5,21.6,29.6,17.4,22.8,30.0,16.9,23.3,29.9,20.4,24.6,28.9,14.6,21.7,28.0,16.9,21.9,28.76666666666667,0.763762615825985,15.53333333333333,21.86666666666667,0.0,29.414285714285715,0.9546876826635816,17.4,23.071428571428577,0.8,28.985714285714288,1.2684679692493128,17.357142857142858,22.821428571428573,0.8,-0.5000000000000004,0.8660254037844384,14.400000000000002,498.40000000000003
2022-12-01,29.4,17.0,23.1,0.0,8.9,60,3,12,335,4,2022,28.1,13.7,21.2,28.6,15.5,21.6,29.6,17.4,22.8,28.7,20.0,24.3,29.0,14.4,21.4,27.1,17.8,22.2,28.7,0.6557438524302125,15.399999999999997,21.96666666666667,0.0,29.514285714285712,0.9026416258753454,16.971428571428568,22.900000000000002,0.0,29.014285714285712,1.2733101277061956,17.54285714285714,22.942857142857143,0.8,-2.4492935982947064e-16,1.0,12.399999999999999,534.0
2022-12-02,29.3,17.7,23.8,0.0,9.7,70,4,12,336,4,2022,29.4,17.0,23.1,28.1,13.7,21.2,28.6,15.5,21.6,30.6,20.0,24.5,28.4,16.6,22.0,27.5,18.6,22.7,28.933333333333337,0.7234178138070329,16.13333333333333,22.7,0.0,29.32857142857143,0.7653197277708702,16.642857142857142,22.800000000000004,0.0,29.07857142857143,1.2625849987709208,17.62142857142857,23.071428571428573,0.8,-2.4492935982947064e-16,1.0,11.600000000000001,679.0
2022-12-03,29.3,19.1,24.0,0.1,9.1,73,5,12,337,4,2022,29.3,17.7,23.8,29.4,17.0,23.1,28.1,13.7,21.2,30.3,18.3,23.8,26.8,16.5,21.2,29.8,19.3,24.1,29.333333333333332,0.05773502691905539,17.93333333333333,23.633333333333336,0.0999999999999858,29.185714285714287,0.6362090102811389,16.757142857142856,22.82857142857143,0.1,29.25714285714286,1.0789697976200776,17.807142857142857,23.271428571428572,0.9,-2.4492935982947064e-16,1.0,10.2,664.3
2022-12-04,29.8,19.1,24.0,0.0,9.0,70,6,12,338,4,2022,29.3,19.1,24.0,29.3,17.7,23.8,29.4,17.0,23.1,30.0,16.9,23.3,26.4,14.9,20.4,29.3,19.4,24.1,29.46666666666667,0.2886751345948306,18.633333333333333,23.933333333333337,0.0999999999999858,29.157142857142862,0.5968169536729663,17.071428571428573,22.928571428571427,0.1,29.5,0.7038356451509832,18.107142857142858,23.52857142857143,0.9,-2.4492935982947064e-16,1.0,10.7,630.0
2022-12-05,28.8,17.3,22.5,0.0,10.9,60,0,12,339,4,2022,29.8,19.1,24.0,29.3,19.1,24.0,29.3,17.7,23.8,29.6,17.4,22.8,29.2,17.5,23.4,29.9,18.9,23.9,29.3,0.500000000000012,18.5,23.5,0.0999999999999858,29.04285714285714,0.574041644416866,17.057142857142857,22.885714285714283,0.1,29.471428571428568,0.7247583909657138,18.09285714285714,23.464285714285715,0.9,-2.4492935982947064e-16,1.0,11.5,654.0
2022-12-06,29.8,16.0,22.1,0.0,12.5,54,1,12,340,4,2022,28.8,17.3,22.5,29.8,19.1,24.0,29.3,19.1,24.0,28.6,15.5,21.6,30.2,20.9,25.0,29.4,17.4,23.1,29.46666666666667,0.5773502691896354,17.466666666666665,22.866666666666664,0.0,29.214285714285715,0.5984105932353122,17.12857142857143,22.95714285714286,0.1,29.442857142857143,0.7013331104893146,17.74285714285714,23.25714285714286,0.9,-2.4492935982947064e-16,1.0,13.8,675.0
2022-12-07,28.9,16.8,22.0,0.0,14.4,57,2,12,341,4,2022,29.8,16.0,22.1,28.8,17.3,22.5,29.8,19.1,24.0,28.1,13.7,21.2,29.9,20.4,24.6,29.7,16.5,23.2,29.166666666666668,0.5507570547286222,16.7,22.2,0.0,29.32857142857143,0.3903600291806866,17.571428571428573,23.071428571428573,0.1,29.37142857142857,0.7021161107448813,17.485714285714288,23.071428571428573,0.9,-2.4492935982947064e-16,1.0,12.099999999999998,820.8000000000001
2022-12-08,26.9,15.8,20.7,0.0,16.0,52,3,12,342,4,2022,28.9,16.8,22.0,29.8,16.0,22.1,28.8,17.3,22.5,29.4,17.0,23.1,28.7,20.0,24.3,29.5,16.7,23.1,28.53333333333333,1.4843629385474943,16.2,21.599999999999998,0.0,28.97142857142857,0.9928314487944588,17.4,22.728571428571428,0.1,29.242857142857144,0.954111979974131,17.185714285714287,22.814285714285713,0.1,-2.4492935982947064e-16,1.0,11.099999999999998,832.0
2022-12-09,27.5,15.7,21.5,0.0,12.8,47,4,12,343,4,2022,26.9,15.8,20.7,28.9,16.8,22.0,29.8,16.0,22.1,29.3,17.7,23.8,30.6,20.0,24.5,29.0,15.9,22.4,27.766666666666666,1.0263202878893873,16.099999999999998,21.400000000000002,0.0,28.714285714285715,1.1186726828834281,17.114285714285717,22.400000000000002,0.1,29.021428571428572,0.9744257254947555,16.87857142857143,22.599999999999998,0.1,-2.4492935982947064e-16,1.0,11.8,601.6
2022-12-10,27.0,17.9,22.2,3.8,19.2,70,5,12,344,4,2022,27.5,15.7,21.5,26.9,15.8,20.7,28.9,16.8,22.0,29.3,19.1,24.0,30.3,18.3,23.8,29.2,16.6,22.9,27.133333333333336,0.321455025366475,16.466666666666665,21.46666666666667,3.7999999999999856,28.385714285714283,1.248236851761835,16.942857142857143,22.142857142857142,3.8,28.785714285714285,1.0383842055049972,16.85,22.485714285714288,3.9,-2.4492935982947064e-16,1.0,9.100000000000001,1344.0
2022-12-11,25.8,20.1,21.6,11.1,22.6,89,6,12,345,4,2022,27.0,17.9,22.2,27.5,15.7,21.5,26.9,15.8,20.7,29.8,19.1,24.0,30.0,16.9,23.3,29.4,19.3,23.9,26.766666666666666,0.8736894948054293,17.9,21.766666666666666,14.899999999999984,27.814285714285713,1.3993195625361419,17.085714285714285,21.800000000000004,14.899999999999999,28.485714285714288,1.2464454956502742,17.07857142857143,22.364285714285717,15.0,-2.4492935982947064e-16,1.0,5.699999999999999,2011.4
2022-12-12,26.9,20.2,22.5,1.3,19.2,85,0,12,346,4,2022,25.8,20.1,21.6,27.0,17.9,22.2,27.5,15.7,21.5,28.8,17.3,22.5,29.6,17.4,22.8,29.4,18.8,23.9,26.566666666666666,0.6658328118479663,19.399999999999995,22.099999999999998,16.199999999999985,27.542857142857144,1.359971988507458,17.5,21.800000000000004,16.2,28.292857142857144,1.269442206831016,17.27857142857143,22.342857142857145,16.3,-2.4492935982947064e-16,1.0,6.699999999999999,1632.0
2022-12-13,27.0,20.8,22.9,2.3,16.6,84,1,12,347,4,2022,26.9,20.2,22.5,25.8,20.1,21.6,27.0,17.9,22.2,29.8,16.0,22.1,28.6,15.5,21.6,29.7,18.2,23.3,26.566666666666666,0.6658328118479663,20.366666666666664,22.333333333333332,14.699999999999985,27.142857142857142,0.9289010404011234,18.185714285714287,21.91428571428571,18.5,28.178571428571427,1.311005821396971,17.65714285714286,22.435714285714283,18.6,-2.4492935982947064e-16,1.0,6.199999999999999,1394.4
2022-12-14,28.5,19.6,23.0,0.0,14.0,79,2,12,348,4,2022,27.0,20.8,22.9,26.9,20.2,22.5,25.8,20.1,21.6,28.9,16.8,22.0,28.1,13.7,21.2,29.9,17.8,23.1,27.46666666666667,0.896288643983261,20.2,22.8,3.599999999999987,27.085714285714285,0.8071112509621724,18.585714285714285,22.057142857142853,18.5,28.207142857142856,1.3135180510103976,18.07857142857143,22.564285714285713,18.6,-2.4492935982947064e-16,1.0,8.899999999999999,1106.0
2022-12-15,28.9,18.9,23.6,0.0,8.4,72,3,12,349,4,2022,28.5,19.6,23.0,27.0,20.8,22.9,26.9,20.2,22.5,26.9,15.8,20.7,29.4,17.0,23.1,29.7,18.3,22.9,28.13333333333333,1.0016652800877854,19.766666666666662,23.166666666666668,2.2999999999999874,27.37142857142857,1.0483547200488732,19.02857142857143,22.47142857142857,18.5,28.17142857142857,1.2850792082315605,18.214285714285715,22.6,18.6,-2.4492935982947064e-16,1.0,10.0,604.8000000000001
2022-12-16,29.9,18.9,24.2,0.0,8.9,69,4,12,350,4,2022,28.9,18.9,23.6,28.5,19.6,23.0,27.0,20.8,22.9,27.5,15.7,21.5,29.3,17.7,23.8,28.9,14.6,21.7,29.099999999999998,0.7211102550927984,19.13333333333333,23.599999999999998,0.0,27.714285714285715,1.4229412864777713,19.485714285714288,22.857142857142858,18.5,28.214285714285715,1.3346605116355112,18.3,22.62857142857143,18.6,-2.4492935982947064e-16,1.0,11.0,614.1
2022-12-17,29.9,19.1,24.0,0.0,11.6,69,5,12,351,4,2022,29.9,18.9,24.2,28.9,18.9,23.6,28.5,19.6,23.0,27.0,17.9,22.2,29.3,19.1,24.0,29.0,14.4,21.4,29.566666666666663,0.5773502691896244,18.966666666666665,23.933333333333334,0.0,28.12857142857143,1.5923926292580513,19.657142857142855,23.114285714285717,14.7,28.257142857142856,1.3810332172881397,18.3,22.62857142857143,18.5,-2.4492935982947064e-16,1.0,10.799999999999997,800.4
2022-12-18,28.3,17.4,22.5,0.0,12.0,60,6,12,352,4,2022,29.9,19.1,24.0,29.9,18.9,24.2,28.9,18.9,23.6,25.8,20.1,21.6,29.8,19.1,24.0,28.4,16.6,22.0,29.366666666666664,0.9237604307034005,18.466666666666665,23.566666666666666,0.0,28.485714285714288,1.219875091186102,19.271428571428572,23.24285714285714,3.6000000000000014,28.150000000000002,1.3084047832851877,18.178571428571427,22.521428571428572,18.5,-2.4492935982947064e-16,1.0,10.900000000000002,720.0
2022-12-19,28.0,15.2,21.2,0.0,10.9,57,0,12,353,4,2022,28.3,17.4,22.5,29.9,19.1,24.0,29.9,18.9,24.2,26.9,20.2,22.5,28.8,17.3,22.5,26.8,16.5,21.2,28.73333333333333,1.0214368964029714,17.23333333333333,22.566666666666663,0.0,28.642857142857142,1.0390013520322587,18.557142857142857,23.057142857142853,2.3000000000000016,28.092857142857145,1.2952364118715334,18.02857142857143,22.428571428571427,18.5,-2.4492935982947064e-16,1.0,12.8,621.3000000000001
2022-12-20,28.9,15.3,21.6,0.0,10.9,62,1,12,354,4,2022,28.0,15.2,21.2,28.3,17.4,22.5,29.9,19.1,24.0,27.0,20.8,22.9,29.8,16.0,22.1,26.4,14.9,20.4,28.400000000000002,0.4582575694955874,15.966666666666663,21.766666666666666,0.0,28.91428571428571,0.7448234050853524,17.77142857142857,22.871428571428574,0.0,28.02857142857143,1.2243859191943367,17.97857142857143,22.392857142857142,18.5,-2.4492935982947064e-16,1.0,13.599999999999998,675.8000000000001
2022-12-21,29.3,15.7,21.9,0.0,9.3,58,2,12,355,4,2022,28.9,15.3,21.6,28.0,15.2,21.2,28.3,17.4,22.5,28.5,19.6,23.0,28.9,16.8,22.0,29.2,17.5,23.4,28.733333333333334,0.6658328118479409,15.399999999999997,21.566666666666663,0.0,29.02857142857143,0.7319250547121012,17.214285714285715,22.714285714285715,0.0,28.057142857142857,1.2506701500300974,17.9,22.385714285714283,18.5,-2.4492935982947064e-16,1.0,13.600000000000001,539.4000000000001
2022-12-22,29.4,16.1,22.1,0.0,10.8,54,3,12,356,4,2022,29.3,15.7,21.9,28.9,15.3,21.6,28.0,15.2,21.2,28.9,18.9,23.6,26.9,15.8,20.7,30.2,20.9,25.0,29.2,0.26457513110646036,15.699999999999998,21.866666666666664,0.0,29.099999999999998,0.7416198487102552,16.814285714285713,22.5,0.0,28.235714285714284,1.2512191856545085,17.92142857142857,22.485714285714288,18.5,-2.4492935982947064e-16,1.0,13.299999999999997,583.2
2022-12-23,30.2,15.2,22.1,0.0,12.5,59,4,12,357,4,2022,29.4,16.1,22.1,29.3,15.7,21.9,28.9,15.3,21.6,29.9,18.9,24.2,27.5,15.7,21.5,29.9,20.4,24.6,29.633333333333336,0.49328828623162413,15.666666666666664,22.03333333333333,0.0,29.142857142857142,0.801783725737909,16.285714285714285,22.2,0.0,28.428571428571427,1.3344134818937572,17.885714285714286,22.52857142857143,18.5,-2.4492935982947064e-16,1.0,15.0,737.5
2022-12-24,29.6,14.9,21.8,0.0,10.8,56,5,12,358,4,2022,30.2,15.2,22.1,29.4,16.1,22.1,29.3,15.7,21.9,29.9,19.1,24.0,27.0,17.9,22.2,28.7,20.0,24.3,29.733333333333334,0.4163331998932261,15.399999999999999,22.0,0.0,29.099999999999998,0.7615773105870625,15.685714285714285,21.88571428571429,0.0,28.61428571428571,1.3008027952339245,17.67142857142857,22.5,14.7,-2.4492935982947064e-16,1.0,14.700000000000001,604.8000000000001
2022-12-25,29.1,14.7,21.4,0.0,13.5,66,6,12,359,4,2022,29.6,14.9,21.8,30.2,15.2,22.1,29.4,16.1,22.1,28.3,17.4,22.5,25.8,20.1,21.6,30.6,20.0,24.5,29.633333333333336,0.5507570547286087,14.93333333333333,21.766666666666666,0.0,29.214285714285715,0.6768273325570231,15.3,21.728571428571428,0.0,28.849999999999998,1.020369465514489,17.285714285714285,22.485714285714288,3.5999999999999996,-2.4492935982947064e-16,1.0,14.400000000000002,891.0
2022-12-26,28.6,18.2,23.0,0.3,15.1,78,0,12,360,4,2022,29.1,14.7,21.4,29.6,14.9,21.8,30.2,15.2,22.1,28.0,15.2,21.2,26.9,20.2,22.5,30.3,18.3,23.8,29.100000000000005,0.4999999999999991,15.933333333333332,22.066666666666666,0.29999999999998755,29.3,0.5163977794953023,15.728571428571428,21.985714285714284,0.30000000000000177,28.97142857142857,0.8588261858972941,17.142857142857142,22.521428571428572,2.5999999999999996,-2.4492935982947064e-16,1.0,10.400000000000002,1177.8
2022-12-27,30.2,19.4,24.0,0.0,8.9,72,1,12,361,4,2022,28.6,18.2,23.0,29.1,14.7,21.4,29.6,14.9,21.8,28.9,15.3,21.6,27.0,20.8,22.9,30.0,16.9,23.3,29.3,0.8185352771872433,17.433333333333334,22.8,0.29999999999998755,29.485714285714284,0.5785861256225446,16.314285714285713,22.328571428571426,0.30000000000000177,29.2,0.7060180864977973,17.04285714285714,22.6,0.3,-2.4492935982947064e-16,1.0,10.8,640.8000000000001
2022-12-28,31.1,18.8,24.8,0.0,9.0,66,2,12,362,4,2022,30.2,19.4,24.0,28.6,18.2,23.0,29.1,14.7,21.4,29.3,15.7,21.9,28.5,19.6,23.0,29.6,17.4,22.8,29.96666666666667,1.2662279942148393,18.799999999999997,23.933333333333334,0.29999999999998755,29.742857142857144,0.8283661486272029,16.757142857142856,22.74285714285714,0.30000000000000177,29.385714285714283,0.837447718558688,16.985714285714288,22.72857142857143,0.3,-2.4492935982947064e-16,1.0,12.3,594.0
2022-12-29,30.5,18.9,25.0,0.0,8.4,62,3,12,363,4,2022,31.1,18.8,24.8,30.2,19.4,24.0,28.6,18.2,23.0,29.4,16.1,22.1,28.9,18.9,23.6,28.6,15.5,21.6,30.599999999999998,0.4582575694955914,19.03333333333333,24.599999999999998,0.0,29.900000000000002,0.8563488385782478,17.157142857142855,23.157142857142855,0.30000000000000177,29.5,0.8744228866034174,16.985714285714284,22.82857142857143,0.3,-2.4492935982947064e-16,1.0,11.600000000000001,520.8000000000001
2022-12-30,30.4,19.2,24.7,0.0,8.3,60,4,12,364,4,2022,30.5,18.9,25.0,31.1,18.8,24.8,30.2,19.4,24.0,30.2,15.2,22.1,29.9,18.9,24.2,28.1,13.7,21.2,30.666666666666668,0.37859388972002783,18.966666666666665,24.833333333333332,0.0,29.928571428571427,0.8712333895395642,17.728571428571428,23.52857142857143,0.30000000000000177,29.535714285714285,0.9017991784439738,17.007142857142856,22.864285714285717,0.3,-2.4492935982947064e-16,1.0,11.2,498.00000000000006
2022-12-31,30.8,18.7,24.8,0.0,8.1,56,5,12,365,4,2022,30.4,19.2,24.7,30.5,18.9,25.0,31.1,18.8,24.8,29.6,14.9,21.8,29.9,19.1,24.0,29.4,17.0,23.1,30.566666666666666,0.20816659994662803,18.933333333333334,24.833333333333332,0.0,30.099999999999998,0.9128709291758084,18.27142857142857,23.957142857142856,0.30000000000000177,29.599999999999998,0.9599679481831302,16.978571428571428,22.92142857142857,0.3,-2.4492935982947064e-16,1.0,12.100000000000001,453.59999999999997
2023-01-01,30.1,20.0,24.1,0.0,9.2,58,6,1,1,1,2023,30.8,18.7,24.8,30.4,19.2,24.7,30.5,18.9,25.0,29.1,14.7,21.4,28.3,17.4,22.5,29.3,17.7,23.8,30.433333333333337,0.35118845842843055,19.299999999999997,24.53333333333333,0.0,30.24285714285714,0.8017837257378737,19.02857142857143,24.342857142857145,0.30000000000000177,29.728571428571428,0.8904869639514658,17.164285714285715,23.035714285714285,0.3,0.49999999999999994,0.8660254037844387,10.100000000000001,533.5999999999999
2023-01-02,29.4,18.5,23.6,0.0,10.7,62,0,1,2,1,2023,30.1,20.0,24.1,30.8,18.7,24.8,30.4,19.2,24.7,28.6,18.2,23.0,28.0,15.2,21.2,29.3,19.1,24.0,30.099999999999998,0.7000000000000021,19.066666666666666,24.166666666666668,0.0,30.357142857142858,0.5442338432984799,19.071428571428573,24.428571428571427,0.0,29.82857142857143,0.7487718882675856,17.4,23.20714285714286,0.3,0.49999999999999994,0.8660254037844387,10.899999999999999,663.4
2023-01-03,28.6,18.0,22.9,0.0,8.4,67,1,1,3,1,2023,29.4,18.5,23.6,30.1,20.0,24.1,30.8,18.7,24.8,30.2,19.4,24.0,28.9,15.3,21.6,29.8,19.1,24.0,29.366666666666664,0.7505553499465105,18.833333333333332,23.53333333333333,0.0,30.12857142857143,0.8635475005552704,18.87142857142857,24.271428571428572,0.0,29.807142857142857,0.7809897918318265,17.59285714285714,23.3,0.3,0.49999999999999994,0.8660254037844387,10.600000000000001,562.8000000000001
2023-01-04,28.6,18.0,22.2,0.0,11.5,67,2,1,4,1,2023,28.6,18.0,22.9,29.4,18.5,23.6,30.1,20.0,24.1,31.1,18.8,24.8,29.3,15.7,21.9,28.8,17.3,22.5,28.866666666666664,0.46188021535168744,18.166666666666668,22.900000000000002,0.0,29.77142857142857,0.9105205209376699,18.75714285714286,23.900000000000002,0.0,29.75714285714286,0.836397297676711,17.757142857142856,23.321428571428573,0.3,0.49999999999999994,0.8660254037844387,10.600000000000001,770.5
2023-01-05,26.8,17.8,21.7,0.9,12.5,76,3,1,5,1,2023,28.6,18.0,22.2,28.6,18.0,22.9,29.4,18.5,23.6,30.5,18.9,25.0,29.4,16.1,22.1,29.8,16.0,22.1,28.0,1.0392304845413263,17.933333333333334,22.266666666666666,0.8999999999999876,29.24285714285714,1.373386499202424,18.599999999999998,23.428571428571427,0.9000000000000018,29.571428571428577,1.1512057701710816,17.87857142857143,23.292857142857144,1.2,0.49999999999999994,0.8660254037844387,9.0,950.0
2023-01-06,27.1,18.0,21.7,0.3,10.8,76,4,1,6,1,2023,26.8,17.8,21.7,28.6,18.0,22.2,28.6,18.0,22.9,30.4,19.2,24.7,30.2,15.2,22.1,28.9,16.8,22.0,27.5,0.9643650760992942,17.933333333333334,21.866666666666664,1.1999999999999875,28.771428571428572,1.4727686916310576,18.428571428571427,23.0,1.2000000000000017,29.349999999999998,1.3084047832851835,18.07857142857143,23.264285714285712,1.5,0.49999999999999994,0.8660254037844387,9.100000000000001,820.8000000000001
2023-01-07,27.0,16.8,21.0,0.0,12.9,64,5,1,7,1,2023,27.1,18.0,21.7,26.8,17.8,21.7,28.6,18.0,22.2,30.8,18.7,24.8,29.6,14.9,21.8,26.9,15.8,20.7,26.96666666666667,0.15275252316517945,17.533333333333335,21.466666666666665,1.1999999999999875,28.228571428571428,1.2893335303101432,18.15714285714286,22.457142857142856,1.2000000000000017,29.164285714285715,1.4473355588047625,18.214285714285715,23.20714285714286,1.5,0.49999999999999994,0.8660254037844387,10.2,825.6
2023-01-08,26.1,13.1,18.7,0.0,11.5,54,6,1,8,1,2023,27.0,16.8,21.0,27.1,18.0,21.7,26.8,17.8,21.7,30.1,20.0,24.1,29.1,14.7,21.4,27.5,15.7,21.5,26.733333333333334,0.5507570547286036,15.966666666666667,20.466666666666665,0.29999999999998755,27.657142857142862,1.2053452380369003,17.17142857142857,21.685714285714287,1.2000000000000017,28.95,1.6635226756218768,18.1,23.014285714285712,1.5,0.49999999999999994,0.8660254037844387,13.000000000000002,621.0
2023-01-09,27.1,11.1,18.7,0.0,10.2,52,0,1,9,1,2023,26.1,13.1,18.7,27.0,16.8,21.0,27.1,18.0,21.7,29.4,18.5,23.6,28.6,18.2,23.0,27.0,17.9,22.2,26.733333333333334,0.5507570547286036,13.666666666666666,19.46666666666667,0.0,27.32857142857143,0.9340133577107218,16.114285714285717,20.985714285714284,1.2000000000000017,28.842857142857145,1.7345867544725706,17.592857142857145,22.707142857142856,1.2,0.49999999999999994,0.8660254037844387,16.0,530.4
2023-01-10,28.3,13.8,20.4,0.0,9.0,50,1,1,10,1,2023,27.1,11.1,18.7,26.1,13.1,18.7,27.0,16.8,21.0,28.6,18.0,22.9,30.2,19.4,24.0,25.8,20.1,21.6,27.166666666666668,1.1015141094572194,12.666666666666666,19.266666666666666,0.0,27.285714285714285,0.8706866474779222,15.514285714285716,20.62857142857143,1.2000000000000017,28.707142857142856,1.694091218012045,17.192857142857143,22.449999999999996,1.2,0.49999999999999994,0.8660254037844387,14.5,450.0
2023-01-11,28.2,12.6,20.3,0.0,10.8,55,2,1,11,1,2023,28.3,13.8,20.4,27.1,11.1,18.7,26.1,13.1,18.7,28.6,18.0,22.2,31.1,18.8,24.8,26.9,20.2,22.5,27.86666666666667,0.665832811847943,12.499999999999998,19.8,0.0,27.228571428571428,0.7782764841079249,14.742857142857144,20.357142857142858,1.2000000000000017,28.5,1.5501860930473497,16.75,22.12857142857143,1.2,0.49999999999999994,0.8660254037844387,15.6,594.0
2023-01-12,29.0,13.5,21.1,0.0,8.9,57,3,1,12,1,2023,28.2,12.6,20.3,28.3,13.8,20.4,27.1,11.1,18.7,26.8,17.8,21.7,30.5,18.9,25.0,27.0,20.8,22.9,28.5,0.4358898943540832,13.299999999999999,20.6,0.0,27.542857142857144,0.9913915184518345,14.12857142857143,20.271428571428572,0.30000000000000177,28.392857142857142,1.449914737925383,16.364285714285717,21.849999999999998,1.2,0.49999999999999994,0.8660254037844387,15.5,507.3
2023-01-13,29.0,14.6,21.6,0.0,8.7,58,4,1,13,1,2023,29.0,13.5,21.1,28.2,12.6,20.3,28.3,13.8,20.4,27.1,18.0,21.7,30.4,19.2,24.7,28.5,19.6,23.0,28.733333333333334,0.46188021535171836,13.566666666666665,21.000000000000004,0.0,27.814285714285717,1.1036735197042267,13.642857142857142,20.25714285714286,0.0,28.29285714285714,1.345341984383726,16.035714285714285,21.628571428571426,1.2,0.49999999999999994,0.8660254037844387,14.4,504.59999999999997
2023-01-14,29.3,16.2,22.0,0.0,10.3,56,5,1,14,1,2023,29.0,14.6,21.6,29.0,13.5,21.1,28.2,12.6,20.3,27.0,16.8,21.0,30.8,18.7,24.8,28.9,18.9,23.6,29.099999999999998,0.17320508075688762,14.766666666666666,21.566666666666666,0.0,28.142857142857142,1.1616900660352019,13.557142857142855,20.400000000000002,0.0,28.185714285714283,1.1798677519486667,15.857142857142858,21.428571428571427,1.2,0.49999999999999994,0.8660254037844387,13.100000000000001,576.8000000000001
2023-01-15,29.3,16.2,22.1,0.0,10.3,59,6,1,15,1,2023,29.3,16.2,22.0,29.0,14.6,21.6,29.0,13.5,21.1,26.1,13.1,18.7,30.1,20.0,24.1,29.9,18.9,24.2,29.2,0.17320508075688634,15.666666666666664,21.900000000000002,0.0,28.599999999999998,0.7958224257548765,14.0,20.88571428571429,0.0,28.12857142857143,1.0964478109779285,15.585714285714285,21.285714285714285,1.2,0.49999999999999994,0.8660254037844387,13.100000000000001,607.7
2023-01-16,29.6,16.0,22.3,0.0,10.7,54,0,1,16,1,2023,29.3,16.2,22.1,29.3,16.2,22.0,29.0,14.6,21.6,27.1,11.1,18.7,29.4,18.5,23.6,29.9,19.1,24.0,29.400000000000002,0.17320508075688762,16.13333333333333,22.133333333333336,0.0,28.957142857142856,0.5255382728132212,14.700000000000001,21.400000000000002,0.0,28.142857142857142,1.1154262970614925,15.407142857142857,21.192857142857143,1.2,0.49999999999999994,0.8660254037844387,13.600000000000001,577.8
2023-01-17,29.5,15.1,21.7,0.0,10.6,49,1,1,17,1,2023,29.6,16.0,22.3,29.3,16.2,22.1,29.3,16.2,22.0,28.3,13.8,20.4,28.6,18.0,22.9,28.3,17.4,22.5,29.46666666666667,0.15275252316519353,15.766666666666666,22.03333333333333,0.0,29.128571428571426,0.4680252333460648,14.885714285714284,21.585714285714285,0.0,28.20714285714286,1.1684732219140317,15.200000000000001,21.107142857142858,1.2,0.49999999999999994,0.8660254037844387,14.4,519.4
2023-01-18,29.5,15.0,21.8,0.0,9.9,57,2,1,18,1,2023,29.5,15.1,21.7,29.6,16.0,22.3,29.3,16.2,22.1,28.2,12.6,20.3,28.6,18.0,22.2,28.0,15.2,21.2,29.533333333333335,0.05773502691895672,15.366666666666665,21.933333333333334,0.0,29.314285714285713,0.24102953780864145,15.228571428571428,21.800000000000004,0.0,28.271428571428572,1.2155584797050711,14.985714285714286,21.07857142857143,1.2,0.49999999999999994,0.8660254037844387,14.5,564.3000000000001
2023-01-19,28.8,15.0,21.8,0.0,10.8,59,3,1,19,1,2023,29.5,15.0,21.8,29.5,15.1,21.7,29.6,16.0,22.3,29.0,13.5,21.1,26.8,17.8,21.7,28.9,15.3,21.6,29.266666666666666,0.4041451884327371,15.033333333333331,21.76666666666667,0.0,29.285714285714285,0.29113897843283626,15.442857142857141,21.900000000000002,0.0,28.41428571428571,1.1447923176497712,14.785714285714286,21.085714285714285,0.3000000000000001,0.49999999999999994,0.8660254037844387,13.8,637.2
2023-01-20,28.2,16.5,22.0,0.0,11.3,61,4,1,20,1,2023,28.8,15.0,21.8,29.5,15.0,21.8,29.5,15.1,21.7,29.0,14.6,21.6,27.1,18.0,21.7,29.3,15.7,21.9,28.833333333333332,0.65064070986477,15.499999999999998,21.866666666666664,0.0,29.17142857142857,0.5023753102830291,15.714285714285714,21.957142857142856,0.0,28.492857142857144,1.0837713963566868,14.678571428571429,21.107142857142858,0.0,0.49999999999999994,0.8660254037844387,11.7,689.3000000000001
2023-01-21,28.2,15.9,21.7,0.0,9.5,59,5,1,21,1,2023,28.2,16.5,22.0,28.8,15.0,21.8,29.5,15.0,21.8,29.3,16.2,22.0,27.0,16.8,21.0,29.4,16.1,22.1,28.399999999999995,0.34641016151377235,15.799999999999997,21.833333333333332,0.0,29.014285714285712,0.6148944934671835,15.671428571428573,21.914285714285715,0.0,28.57857142857143,1.0009061828231798,14.614285714285716,21.157142857142855,0.0,0.49999999999999994,0.8660254037844387,12.299999999999999,560.5
2023-01-22,28.4,15.0,21.6,0.0,10.0,61,6,1,22,1,2023,28.2,15.9,21.7,28.2,16.5,22.0,28.8,15.0,21.8,29.3,16.2,22.1,26.1,13.1,18.7,30.2,15.2,22.1,28.266666666666666,0.11547005383792475,15.799999999999997,21.766666666666666,0.0,28.885714285714283,0.6388233230684921,15.5,21.842857142857145,0.0,28.74285714285714,0.7089692254518825,14.75,21.364285714285717,0.0,0.49999999999999994,0.8660254037844387,13.399999999999999,610.0
2023-01-23,27.8,15.8,21.7,0.0,13.7,66,0,1,23,1,2023,28.4,15.0,21.6,28.2,15.9,21.7,28.2,16.5,22.0,29.6,16.0,22.3,27.1,11.1,18.7,29.6,14.9,21.8,28.13333333333333,0.3055050463303879,15.566666666666665,21.666666666666668,0.0,28.62857142857143,0.6651172470940722,15.471428571428572,21.75714285714286,0.0,28.792857142857144,0.600594943131196,15.085714285714285,21.57857142857143,0.0,0.49999999999999994,0.8660254037844387,12.0,904.1999999999999
2023-01-24,29.1,16.8,22.1,0.0,13.8,63,1,1,24,1,2023,27.8,15.8,21.7,28.4,15.0,21.6,28.2,15.9,21.7,29.5,15.1,21.7,28.3,13.8,20.4,29.1,14.7,21.4,28.433333333333334,0.650640709864771,15.866666666666665,21.8,0.0,28.571428571428573,0.5908025211935597,15.714285714285714,21.814285714285717,0.0,28.85,0.5880214543447448,15.3,21.7,0.0,0.49999999999999994,0.8660254037844387,12.3,869.4000000000001
2023-01-25,28.4,16.5,21.6,0.0,15.3,62,2,1,25,1,2023,29.1,16.8,22.1,27.8,15.8,21.7,28.4,15.0,21.6,29.5,15.0,21.8,28.2,12.6,20.3,28.6,18.2,23.0,28.433333333333334,0.650640709864771,16.366666666666664,21.8,0.0,28.414285714285715,0.4259443290262543,15.928571428571429,21.785714285714285,0.0,28.864285714285717,0.5732594296013379,15.578571428571427,21.792857142857144,0.0,0.49999999999999994,0.8660254037844387,11.899999999999999,948.6
2023-01-26,29.1,14.7,21.1,0.0,14.3,60,3,1,26,1,2023,28.4,16.5,21.6,29.1,16.8,22.1,27.8,15.8,21.7,28.8,15.0,21.8,29.0,13.5,21.1,30.2,19.4,24.0,28.86666666666667,0.4041451884327387,15.999999999999995,21.600000000000005,0.0,28.457142857142856,0.4825527358312203,15.885714285714286,21.685714285714283,0.0,28.871428571428574,0.5756983337035544,15.664285714285713,21.792857142857144,0.0,0.49999999999999994,0.8660254037844387,14.400000000000002,858.0
2023-01-27,28.8,15.4,21.8,0.0,12.2,55,4,1,27,1,2023,29.1,14.7,21.1,28.4,16.5,21.6,29.1,16.8,22.1,28.2,16.5,22.0,29.0,14.6,21.6,31.1,18.8,24.8,28.766666666666666,0.351188458428425,15.533333333333331,21.5,0.0,28.542857142857144,0.4825527358312164,15.728571428571428,21.657142857142862,0.0,28.857142857142858,0.5747431342174939,15.721428571428572,21.807142857142853,0.0,0.49999999999999994,0.8660254037844387,13.4,671.0
2023-01-28,29.8,15.5,22.2,0.0,10.5,53,5,1,28,1,2023,28.8,15.4,21.8,29.1,14.7,21.1,28.4,16.5,21.6,28.2,15.9,21.7,29.3,16.2,22.0,30.5,18.9,25.0,29.233333333333334,0.5131601439446887,15.199999999999998,21.7,0.0,28.771428571428572,0.6447590912234775,15.671428571428573,21.728571428571428,0.0,28.892857142857142,0.6182659195307666,15.671428571428573,21.821428571428573,0.0,0.49999999999999994,0.8660254037844387,14.3,556.5
2023-01-29,29.1,15.1,22.4,0.0,16.1,56,6,1,29,1,2023,29.8,15.5,22.2,28.8,15.4,21.8,29.1,14.7,21.1,28.4,15.0,21.6,29.3,16.2,22.1,30.4,19.2,24.7,29.233333333333334,0.5131601439446887,15.33333333333333,22.133333333333336,0.0,28.87142857142857,0.6317021600791414,15.685714285714285,21.842857142857145,0.0,28.87857142857143,0.6103952961670781,15.592857142857142,21.842857142857145,0.0,0.49999999999999994,0.8660254037844387,14.000000000000002,901.6000000000001
2023-01-30,29.3,17.1,22.8,0.0,17.9,68,0,1,30,1,2023,29.1,15.1,22.4,29.8,15.5,22.2,28.8,15.4,21.8,27.8,15.8,21.7,29.6,16.0,22.3,30.8,18.7,24.8,29.400000000000002,0.3605551275463989,15.899999999999999,22.46666666666667,0.0,29.08571428571429,0.42983939414964006,15.871428571428572,22.0,0.0,28.857142857142858,0.58797473220774,15.671428571428573,21.87857142857143,0.0,0.49999999999999994,0.8660254037844387,12.2,1217.1999999999998
2023-01-31,30.0,18.3,23.3,0.0,11.2,60,1,1,31,1,2023,29.3,17.1,22.8,29.1,15.1,22.4,29.8,15.5,22.2,29.1,16.8,22.1,29.5,15.1,21.7,30.1,20.0,24.1,29.46666666666667,0.47258156262526013,16.833333333333332,22.833333333333332,0.0,29.214285714285715,0.5520524474748068,16.085714285714285,22.17142857142857,0.0,28.892857142857142,0.6426678598019778,15.9,21.992857142857144,0.0,0.49999999999999994,0.8660254037844387,11.7,672.0
2023-02-01,29.9,17.1,22.8,0.0,16.1,57,2,2,32,1,2023,30.0,18.3,23.3,29.3,17.1,22.8,29.1,15.1,22.4,28.4,16.5,21.6,29.5,15.0,21.8,29.4,18.5,23.6,29.73333333333333,0.37859388972001623,17.5,22.96666666666667,0.0,29.428571428571427,0.4680252333460539,16.17142857142857,22.342857142857145,0.0,28.92142857142857,0.6795683827354406,16.05,22.064285714285713,0.0,0.8660254037844386,0.5000000000000001,12.799999999999997,917.7
2023-02-02,29.3,17.7,22.6,0.0,16.9,48,3,2,33,1,2023,29.9,17.1,22.8,30.0,18.3,23.3,29.3,17.1,22.8,29.1,14.7,21.1,28.8,15.0,21.8,28.6,18.0,22.9,29.733333333333334,0.37859388972001623,17.7,22.900000000000002,0.0,29.45714285714286,0.4503966505849603,16.6,22.557142857142857,0.0,28.95714285714286,0.6858058546922334,16.242857142857144,22.12142857142857,0.0,0.8660254037844386,0.5000000000000001,11.600000000000001,811.1999999999999
2023-02-03,29.8,15.2,22.1,0.0,10.5,37,4,2,34,1,2023,29.3,17.7,22.6,29.9,17.1,22.8,30.0,18.3,23.3,28.8,15.4,21.8,28.2,16.5,22.0,28.6,18.0,22.2,29.666666666666668,0.3214550253664299,16.666666666666668,22.5,0.0,29.599999999999998,0.3559026084024504,16.571428571428573,22.599999999999998,0.0,29.071428571428573,0.6832372844141756,16.15,22.12857142857143,0.0,0.8660254037844386,0.5000000000000001,14.600000000000001,388.5
2023-02-04,30.3,16.0,22.8,0.0,11.5,43,5,2,35,1,2023,29.8,15.2,22.1,29.3,17.7,22.6,29.9,17.1,22.8,29.8,15.5,22.2,28.2,15.9,21.7,26.8,17.8,21.7,29.8,0.49999999999999767,16.299999999999997,22.5,0.0,29.67142857142857,0.44239607334975717,16.642857142857142,22.685714285714287,0.0,29.22142857142857,0.7073010146148458,16.157142857142855,22.207142857142856,0.0,0.8660254037844386,0.5000000000000001,14.3,494.5
2023-02-05,30.4,15.6,22.5,0.0,11.5,44,6,2,36,1,2023,30.3,16.0,22.8,29.8,15.2,22.1,29.3,17.7,22.6,29.1,15.1,22.4,28.4,15.0,21.6,27.1,18.0,21.7,30.166666666666668,0.321455025366423,15.599999999999996,22.46666666666667,0.0,29.857142857142858,0.4353433237397795,16.714285714285715,22.7,0.0,29.364285714285717,0.7302340434697752,16.2,22.27142857142857,0.0,0.8660254037844386,0.5000000000000001,14.799999999999999,506.0
2023-02-06,30.7,15.9,23.1,0.0,10.5,49,0,2,37,1,2023,30.4,15.6,22.5,30.3,16.0,22.8,29.8,15.2,22.1,29.3,17.1,22.8,27.8,15.8,21.7,27.0,16.8,21.0,30.46666666666667,0.20816659994659736,15.83333333333333,22.8,0.0,30.057142857142853,0.457737708218133,16.54285714285714,22.74285714285714,0.0,29.571428571428573,0.6603362446847878,16.20714285714286,22.37142857142857,0.0,0.8660254037844386,0.5000000000000001,14.799999999999999,514.5
2023-02-07,31.4,17.4,24.7,0.0,10.1,51,1,2,38,1,2023,30.7,15.9,23.1,30.4,15.6,22.5,30.3,16.0,22.8,30.0,18.3,23.3,29.1,16.8,22.1,26.1,13.1,18.7,30.833333333333332,0.5131601439446783,16.299999999999997,23.433333333333334,0.0,30.257142857142856,0.680336051417321,16.414285714285715,22.942857142857147,0.0,29.735714285714284,0.804417747248504,16.25,22.557142857142857,0.0,0.8660254037844386,0.5000000000000001,14.0,515.1
2023-02-08,32.5,18.5,24.8,0.0,10.5,53,2,2,39,1,2023,31.4,17.4,24.7,30.7,15.9,23.1,30.4,15.6,22.5,29.9,17.1,22.8,28.4,16.5,21.6,27.1,11.1,18.7,31.53333333333333,0.9073771725877378,17.266666666666662,24.2,0.0,30.62857142857143,1.0578504710253567,16.614285714285717,23.228571428571428,0.0,30.02857142857143,1.0026338939389399,16.392857142857142,22.785714285714285,0.0,0.8660254037844386,0.5000000000000001,14.0,556.5
2023-02-09,32.4,17.6,24.4,0.0,8.8,50,3,2,40,1,2023,32.5,18.5,24.8,31.4,17.4,24.7,30.7,15.9,23.1,29.3,17.7,22.6,29.1,14.7,21.1,28.3,13.8,20.4,32.1,0.6082762530298053,17.833333333333332,24.633333333333336,0.0,31.071428571428573,1.0578504710253454,16.6,23.485714285714288,0.0,30.264285714285712,1.1452961611320127,16.6,23.02142857142857,0.0,0.8660254037844386,0.5000000000000001,14.799999999999997,440.00000000000006
2023-02-10,32.8,17.9,24.9,0.0,11.8,38,4,2,41,1,2023,32.4,17.6,24.4,32.5,18.5,24.8,31.4,17.4,24.7,29.8,15.2,22.1,28.8,15.4,21.8,28.2,12.6,20.3,32.56666666666667,0.20816659994655323,17.999999999999996,24.7,0.0,31.499999999999996,1.064581294845178,16.985714285714288,23.88571428571429,0.0,30.55,1.2463793718053726,16.77857142857143,23.242857142857144,0.0,0.8660254037844386,0.5000000000000001,14.899999999999999,448.40000000000003
2023-02-11,33.5,16.5,25.1,0.0,9.4,38,5,2,42,1,2023,32.8,17.9,24.9,32.4,17.6,24.4,32.5,18.5,24.8,30.3,16.0,22.8,29.8,15.5,22.2,29.0,13.5,21.1,32.9,0.5567764362829748,17.333333333333332,24.8,0.0,31.957142857142856,1.1472534489777562,17.057142857142857,24.214285714285715,0.0,30.814285714285717,1.4506535094211883,16.85,23.449999999999996,0.0,0.8660254037844386,0.5000000000000001,17.0,357.2
2023-02-12,33.3,17.2,25.4,0.0,12.9,36,6,2,43,1,2023,33.5,16.5,25.1,32.8,17.9,24.9,32.4,17.6,24.4,30.4,15.6,22.5,29.1,15.1,22.4,29.0,14.6,21.6,33.199999999999996,0.3605551275463492,17.2,25.133333333333336,0.0,32.371428571428574,1.0061714328988938,17.285714285714285,24.62857142857143,0.0,31.11428571428571,1.5022327704798908,17.0,23.664285714285715,0.0,0.8660254037844386,0.5000000000000001,16.099999999999998,464.40000000000003
2023-02-13,31.6,17.4,23.6,0.0,15.3,35,0,2,44,1,2023,33.3,17.2,25.4,33.5,16.5,25.1,32.8,17.9,24.9,30.7,15.9,23.1,29.3,17.1,22.8,29.3,16.2,22.0,32.800000000000004,1.0440306508910386,17.03333333333333,24.7,0.0,32.5,0.7916228058030674,17.5,24.7,0.0,31.27857142857143,1.4115886148530676,17.021428571428572,23.72142857142857,0.0,0.8660254037844386,0.5000000000000001,14.200000000000003,535.5
2023-02-14,31.6,14.4,22.6,0.0,11.6,34,1,2,45,1,2023,31.6,17.4,23.6,33.3,17.2,25.4,33.5,16.5,25.1,31.4,17.4,24.7,30.0,18.3,23.3,29.3,16.2,22.1,32.166666666666664,0.9814954576223489,16.333333333333332,23.866666666666664,0.0,32.528571428571425,0.7476948702836419,17.07142857142857,24.4,0.0,31.392857142857142,1.3640800144106888,16.742857142857144,23.67142857142857,0.0,0.8660254037844386,0.5000000000000001,17.200000000000003,394.4
2023-02-15,32.8,15.8,23.8,0.0,13.8,32,2,2,46,1,2023,31.6,14.4,22.6,31.6,17.4,23.6,33.3,17.2,25.4,32.5,18.5,24.8,29.9,17.1,22.8,29.6,16.0,22.3,32.0,0.6928203230275485,15.866666666666665,23.333333333333332,0.0,32.57142857142857,0.7543524501507701,16.685714285714287,24.25714285714286,0.0,31.599999999999998,1.339919630196149,16.65,23.742857142857144,0.0,0.8660254037844386,0.5000000000000001,16.999999999999996,441.6
2023-02-16,33.4,17.7,24.8,0.0,18.1,31,3,2,47,1,2023,32.8,15.8,23.8,31.6,14.4,22.6,31.6,17.4,23.6,32.4,17.6,24.4,29.3,17.7,22.6,29.5,15.1,21.7,32.6,0.9165151389911644,15.966666666666663,23.733333333333334,0.0,32.714285714285715,0.8091735937132084,16.7,24.314285714285713,0.0,31.892857142857142,1.24311289524726,16.65,23.900000000000002,0.0,0.8660254037844386,0.5000000000000001,15.7,561.1
2023-02-17,32.5,17.3,24.0,0.0,11.6,35,4,2,48,1,2023,33.4,17.7,24.8,32.8,15.8,23.8,31.6,14.4,22.6,32.8,17.9,24.9,29.8,15.2,22.1,29.5,15.0,21.8,32.9,0.45825756949557667,16.933333333333334,24.2,0.0,32.67142857142857,0.8118174789005623,16.614285714285714,24.185714285714287,0.0,32.08571428571428,1.0939393478176218,16.8,24.035714285714285,0.0,0.8660254037844386,0.5000000000000001,15.2,406.0
2023-02-18,31.6,17.6,24.4,0.0,9.7,41,5,2,49,1,2023,32.5,17.3,24.0,33.4,17.7,24.8,32.8,15.8,23.8,33.5,16.5,25.1,30.3,16.0,22.8,28.8,15.0,21.8,32.5,0.8999999999999959,17.53333333333333,24.400000000000002,0.0,32.4,0.8062257748303877,16.771428571428572,24.085714285714285,0.0,32.17857142857142,0.9799360822395862,16.914285714285715,24.150000000000002,0.0,0.8660254037844386,0.5000000000000001,14.0,397.7
2023-02-19,31.7,18.9,25.0,0.0,10.8,46,6,2,50,1,2023,31.6,17.6,24.4,32.5,17.3,24.0,33.4,17.7,24.8,33.3,17.2,25.4,30.4,15.6,22.5,28.2,16.5,22.0,31.933333333333334,0.49328828623161686,17.933333333333334,24.46666666666667,0.0,32.17142857142857,0.7319250547119944,17.014285714285716,24.02857142857143,0.0,32.27142857142857,0.8516306272528392,17.15,24.32857142857143,0.0,0.8660254037844386,0.5000000000000001,12.8,496.8
2023-02-20,32.8,16.9,25.2,0.0,9.5,47,0,2,51,1,2023,31.7,18.9,25.0,31.6,17.6,24.4,32.5,17.3,24.0,31.6,17.4,23.6,30.7,15.9,23.1,28.2,15.9,21.7,32.03333333333333,0.6658328118479315,17.799999999999997,24.866666666666664,0.0,32.34285714285714,0.7161404491145604,16.942857142857143,24.25714285714286,0.0,32.42142857142857,0.729782445378586,17.22142857142857,24.478571428571428,0.0,0.8660254037844386,0.5000000000000001,15.899999999999999,446.5
2023-02-21,34.3,17.1,25.9,0.0,10.5,38,1,2,52,1,2023,32.8,16.9,25.2,31.7,18.9,25.0,31.6,17.6,24.4,31.6,14.4,22.6,31.4,17.4,24.7,28.4,15.0,21.6,32.93333333333334,1.3051181300301222,17.63333333333333,25.366666666666664,0.0,32.72857142857143,0.9411239481147676,17.32857142857143,24.728571428571428,0.0,32.628571428571426,0.823153945251275,17.2,24.564285714285717,0.0,0.8660254037844386,0.5000000000000001,17.199999999999996,399.0
2023-02-22,34.8,17.4,26.2,0.0,10.0,36,2,2,53,1,2023,34.3,17.1,25.9,32.8,16.9,25.2,31.7,18.9,25.0,32.8,15.8,23.8,32.5,18.5,24.8,27.8,15.8,21.7,33.96666666666667,1.0408329997330639,17.13333333333333,25.766666666666666,0.0,33.01428571428571,1.2266873704260315,17.557142857142857,25.071428571428573,0.0,32.79285714285714,1.0049602255539123,17.12142857142857,24.664285714285715,0.0,0.8660254037844386,0.5000000000000001,17.4,360.0
2023-02-23,34.3,17.3,25.7,0.0,11.6,39,3,2,54,1,2023,34.8,17.4,26.2,34.3,17.1,25.9,32.8,16.9,25.2,33.4,17.7,24.8,32.4,17.6,24.4,29.1,16.8,22.1,34.46666666666667,0.288675134594807,17.266666666666662,25.933333333333334,0.0,33.142857142857146,1.3176458083230473,17.5,25.199999999999996,0.0,32.92857142857143,1.073763024585659,17.1,24.757142857142856,0.0,0.8660254037844386,0.5000000000000001,16.999999999999996,452.4
2023-02-24,34.4,20.0,26.5,0.0,11.2,35,4,2,55,1,2023,34.3,17.3,25.7,34.8,17.4,26.2,34.3,17.1,25.9,32.5,17.3,24.0,32.8,17.9,24.9,28.4,16.5,21.6,34.5,0.26457513110645325,18.23333333333333,26.133333333333336,0.0,33.41428571428572,1.3582201238248217,17.885714285714283,25.557142857142853,0.0,33.04285714285714,1.1420051769480426,17.25,24.87142857142857,0.0,0.8660254037844386,0.5000000000000001,14.399999999999999,392.0
2023-02-25,34.6,20.7,26.6,0.0,11.3,31,5,2,56,1,2023,34.4,20.0,26.5,34.3,17.3,25.7,34.8,17.4,26.2,31.6,17.6,24.4,33.5,16.5,25.1,29.1,14.7,21.1,34.43333333333334,0.1527525231651878,19.333333333333332,26.266666666666666,0.0,33.84285714285714,1.147253448977717,18.32857142857143,25.87142857142857,0.0,33.12142857142857,1.2115968937593629,17.55,24.97857142857143,0.0,0.8660254037844386,0.5000000000000001,13.900000000000002,350.3
2023-02-26,33.7,18.9,26.1,0.0,11.7,31,6,2,57,1,2023,34.6,20.7,26.6,34.4,20.0,26.5,34.3,17.3,25.7,31.7,18.9,25.0,33.3,17.2,25.4,28.8,15.4,21.8,34.23333333333334,0.47258156262526063,19.866666666666664,26.400000000000002,0.0,34.128571428571426,0.6775305299751408,18.328571428571426,26.028571428571432,0.0,33.15,1.2208130960081145,17.67142857142857,25.02857142857143,0.0,0.8660254037844386,0.5000000000000001,14.800000000000004,362.7
2023-02-27,33.3,17.8,25.4,0.0,14.5,35,0,2,58,1,2023,33.7,18.9,26.1,34.6,20.7,26.6,34.4,20.0,26.5,32.8,16.9,25.2,31.6,17.4,23.6,29.8,15.5,22.2,33.86666666666667,0.6658328118479475,19.13333333333333,26.03333333333333,0.0,34.199999999999996,0.5228129047126759,18.457142857142856,26.057142857142853,0.0,33.271428571428565,1.136410388648779,17.7,25.157142857142855,0.0,0.8660254037844386,0.5000000000000001,15.499999999999996,507.5
2023-02-28,32.9,18.5,25.7,0.0,15.4,35,1,2,59,1,2023,33.3,17.8,25.4,33.7,18.9,26.1,34.6,20.7,26.6,34.3,17.1,25.9,31.6,14.4,22.6,29.1,15.1,22.4,33.300000000000004,0.40000000000003255,18.399999999999995,25.733333333333334,0.0,34.0,0.7118052168026352,18.657142857142855,26.028571428571432,0.0,33.364285714285714,1.0381989900098336,17.99285714285714,25.37857142857143,0.0,0.8660254037844386,0.5000000000000001,14.399999999999999,539.0
2023-03-01,32.8,19.1,26.0,0.0,15.8,32,2,3,60,1,2023,32.9,18.5,25.7,33.3,17.8,25.4,33.7,18.9,26.1,34.8,17.4,26.2,32.8,15.8,23.8,29.3,17.1,22.8,33.0,0.26457513110652425,18.466666666666665,25.7,0.0,33.71428571428571,0.7380798769528237,18.900000000000002,26.0,0.0,33.364285714285714,1.0381989900098336,18.22857142857143,25.535714285714285,0.0,1.0,6.123233995736766e-17,13.699999999999996,505.6
2023-03-02,33.2,18.4,25.7,0.0,14.2,30,3,3,61,1,2023,32.8,19.1,26.0,32.9,18.5,25.7,33.3,17.8,25.4,34.3,17.3,25.7,33.4,17.7,24.8,30.0,18.3,23.3,32.96666666666667,0.2081665999467014,18.666666666666664,25.8,0.0,33.55714285714286,0.709124208342897,19.057142857142853,26.0,0.0,33.35,1.039045419900247,18.27857142857143,25.599999999999998,0.0,1.0,6.123233995736766e-17,14.800000000000004,426.0
2023-03-03,34.2,18.0,26.0,0.0,17.9,35,4,3,62,1,2023,33.2,18.4,25.7,32.8,19.1,26.0,32.9,18.5,25.7,34.4,20.0,26.5,32.5,17.3,24.0,29.9,17.1,22.8,33.4,0.7211102550928152,18.499999999999996,25.900000000000002,0.0,33.528571428571425,0.6725927091351437,18.77142857142857,25.928571428571427,0.0,33.47142857142857,1.0313759080648317,18.32857142857143,25.74285714285714,0.0,1.0,6.123233995736766e-17,16.200000000000003,626.5
2023-03-04,34.0,20.8,27.0,0.0,13.7,29,5,3,63,1,2023,34.2,18.0,26.0,33.2,18.4,25.7,32.8,19.1,26.0,34.6,20.7,26.6,31.6,17.6,24.4,29.3,17.7,22.6,33.800000000000004,0.5291502622129264,19.066666666666663,26.233333333333334,0.0,33.44285714285714,0.5380741673083862,18.785714285714285,25.985714285714288,0.0,33.642857142857146,0.8855370258640293,18.557142857142857,25.928571428571427,0.0,1.0,6.123233995736766e-17,13.2,397.29999999999995
2023-03-05,34.1,18.6,26.2,0.0,13.7,34,6,3,64,1,2023,34.0,20.8,27.0,34.2,18.0,26.0,33.2,18.4,25.7,33.7,18.9,26.1,31.7,18.9,25.0,29.8,15.2,22.1,34.1,0.10000000000000504,19.13333333333333,26.399999999999995,0.0,33.5,0.588784057755869,18.74285714285714,26.0,0.0,33.81428571428571,0.6915502572062557,18.535714285714285,26.014285714285712,0.0,1.0,6.123233995736766e-17,15.5,465.79999999999995
2023-03-06,34.4,18.3,26.5,0.0,14.9,33,0,3,65,1,2023,34.1,18.6,26.2,34.0,20.8,27.0,34.2,18.0,26.0,33.3,17.8,25.4,32.8,16.9,25.2,30.3,16.0,22.8,34.166666666666664,0.20816659994661157,19.23333333333333,26.566666666666663,0.0,33.65714285714286,0.6679749068574843,18.814285714285713,26.157142857142862,0.0,33.92857142857143,0.6414269805900332,18.635714285714283,26.107142857142858,0.0,1.0,6.123233995736766e-17,16.099999999999998,491.7
2023-03-07,32.1,19.7,25.9,0.0,18.0,37,1,3,66,1,2023,34.4,18.3,26.5,34.1,18.6,26.2,34.0,20.8,27.0,32.9,18.5,25.7,34.3,17.1,25.9,30.4,15.6,22.5,33.53333333333333,1.2503332889007392,18.866666666666664,26.2,0.0,33.542857142857144,0.8599557020711037,18.985714285714288,26.185714285714283,0.0,33.77142857142857,0.7946247991529414,18.821428571428573,26.107142857142858,0.0,1.0,6.123233995736766e-17,12.400000000000002,666.0
2023-03-08,33.2,19.1,26.2,0.0,11.2,40,2,3,67,1,2023,32.1,19.7,25.9,34.4,18.3,26.5,34.1,18.6,26.2,32.8,19.1,26.0,34.8,17.4,26.2,30.7,15.9,23.1,33.23333333333334,1.1503622617824973,19.03333333333333,26.2,0.0,33.6,0.8144527815251928,18.985714285714288,26.214285714285715,0.0,33.65714285714286,0.7490653516878123,18.942857142857143,26.107142857142858,0.0,1.0,6.123233995736766e-17,14.100000000000001,448.0
2023-03-09,33.5,19.8,26.4,0.0,12.6,35,3,3,68,1,2023,33.2,19.1,26.2,32.1,19.7,25.9,34.4,18.3,26.5,33.2,18.4,25.7,34.3,17.3,25.7,31.4,17.4,24.7,32.93333333333334,0.7371114795832114,19.53333333333333,26.166666666666668,0.0,33.642857142857146,0.797615493951355,19.185714285714287,26.314285714285713,0.0,33.6,0.7264243303280767,19.12142857142857,26.157142857142855,0.0,1.0,6.123233995736766e-17,13.7,441.0
2023-03-10,33.8,19.8,26.6,0.0,11.2,36,4,3,69,1,2023,33.5,19.8,26.4,33.2,19.1,26.2,32.1,19.7,25.9,34.2,18.0,26.0,34.4,20.0,26.5,32.5,18.5,24.8,33.5,0.30000000000000177,19.566666666666663,26.400000000000002,0.0,33.58571428571429,0.7646972634727393,19.442857142857143,26.400000000000002,0.0,33.55714285714286,0.6925030249469876,19.107142857142858,26.164285714285715,0.0,1.0,6.123233995736766e-17,13.999999999999996,403.2
2023-03-11,33.4,19.2,26.2,0.0,13.7,40,5,3,70,1,2023,33.8,19.8,26.6,33.5,19.8,26.4,33.2,19.1,26.2,34.0,20.8,27.0,34.6,20.7,26.6,32.4,17.6,24.4,33.56666666666667,0.20816659994661535,19.599999999999998,26.399999999999995,0.0,33.5,0.7438637868145827,19.214285714285715,26.285714285714285,0.0,33.471428571428575,0.6244118111394121,19.0,26.135714285714283,0.0,1.0,6.123233995736766e-17,14.2,548.0
2023-03-12,33.7,19.4,26.4,0.0,15.6,39,6,3,71,1,2023,33.4,19.2,26.2,33.8,19.8,26.6,33.5,19.8,26.4,34.1,18.6,26.2,33.7,18.9,26.1,32.8,17.9,24.9,33.63333333333333,0.20816659994661335,19.466666666666665,26.400000000000002,0.0,33.44285714285714,0.7044078904947597,19.32857142857143,26.314285714285717,0.0,33.47142857142857,0.6244118111394121,19.035714285714285,26.157142857142855,0.0,1.0,6.123233995736766e-17,14.300000000000004,608.4
2023-03-13,33.8,18.8,26.4,0.0,12.4,35,0,3,72,1,2023,33.7,19.4,26.4,33.4,19.2,26.2,33.8,19.8,26.6,34.4,18.3,26.5,33.3,17.8,25.4,33.5,16.5,25.1,33.63333333333333,0.20816659994661335,19.13333333333333,26.333333333333332,0.0,33.357142857142854,0.5968169536728021,19.400000000000002,26.299999999999994,0.0,33.50714285714285,0.6281404616490878,19.107142857142858,26.228571428571428,0.0,1.0,6.123233995736766e-17,14.999999999999996,434.0
2023-03-14,34.5,19.6,27.1,0.0,13.1,26,1,3,73,1,2023,33.8,18.8,26.4,33.7,19.4,26.4,33.4,19.2,26.2,32.1,19.7,25.9,32.9,18.5,25.7,33.3,17.2,25.4,34.0,0.4358898943540565,19.266666666666666,26.633333333333336,0.0,33.699999999999996,0.4163331998941719,19.385714285714283,26.47142857142857,0.0,33.621428571428574,0.6541918930767318,19.185714285714283,26.328571428571426,0.0,1.0,6.123233995736766e-17,14.899999999999999,340.59999999999997
2023-03-15,34.8,18.5,26.9,0.0,14.3,32,2,3,74,1,2023,34.5,19.6,27.1,33.8,18.8,26.4,33.7,19.4,26.4,33.2,19.1,26.2,32.8,19.1,26.0,31.6,17.4,23.6,34.36666666666667,0.513160143944675,18.966666666666665,26.8,0.0,33.92857142857143,0.5219012860510375,19.3,26.571428571428573,0.0,33.76428571428571,0.6789212516443601,19.142857142857142,26.392857142857142,0.0,1.0,6.123233995736766e-17,16.299999999999997,457.6
2023-03-16,31.1,20.3,24.3,9.7,15.1,69,3,3,75,1,2023,34.8,18.5,26.9,34.5,19.6,27.1,33.8,18.8,26.4,33.5,19.8,26.4,33.2,18.4,25.7,31.6,14.4,22.6,33.46666666666667,2.055075018906444,19.466666666666665,26.099999999999998,9.699999999999987,33.58571428571428,1.1992060865822984,19.37142857142857,26.271428571428572,9.700000000000001,33.614285714285714,0.9788982369184464,19.278571428571432,26.292857142857144,9.7,1.0,6.123233995736766e-17,10.8,1041.8999999999999
2023-03-17,26.8,18.9,22.2,29.6,18.0,81,4,3,76,1,2023,31.1,20.3,24.3,34.8,18.5,26.9,34.5,19.6,27.1,33.8,19.8,26.6,34.2,18.0,26.0,32.8,15.8,23.8,30.900000000000006,4.00374824383352,19.23333333333333,24.46666666666667,39.29999999999999,32.58571428571429,2.817462553095619,19.24285714285714,25.642857142857142,39.300000000000004,33.08571428571428,2.050087106163407,19.342857142857145,26.021428571428572,39.3,1.0,6.123233995736766e-17,7.900000000000002,1458.0
2023-03-18,26.6,19.1,21.7,17.6,14.8,86,5,3,77,1,2023,26.8,18.9,22.2,31.1,20.3,24.3,34.8,18.5,26.9,33.4,19.2,26.2,34.0,20.8,27.0,33.4,17.7,24.8,28.16666666666667,2.542308662089118,19.43333333333333,22.733333333333334,56.89999999999999,31.614285714285717,3.5634386816804,19.22857142857143,25.0,56.900000000000006,32.55714285714286,2.6595876735702713,19.22142857142857,25.642857142857142,56.900000000000006,1.0,6.123233995736766e-17,7.5,1272.8
2023-03-19,29.0,17.7,22.6,0.3,14.0,73,6,3,78,1,2023,26.6,19.1,21.7,26.8,18.9,22.2,31.1,20.3,24.3,33.7,19.4,26.4,34.1,18.6,26.2,32.5,17.3,24.0,27.46666666666667,1.3316656236958881,18.566666666666663,22.166666666666668,47.499999999999986,30.942857142857143,3.547702140286219,18.985714285714288,24.457142857142856,57.2,32.19285714285714,2.7786173334438544,19.157142857142855,25.38571428571429,57.2,1.0,6.123233995736766e-17,11.3,1022.0
2023-03-20,29.6,18.5,23.3,0.0,9.4,67,0,3,79,1,2023,29.0,17.7,22.6,26.6,19.1,21.7,26.8,18.9,22.2,33.8,18.8,26.4,34.4,18.3,26.5,31.6,17.6,24.4,28.400000000000006,1.5874507866387613,18.433333333333334,22.53333333333333,17.89999999999999,30.342857142857145,3.332595156359599,18.942857142857143,24.014285714285716,57.2,31.85,2.7814633669237545,19.17142857142857,25.157142857142855,57.2,1.0,6.123233995736766e-17,11.100000000000001,629.8000000000001
2023-03-21,29.9,16.9,23.5,0.0,9.2,59,1,3,80,1,2023,29.6,18.5,23.3,29.0,17.7,22.6,26.6,19.1,21.7,34.5,19.6,27.1,32.1,19.7,25.9,31.7,18.9,25.0,29.5,0.45825756949560087,17.7,23.133333333333336,0.29999999999998933,29.685714285714287,2.784737313421668,18.557142857142857,23.5,57.2,31.692857142857143,2.828009434679761,18.97142857142857,24.985714285714284,57.2,1.0,6.123233995736766e-17,13.0,542.8
2023-03-22,30.9,18.3,24.7,0.0,12.3,58,2,3,81,1,2023,29.9,16.9,23.5,29.6,18.5,23.3,29.0,17.7,22.6,34.8,18.5,26.9,33.2,19.1,26.2,32.8,16.9,25.2,30.133333333333336,0.6806859285554093,17.899999999999995,23.833333333333332,0.0,29.12857142857143,1.8108140763338136,18.52857142857143,23.185714285714287,57.2,31.52857142857143,2.8003924371770093,18.914285714285715,24.87857142857143,57.2,1.0,6.123233995736766e-17,12.599999999999998,713.4000000000001
2023-03-23,31.2,18.8,25.1,0.0,13.2,59,3,3,82,1,2023,30.9,18.3,24.7,29.9,16.9,23.5,29.6,18.5,23.3,31.1,20.3,24.3,33.5,19.8,26.4,34.3,17.1,25.9,30.666666666666668,0.6806859285554052,17.999999999999996,24.433333333333334,0.0,29.142857142857142,1.8292595431462255,18.314285714285713,23.3,47.5,31.364285714285717,2.7427126221084346,18.842857142857145,24.785714285714285,57.2,1.0,6.123233995736766e-17,12.399999999999999,778.8
2023-03-24,32.3,19.6,25.9,0.0,9.2,62,4,3,83,1,2023,31.2,18.8,25.1,30.9,18.3,24.7,29.9,16.9,23.5,26.8,18.9,22.2,33.8,19.8,26.6,34.8,17.4,26.2,31.46666666666667,0.7371114795831886,18.900000000000002,25.233333333333334,0.0,29.928571428571427,1.8364043542700417,18.414285714285715,23.828571428571426,17.900000000000006,31.257142857142856,2.6685387201798862,18.82857142857143,24.735714285714288,57.2,1.0,6.123233995736766e-17,12.699999999999996,570.4
2023-03-25,31.1,20.9,26.0,0.7,12.7,69,5,3,84,1,2023,32.3,19.6,25.9,31.2,18.8,25.1,30.9,18.3,24.7,26.6,19.1,21.7,33.4,19.2,26.2,34.3,17.3,25.7,31.533333333333335,0.6658328118479252,19.766666666666666,25.666666666666668,0.6999999999999893,30.571428571428573,1.1279986491046596,18.67142857142857,24.442857142857143,1.0000000000000036,31.092857142857145,2.5962885597935177,18.95,24.72142857142857,57.900000000000006,1.0,6.123233995736766e-17,10.200000000000003,876.3
2023-03-26,33.2,21.2,26.6,0.0,11.4,65,6,3,85,1,2023,31.1,20.9,26.0,32.3,19.6,25.9,31.2,18.8,25.1,29.0,17.7,22.6,33.7,19.4,26.4,34.4,20.0,26.5,32.2,1.0535653752852592,20.566666666666666,26.166666666666668,0.6999999999999893,31.17142857142857,1.2618957771471884,19.17142857142857,25.014285714285712,0.7000000000000035,31.057142857142857,2.5608635219437983,19.07857142857143,24.735714285714288,57.900000000000006,1.0,6.123233995736766e-17,12.000000000000004,741.0
2023-03-27,33.6,20.8,26.5,0.0,14.4,55,0,3,86,1,2023,33.2,21.2,26.6,31.1,20.9,26.0,32.3,19.6,25.9,29.6,18.5,23.3,33.8,18.8,26.4,34.6,20.7,26.6,32.63333333333333,1.3428824718988952,20.966666666666665,26.366666666666664,0.6999999999999893,31.74285714285714,1.3352367366343938,19.5,25.471428571428568,0.7000000000000035,31.042857142857144,2.544893615946241,19.221428571428568,24.74285714285714,57.900000000000006,1.0,6.123233995736766e-17,12.8,792.0
2023-03-28,34.4,20.6,27.2,0.0,11.6,53,1,3,87,1,2023,33.6,20.8,26.5,33.2,21.2,26.6,31.1,20.9,26.0,29.9,16.9,23.5,34.5,19.6,27.1,33.7,18.9,26.1,33.73333333333334,0.6110100926607048,20.866666666666664,26.766666666666666,0.0,32.385714285714286,1.3825442385071989,20.028571428571432,26.0,0.7000000000000035,31.035714285714285,2.5345632738228114,19.292857142857144,24.75,57.900000000000006,1.0,6.123233995736766e-17,13.799999999999997,614.8
2023-03-29,34.8,21.0,27.8,0.0,13.9,55,2,3,88,1,2023,34.4,20.6,27.2,33.6,20.8,26.5,33.2,21.2,26.6,30.9,18.3,24.7,34.8,18.5,26.9,33.3,17.8,25.4,34.266666666666666,0.6110100926606863,20.799999999999997,27.166666666666668,0.0,32.94285714285714,1.467261784024235,20.414285714285715,26.442857142857143,0.7000000000000035,31.035714285714285,2.5345632738228114,19.47142857142857,24.814285714285713,57.900000000000006,1.0,6.123233995736766e-17,13.799999999999997,764.5
2023-03-30,35.1,21.3,28.4,0.0,13.7,49,3,3,89,1,2023,34.8,21.0,27.8,34.4,20.6,27.2,33.6,20.8,26.5,31.2,18.8,25.1,31.1,20.3,24.3,32.9,18.5,25.7,34.76666666666667,0.351188458428236,20.966666666666665,27.8,0.0,33.5,1.435270009441011,20.771428571428572,26.914285714285715,0.7000000000000035,31.321428571428573,2.75797544793803,19.54285714285714,25.107142857142858,48.2,1.0,6.123233995736766e-17,13.8,671.3
2023-03-31,33.6,21.5,27.2,0.0,15.6,52,4,3,90,1,2023,35.1,21.3,28.4,34.8,21.0,27.8,34.4,20.6,27.2,32.3,19.6,25.9,26.8,18.9,22.2,32.8,19.1,26.0,34.5,0.7937253933192989,21.266666666666666,27.8,0.0,33.68571428571428,1.3347016788141677,21.042857142857144,27.099999999999998,0.7000000000000035,31.807142857142857,2.4857948073355143,19.728571428571428,25.464285714285715,18.6,1.0,6.123233995736766e-17,12.100000000000001,811.1999999999999
2023-04-01,33.3,21.2,27.1,0.0,14.8,52,5,4,91,2,2023,33.6,21.5,27.2,35.1,21.3,28.4,34.8,21.0,27.8,31.1,20.9,26.0,26.6,19.1,21.7,33.2,18.4,25.7,34.00000000000001,0.9643650760992444,21.333333333333332,27.566666666666666,0.0,34.0,0.7593857166601409,21.085714285714285,27.25714285714286,0.0,32.285714285714285,2.004555251980378,19.87857142857143,25.849999999999998,1.0,0.8660254037844387,-0.4999999999999998,12.099999999999998,769.6
2023-04-02,33.4,20.8,27.2,0.5,9.1,60,6,4,92,2,2023,33.3,21.2,27.1,33.6,21.5,27.2,35.1,21.3,28.4,33.2,21.2,26.6,29.0,17.7,22.6,34.2,18.0,26.0,33.43333333333334,0.15275252316493637,21.166666666666664,27.166666666666668,0.49999999999998934,34.028571428571425,0.7273565968961768,21.028571428571432,27.342857142857145,0.5000000000000036,32.6,1.7823925148303956,20.099999999999998,26.178571428571427,1.2,0.8660254037844387,-0.4999999999999998,12.599999999999998,546.0
2023-04-03,34.2,21.4,27.9,0.0,12.3,54,0,4,93,2,2023,33.4,20.8,27.2,33.3,21.2,27.1,33.6,21.5,27.2,33.6,20.8,26.5,29.6,18.5,23.3,34.0,20.8,27.0,33.63333333333333,0.49328828623153875,21.13333333333333,27.400000000000002,0.49999999999998934,34.114285714285714,0.7033931367042684,21.114285714285717,27.542857142857144,0.5000000000000036,32.92857142857143,1.6016475034398345,20.307142857142857,26.50714285714286,1.2,0.8660254037844387,-0.4999999999999998,12.800000000000004,664.2
2023-04-04,35.1,22.4,28.5,0.0,16.3,52,1,4,94,2,2023,34.2,21.4,27.9,33.4,20.8,27.2,33.3,21.2,27.1,34.4,20.6,27.2,29.9,16.9,23.5,34.1,18.6,26.2,34.233333333333334,0.8504900548114718,21.53333333333333,27.866666666666664,0.49999999999998934,34.214285714285715,0.794624799153243,21.37142857142857,27.728571428571428,0.5000000000000036,33.3,1.4400854675492236,20.7,26.864285714285717,1.2,0.8660254037844387,-0.4999999999999998,12.700000000000003,847.6
2023-04-05,34.4,21.4,28.6,0.0,9.0,52,2,4,95,2,2023,35.1,22.4,28.5,34.2,21.4,27.9,33.4,20.8,27.2,34.8,21.0,27.8,30.9,18.3,24.7,34.4,18.3,26.5,34.56666666666667,0.4725815626251243,21.73333333333333,28.333333333333332,0.0,34.15714285714286,0.7590721152770928,21.428571428571427,27.842857142857145,0.5000000000000036,33.550000000000004,1.2870658341898302,20.92142857142857,27.142857142857142,1.2,0.8660254037844387,-0.4999999999999998,13.0,468.0
2023-04-06,33.7,22.5,27.5,2.5,20.8,57,3,4,96,2,2023,34.4,21.4,28.6,35.1,22.4,28.5,34.2,21.4,27.9,35.1,21.3,28.4,31.2,18.8,25.1,32.1,19.7,25.9,34.400000000000006,0.6999999999999114,22.099999999999994,28.200000000000003,2.4999999999999893,33.957142857142856,0.645128263364155,21.599999999999998,27.714285714285715,3.0000000000000036,33.72857142857143,1.0950437795454455,21.185714285714287,27.314285714285717,3.7,0.8660254037844387,-0.4999999999999998,11.200000000000003,1185.6000000000001
2023-04-07,34.8,22.9,26.9,1.5,20.4,62,4,4,97,2,2023,33.7,22.5,27.5,34.4,21.4,28.6,35.1,22.4,28.5,33.6,21.5,27.2,32.3,19.6,25.9,33.2,19.1,26.2,34.300000000000004,0.556776436282892,22.266666666666662,27.666666666666668,3.9999999999999893,34.128571428571426,0.6921326600070127,21.8,27.671428571428574,4.5000000000000036,33.90714285714286,1.0469474204081073,21.42142857142857,27.385714285714283,5.2,0.8660254037844387,-0.4999999999999998,11.899999999999999,1264.8
2023-04-08,33.3,21.8,26.8,0.1,21.3,57,5,4,98,2,2023,34.8,22.9,26.9,33.7,22.5,27.5,34.4,21.4,28.6,33.3,21.2,27.1,31.1,20.9,26.0,33.5,19.8,26.4,33.93333333333334,0.7767453465153327,22.399999999999995,27.066666666666663,4.099999999999989,34.128571428571426,0.6921326600070127,21.885714285714283,27.628571428571426,4.600000000000003,34.06428571428571,0.701215585040422,21.485714285714288,27.442857142857143,4.6,0.8660254037844387,-0.4999999999999998,11.499999999999996,1214.1000000000001
2023-04-09,34.4,22.4,28.0,0.0,11.9,47,6,4,99,2,2023,33.3,21.8,26.8,34.8,22.9,26.9,33.7,22.5,27.5,33.4,20.8,27.2,33.2,21.2,26.6,33.8,19.8,26.6,34.166666666666664,0.7767453465153294,22.366666666666664,27.23333333333333,1.5999999999999894,34.27142857142857,0.6156684327203842,22.11428571428571,27.74285714285714,4.100000000000003,34.15,0.6595452979138609,21.571428571428573,27.542857142857144,4.6,0.8660254037844387,-0.4999999999999998,12.0,559.3000000000001
2023-04-10,35.7,21.4,28.2,0.0,10.1,38,0,4,100,2,2023,34.4,22.4,28.0,33.3,21.8,26.8,34.8,22.9,26.9,34.2,21.4,27.9,33.6,20.8,26.5,33.4,19.2,26.2,34.46666666666667,1.201388086062625,21.866666666666664,27.666666666666668,0.09999999999998935,34.48571428571429,0.815329322889009,22.11428571428571,27.785714285714285,4.100000000000003,34.3,0.7565102063475243,21.61428571428571,27.664285714285715,4.6,0.8660254037844387,-0.4999999999999998,14.300000000000004,383.8
2023-04-11,36.6,21.8,28.9,0.0,11.2,39,1,4,101,2,2023,35.7,21.4,28.2,34.4,22.4,28.0,33.3,21.8,26.8,35.1,22.4,28.5,34.4,20.6,27.2,33.7,19.4,26.4,35.56666666666667,1.1060440015357376,21.866666666666664,28.366666666666664,0.0,34.7,1.137248140615788,22.02857142857143,27.842857142857145,4.100000000000003,34.457142857142856,0.9756372952426584,21.699999999999996,27.785714285714285,4.6,0.8660254037844387,-0.4999999999999998,14.8,436.79999999999995
2023-04-12,37.1,22.4,29.8,0.0,10.6,38,2,4,102,2,2023,36.6,21.8,28.9,35.7,21.4,28.2,34.4,22.4,28.0,34.4,21.4,28.6,34.8,21.0,27.8,33.8,18.8,26.4,36.46666666666667,0.7094598884596303,21.866666666666664,28.96666666666667,0.0,35.08571428571428,1.4369279400034705,22.17142857142857,28.014285714285712,4.100000000000003,34.621428571428574,1.2045928590375385,21.8,27.928571428571427,4.6,0.8660254037844387,-0.4999999999999998,14.700000000000003,402.8
2023-04-13,37.6,23.5,30.6,0.0,10.7,37,3,4,103,2,2023,37.1,22.4,29.8,36.6,21.8,28.9,35.7,21.4,28.2,33.7,22.5,27.5,35.1,21.3,28.4,34.5,19.6,27.1,37.1,0.4999999999997918,22.566666666666663,29.766666666666666,0.0,35.642857142857146,1.5608300599972957,22.314285714285713,28.457142857142856,1.6000000000000036,34.800000000000004,1.4427537771701493,21.95714285714286,28.085714285714285,4.6,0.8660254037844387,-0.4999999999999998,14.100000000000001,395.9
2023-04-14,37.0,24.3,30.5,0.0,19.4,41,4,4,104,2,2023,37.6,23.5,30.6,37.1,22.4,29.8,36.6,21.8,28.9,34.8,22.9,26.9,33.6,21.5,27.2,34.8,18.5,26.9,37.23333333333334,0.3214550253660996,23.399999999999995,30.3,0.0,35.957142857142856,1.584147660265443,22.514285714285712,28.97142857142857,0.10000000000000356,35.042857142857144,1.5098213270320122,22.157142857142855,28.321428571428573,4.6,0.8660254037844387,-0.4999999999999998,12.7,795.4
2023-04-15,36.4,24.0,29.7,0.0,19.2,41,5,4,105,2,2023,37.0,24.3,30.5,37.6,23.5,30.6,37.1,22.4,29.8,33.3,21.8,26.8,33.3,21.2,27.1,31.1,20.3,24.3,37.00000000000001,0.5999999999998321,23.933333333333334,30.266666666666666,0.0,36.4,1.0661457061149346,22.82857142857143,29.385714285714283,0.0,35.26428571428571,1.4610887104417993,22.357142857142854,28.50714285714286,4.6,0.8660254037844387,-0.4999999999999998,12.399999999999999,787.1999999999999
2023-04-16,36.5,23.4,30.1,0.0,10.2,41,6,4,106,2,2023,36.4,24.0,29.7,37.0,24.3,30.5,37.6,23.5,30.6,34.4,22.4,28.0,33.4,20.8,27.2,26.8,18.9,22.2,36.63333333333333,0.32145502536613857,23.899999999999995,30.099999999999998,0.0,36.7,0.6055300708200196,22.97142857142857,29.685714285714283,0.0,35.48571428571429,1.3899956518234744,22.542857142857144,28.714285714285715,4.1,0.8660254037844387,-0.4999999999999998,13.100000000000001,418.2
2023-04-17,37.0,24.5,30.7,0.0,10.0,38,0,4,107,2,2023,36.5,23.4,30.1,36.4,24.0,29.7,37.0,24.3,30.5,35.7,21.4,28.2,34.2,21.4,27.9,26.6,19.1,21.7,36.63333333333333,0.32145502536613857,23.966666666666665,30.166666666666668,0.0,36.885714285714286,0.41804533816624395,23.414285714285715,30.042857142857144,0.0,35.68571428571429,1.3922075126366775,22.764285714285712,28.914285714285715,4.1,0.8660254037844387,-0.4999999999999998,12.5,380.0
2023-04-18,38.6,24.9,31.1,0.0,12.7,31,1,4,108,2,2023,37.0,24.5,30.7,36.5,23.4,30.1,36.4,24.0,29.7,36.6,21.8,28.9,35.1,22.4,28.5,29.0,17.7,22.6,37.36666666666667,1.0969655114601893,24.266666666666666,30.633333333333336,0.0,37.17142857142857,0.7454624643232528,23.857142857142858,30.357142857142858,0.0,35.93571428571429,1.5804610538881938,22.942857142857143,29.099999999999998,4.1,0.8660254037844387,-0.4999999999999998,13.700000000000003,393.7
2023-04-19,38.0,22.9,30.6,0.0,11.3,35,2,4,109,2,2023,38.6,24.9,31.1,37.0,24.5,30.7,36.5,23.4,30.1,37.1,22.4,29.8,34.4,21.4,28.6,29.6,18.5,23.3,37.86666666666667,0.8082903768653262,24.099999999999994,30.8,0.0,37.300000000000004,0.8062257748302303,23.928571428571427,30.47142857142857,0.0,36.19285714285714,1.604064206327853,23.05,29.24285714285714,4.1,0.8660254037844387,-0.4999999999999998,15.100000000000001,395.5
2023-04-20,37.9,24.2,31.0,0.0,16.4,34,3,4,110,2,2023,38.0,22.9,30.6,38.6,24.9,31.1,37.0,24.5,30.7,37.6,23.5,30.6,33.7,22.5,27.5,29.9,16.9,23.5,38.166666666666664,0.3785938897196811,23.999999999999996,30.900000000000002,0.0,37.34285714285714,0.8323804075407744,24.02857142857143,30.52857142857143,0.0,36.49285714285714,1.490722223371263,23.171428571428574,29.49285714285714,1.6,0.8660254037844387,-0.4999999999999998,13.7,557.5999999999999
2023-04-21,35.0,23.1,28.8,1.6,13.5,47,4,4,111,2,2023,37.9,24.2,31.0,38.0,22.9,30.6,38.6,24.9,31.1,37.0,24.3,30.5,34.8,22.9,26.9,30.9,18.3,24.7,36.96666666666667,1.703917055884222,23.399999999999995,30.133333333333336,1.5999999999999894,37.05714285714286,1.2218253323850163,23.857142857142858,30.285714285714285,1.6000000000000036,36.50714285714286,1.4741173555800062,23.185714285714283,29.62857142857143,1.7000000000000002,0.8660254037844387,-0.4999999999999998,11.899999999999999,634.5
2023-04-22,35.1,22.7,28.9,0.0,11.1,51,5,4,112,2,2023,35.0,23.1,28.8,37.9,24.2,31.0,38.0,22.9,30.6,36.4,24.0,29.7,33.3,21.8,26.8,31.2,18.8,25.1,36.0,1.6462077633153973,23.33333333333333,29.566666666666666,1.5999999999999894,36.871428571428574,1.4209319544046568,23.67142857142857,30.17142857142857,1.6000000000000036,36.635714285714286,1.23138892366258,23.25,29.77857142857143,1.6,0.8660254037844387,-0.4999999999999998,12.400000000000002,566.1
2023-04-23,35.0,21.9,28.7,0.0,19.5,50,6,4,113,2,2023,35.1,22.7,28.9,35.0,23.1,28.8,37.9,24.2,31.0,36.5,23.4,30.1,34.4,22.4,28.0,32.3,19.6,25.9,35.03333333333333,0.05773502691852106,22.566666666666663,28.8,1.5999999999999894,36.65714285714286,1.5893994073835258,23.457142857142856,29.97142857142857,1.6000000000000036,36.67857142857143,1.1557072902164907,23.214285714285715,29.828571428571426,1.6,0.8660254037844387,-0.4999999999999998,13.100000000000001,975.0
2023-04-24,33.0,23.6,28.0,4.2,15.3,65,0,4,114,2,2023,35.0,21.9,28.7,35.1,22.7,28.9,35.0,23.1,28.8,37.0,24.5,30.7,35.7,21.4,28.2,31.1,20.9,26.0,34.36666666666667,1.1846237095944492,22.73333333333333,28.53333333333333,4.1999999999999895,36.08571428571429,2.086806628502638,23.328571428571426,29.58571428571429,5.800000000000004,36.48571428571429,1.5042796092672897,23.371428571428574,29.814285714285713,5.800000000000001,0.8660254037844387,-0.4999999999999998,9.399999999999999,994.5
2023-04-25,33.9,23.9,27.6,16.2,20.4,68,1,4,115,2,2023,33.0,23.6,28.0,35.0,21.9,28.7,35.1,22.7,28.9,38.6,24.9,31.1,36.6,21.8,28.9,33.2,21.2,26.6,33.96666666666667,1.0016652800877797,23.13333333333333,28.099999999999998,20.399999999999988,35.41428571428571,1.8898223650463104,23.185714285714287,29.085714285714285,22.000000000000004,36.292857142857144,1.6541157459800424,23.521428571428572,29.72142857142857,22.0,0.8660254037844387,-0.4999999999999998,10.0,1387.1999999999998
2023-04-26,32.2,21.6,26.6,2.5,13.8,68,2,4,116,2,2023,33.9,23.9,27.6,33.0,23.6,28.0,35.0,21.9,28.7,38.0,22.9,30.6,37.1,22.4,29.8,33.6,20.8,26.5,33.03333333333334,0.8504900548115625,23.03333333333333,27.400000000000002,22.899999999999988,34.58571428571428,1.8379595311366126,23.0,28.514285714285712,24.500000000000004,35.94285714285714,1.960264615463325,23.464285714285715,29.492857142857144,24.5,0.8660254037844387,-0.4999999999999998,10.600000000000001,938.4000000000001
2023-04-27,30.3,23.2,25.6,17.3,25.1,74,3,4,117,2,2023,32.2,21.6,26.6,33.9,23.9,27.6,33.0,23.6,28.0,37.9,24.2,31.0,37.6,23.5,30.6,34.4,20.6,27.2,32.13333333333333,1.800925687898705,22.899999999999995,26.600000000000005,35.999999999999986,33.5,1.798147194568354,22.857142857142858,27.74285714285714,41.800000000000004,35.42142857142857,2.405819409882474,23.442857142857143,29.135714285714283,41.8,0.8660254037844387,-0.4999999999999998,7.100000000000001,1857.4
2023-04-28,31.1,22.0,26.8,0.5,11.9,68,4,4,118,2,2023,30.3,23.2,25.6,32.2,21.6,26.6,33.9,23.9,27.6,35.0,23.1,28.8,37.0,24.3,30.5,34.8,21.0,27.8,31.200000000000003,0.9539392014170256,22.266666666666666,26.333333333333332,20.29999999999999,32.94285714285714,1.8590832354123366,22.699999999999996,27.457142857142856,40.7,35.0,2.6156334723234234,23.278571428571432,28.87142857142857,42.3,0.8660254037844387,-0.4999999999999998,9.100000000000001,809.2
2023-04-29,30.2,21.4,25.6,19.4,20.6,74,5,4,119,2,2023,31.1,22.0,26.8,30.3,23.2,25.6,32.2,21.6,26.6,35.1,22.7,28.9,36.4,24.0,29.7,35.1,21.3,28.4,30.533333333333335,0.4932882862318177,22.2,26.0,37.19999999999999,32.24285714285714,1.8338094619828662,22.514285714285712,26.985714285714288,60.1,34.55714285714286,2.8726065048781684,23.092857142857145,28.57857142857143,61.7,0.8660254037844387,-0.4999999999999998,8.8,1524.4
2023-04-30,29.6,21.6,24.7,17.7,18.1,79,6,4,120,2,2023,30.2,21.4,25.6,31.1,22.0,26.8,30.3,23.2,25.6,35.0,21.9,28.7,36.5,23.4,30.1,33.6,21.5,27.2,30.3,0.7549834435272087,21.666666666666668,25.7,37.59999999999999,31.471428571428568,1.6017847189042134,22.47142857142857,26.414285714285715,77.8,34.06428571428572,3.0967991273515105,22.964285714285715,28.192857142857143,79.4,0.8660254037844387,-0.4999999999999998,8.0,1429.9
2023-05-01,29.9,20.0,24.4,9.9,14.8,80,0,5,121,2,2023,29.6,21.6,24.7,30.2,21.4,25.6,31.1,22.0,26.8,33.0,23.6,28.0,37.0,24.5,30.7,33.3,21.2,27.1,29.900000000000002,0.3000000000003706,20.999999999999996,24.900000000000002,46.999999999999986,31.028571428571432,1.5359191446975309,21.957142857142856,25.900000000000002,83.5,33.55714285714286,3.1597746476886734,22.642857142857142,27.74285714285714,89.3,0.49999999999999994,-0.8660254037844387,9.899999999999999,1184.0
2023-05-02,30.1,22.3,24.9,7.0,16.2,80,1,5,122,2,2023,29.9,20.0,24.4,29.6,21.6,24.7,30.2,21.4,25.6,33.9,23.9,27.6,38.6,24.9,31.1,33.4,20.8,27.2,29.86666666666667,0.251661147842804,21.299999999999997,24.666666666666668,34.59999999999999,30.485714285714288,0.885867882227759,21.728571428571428,25.514285714285712,74.30000000000001,32.95,2.924104070546206,22.45714285714286,27.300000000000004,96.3,0.49999999999999994,-0.8660254037844387,7.800000000000001,1296.0
2023-05-03,30.4,22.3,25.8,1.0,13.3,75,2,5,123,2,2023,30.1,22.3,24.9,29.9,20.0,24.4,29.6,21.6,24.7,32.2,21.6,26.6,38.0,22.9,30.6,34.2,21.4,27.9,30.133333333333336,0.2516611478427749,21.53333333333333,25.03333333333333,17.89999999999999,30.228571428571428,0.4680252333458233,21.82857142857143,25.400000000000002,72.80000000000001,32.40714285714286,2.6022074314865478,22.41428571428571,26.957142857142856,97.3,0.49999999999999994,-0.8660254037844387,8.099999999999998,997.5
2023-05-04,31.4,21.5,26.3,0.2,10.7,74,3,5,124,2,2023,30.4,22.3,25.8,30.1,22.3,24.9,29.9,20.0,24.4,30.3,23.2,25.6,37.9,24.2,31.0,35.1,22.4,28.5,30.633333333333336,0.6806859285555373,22.03333333333333,25.666666666666668,8.199999999999989,30.38571428571429,0.6466028441756398,21.58571428571429,25.5,55.699999999999996,31.942857142857143,2.072796062444118,22.221428571428568,26.62142857142857,97.5,0.49999999999999994,-0.8660254037844387,9.899999999999999,791.8
2023-05-05,29.6,21.1,25.1,8.7,15.5,78,4,5,125,2,2023,31.4,21.5,26.3,30.4,22.3,25.8,30.1,22.3,24.9,31.1,22.0,26.8,35.0,23.1,28.8,34.4,21.4,28.6,30.46666666666667,0.9018499505646844,21.633333333333336,25.733333333333334,9.899999999999988,30.17142857142857,0.618369592057813,21.45714285714286,25.25714285714286,63.900000000000006,31.557142857142857,1.9594796348930958,22.07857142857143,26.357142857142858,104.60000000000001,0.49999999999999994,-0.8660254037844387,8.5,1209.0
2023-05-06,32.0,21.8,26.8,1.8,10.7,72,5,5,126,2,2023,29.6,21.1,25.1,31.4,21.5,26.3,30.4,22.3,25.8,30.2,21.4,25.6,35.1,22.7,28.9,33.7,22.5,27.5,31.0,1.248999599679744,21.466666666666665,26.066666666666666,10.699999999999989,30.428571428571427,0.928644685755397,21.514285714285716,25.428571428571427,46.3,31.335714285714285,1.6841373700856563,22.014285714285712,26.20714285714286,106.4,0.49999999999999994,-0.8660254037844387,10.2,770.4
2023-05-07,32.7,24.6,28.1,0.0,16.0,68,6,5,127,2,2023,32.0,21.8,26.8,29.6,21.1,25.1,31.4,21.5,26.3,29.6,21.6,24.7,35.0,21.9,28.7,34.8,22.9,26.9,31.433333333333337,1.6258331197676705,22.5,26.666666666666668,10.49999999999999,30.871428571428574,1.174328582232588,21.942857142857143,25.914285714285715,28.6,31.17142857142857,1.384768001357186,22.207142857142856,26.164285714285715,106.4,0.49999999999999994,-0.8660254037844387,8.100000000000001,1088.0
2023-05-08,34.1,23.8,28.5,0.0,10.8,66,0,5,128,2,2023,32.7,24.6,28.1,32.0,21.8,26.8,29.6,21.1,25.1,29.9,20.0,24.4,33.0,23.6,28.0,33.3,21.8,26.8,32.93333333333334,1.0692676621563972,23.399999999999995,27.8,1.7999999999999894,31.47142857142857,1.5934389285593553,22.48571428571429,26.5,18.700000000000003,31.25,1.5210067516161436,22.221428571428568,26.2,102.2,0.49999999999999994,-0.8660254037844387,10.3,712.8000000000001
2023-05-09,32.2,23.9,27.3,4.3,15.5,77,1,5,129,2,2023,34.1,23.8,28.5,32.7,24.6,28.1,32.0,21.8,26.8,30.1,22.3,24.9,33.9,23.9,27.6,34.4,22.4,28.0,33.00000000000001,0.9848857801796458,24.099999999999998,27.96666666666667,4.299999999999989,31.771428571428572,1.4862865198367303,22.714285714285715,26.842857142857145,16.0,31.12857142857143,1.3515965325545742,22.22142857142857,26.178571428571427,90.3,0.49999999999999994,-0.8660254037844387,8.300000000000004,1193.5
2023-05-10,33.4,24.1,27.7,15.3,12.2,78,2,5,130,2,2023,32.2,23.9,27.3,34.1,23.8,28.5,32.7,24.6,28.1,30.4,22.3,25.8,32.2,21.6,26.6,35.7,21.4,28.2,33.233333333333334,0.9609023536933334,23.933333333333326,27.833333333333332,19.59999999999999,32.2,1.4571661996265495,22.97142857142857,27.114285714285717,30.300000000000004,31.214285714285715,1.4585857970900729,22.4,26.257142857142856,103.1,0.49999999999999994,-0.8660254037844387,9.299999999999997,951.5999999999999
2023-05-11,36.2,24.1,29.3,0.2,16.6,60,3,5,131,2,2023,33.4,24.1,27.7,32.2,23.9,27.3,34.1,23.8,28.5,31.4,21.5,26.3,30.3,23.2,25.6,36.6,21.8,28.9,33.93333333333334,2.052640575778756,24.03333333333333,28.099999999999998,19.79999999999999,32.885714285714286,2.03341139584754,23.342857142857145,27.54285714285714,30.300000000000004,31.63571428571429,1.94525345109868,22.464285714285715,26.521428571428572,86.0,0.49999999999999994,-0.8660254037844387,12.100000000000001,996.0000000000001
2023-05-12,37.4,22.4,29.6,0.0,12.8,49,4,5,132,2,2023,36.2,24.1,29.3,33.4,24.1,27.7,32.2,23.9,27.3,29.6,21.1,25.1,31.1,22.0,26.8,37.1,22.4,29.8,35.666666666666664,2.052640575778724,23.53333333333333,28.866666666666664,15.49999999999999,34.0,2.069621543503558,23.52857142857143,28.185714285714287,21.600000000000005,32.08571428571428,2.4697733134400273,22.49285714285714,26.72142857142857,85.5,0.49999999999999994,-0.8660254037844387,15.0,627.2
2023-05-13,38.3,22.4,29.8,0.0,18.2,45,5,5,133,2,2023,37.4,22.4,29.6,36.2,24.1,29.3,33.4,24.1,27.7,32.0,21.8,26.8,30.2,21.4,25.6,37.6,23.5,30.6,37.300000000000004,1.0535653752851515,22.966666666666665,29.566666666666666,0.19999999999998935,34.9,2.398610709000948,23.61428571428571,28.614285714285717,19.800000000000004,32.66428571428572,2.9045341590897085,22.564285714285717,27.021428571428572,66.1,0.49999999999999994,-0.8660254037844387,15.899999999999999,819.0
2023-05-14,37.8,22.2,30.2,0.0,25.2,40,6,5,134,2,2023,38.3,22.4,29.8,37.4,22.4,29.6,36.2,24.1,29.3,32.7,24.6,28.1,29.6,21.6,24.7,37.0,24.3,30.5,37.833333333333336,0.45092497528196307,22.33333333333333,29.866666666666664,0.0,35.628571428571426,2.3935429010252367,23.271428571428572,28.91428571428571,19.800000000000004,33.25,3.061610938454098,22.607142857142858,27.414285714285715,48.4,0.49999999999999994,-0.8660254037844387,15.599999999999998,1008.0
2023-05-15,37.3,24.6,30.4,0.0,22.1,42,0,5,135,2,2023,37.8,22.2,30.2,38.3,22.4,29.8,37.4,22.4,29.6,34.1,23.8,28.5,29.9,20.0,24.4,36.4,24.0,29.7,37.800000000000004,0.4999999999997099,23.066666666666663,30.133333333333336,0.0,36.08571428571428,2.358268129672547,23.38571428571429,29.185714285714283,19.800000000000004,33.778571428571425,3.0775061260774392,22.935714285714283,27.842857142857145,38.5,0.49999999999999994,-0.8660254037844387,12.699999999999996,928.2
2023-05-16,36.7,23.9,29.6,0.0,19.4,43,1,5,136,2,2023,37.3,24.6,30.4,37.8,22.2,30.2,38.3,22.4,29.8,32.2,23.9,27.3,30.1,22.3,24.9,36.5,23.4,30.1,37.26666666666667,0.5507570547283852,23.566666666666663,30.066666666666666,0.0,36.728571428571435,1.6204055929658379,23.38571428571429,29.514285714285716,15.500000000000004,34.25,2.97444241704355,23.05,28.178571428571427,31.5,0.49999999999999994,-0.8660254037844387,12.800000000000004,834.1999999999999
2023-05-17,36.6,21.4,29.4,0.0,17.3,46,2,5,137,2,2023,36.7,23.9,29.6,37.3,24.6,30.4,37.8,22.2,30.2,33.4,24.1,27.7,30.4,22.3,25.8,37.0,24.5,30.7,36.86666666666667,0.37859388971973745,23.299999999999997,29.8,0.0,37.18571428571429,0.7335497516160168,23.0,29.757142857142856,0.20000000000000356,34.69285714285714,2.8143763582212036,22.985714285714288,28.435714285714287,30.5,0.49999999999999994,-0.8660254037844387,15.200000000000003,795.8000000000001
2023-05-18,36.9,23.5,30.4,0.0,10.1,44,3,5,138,2,2023,36.6,21.4,29.4,36.7,23.9,29.6,37.3,24.6,30.4,36.2,24.1,29.3,31.4,21.5,26.3,38.6,24.9,31.1,36.73333333333334,0.15275252316454255,22.933333333333334,29.8,0.0,37.285714285714285,0.614894493466905,22.91428571428571,29.914285714285715,0.0,35.08571428571429,2.700956281609343,23.12857142857143,28.72857142857143,30.299999999999997,0.49999999999999994,-0.8660254037844387,13.399999999999999,444.4
2023-05-19,37.7,24.9,31.4,0.0,14.8,42,4,5,139,2,2023,36.9,23.5,30.4,36.6,21.4,29.4,36.7,23.9,29.6,37.4,22.4,29.6,29.6,21.1,25.1,38.0,22.9,30.6,37.06666666666667,0.5686240703075333,23.266666666666662,30.399999999999995,0.0,37.32857142857143,0.6343350474170862,23.271428571428572,30.171428571428574,0.0,35.66428571428572,2.2683803584384927,23.400000000000002,29.178571428571427,21.6,0.49999999999999994,-0.8660254037844387,12.800000000000004,621.6
2023-05-20,36.5,24.2,30.3,0.1,22.2,51,5,5,140,2,2023,37.7,24.9,31.4,36.9,23.5,30.4,36.6,21.4,29.4,38.3,22.4,29.8,32.0,21.8,26.8,37.9,24.2,31.0,37.03333333333334,0.6110100926605969,24.2,30.7,0.09999999999998935,37.07142857142857,0.5313952882568995,23.52857142857143,30.24285714285714,0.10000000000000356,35.98571428571429,2.0137439845136487,23.571428571428573,29.428571428571427,19.900000000000002,0.49999999999999994,-0.8660254037844387,12.3,1132.2
2023-05-21,36.9,24.3,30.6,0.0,15.7,49,6,5,141,2,2023,36.5,24.2,30.3,37.7,24.9,31.4,36.9,23.5,30.4,37.8,22.2,30.2,32.7,24.6,28.1,35.0,23.1,28.8,37.03333333333334,0.6110100926605969,24.466666666666665,30.766666666666666,0.09999999999998935,36.94285714285714,0.42370250120159586,23.828571428571426,30.300000000000004,0.10000000000000356,36.285714285714285,1.7866415175093073,23.550000000000004,29.607142857142858,19.900000000000002,0.49999999999999994,-0.8660254037844387,12.599999999999998,769.3
2023-05-22,36.2,22.5,29.1,15.1,14.7,56,0,5,142,2,2023,36.9,24.3,30.6,36.5,24.2,30.3,37.7,24.9,31.4,37.3,24.6,30.4,34.1,23.8,28.5,35.1,22.7,28.9,36.53333333333334,0.35118845842817165,23.66666666666666,30.0,15.199999999999989,36.785714285714285,0.4705619740578784,23.52857142857143,30.114285714285717,15.200000000000003,36.43571428571429,1.6735991353768391,23.45714285714286,29.650000000000002,35.0,0.49999999999999994,-0.8660254037844387,13.700000000000003,823.1999999999999
2023-05-23,36.4,23.5,30.3,0.0,9.7,47,1,5,143,2,2023,36.2,22.5,29.1,36.9,24.3,30.6,36.5,24.2,30.3,36.7,23.9,29.6,32.2,23.9,27.3,35.0,21.9,28.7,36.5,0.3605551275461578,23.433333333333334,30.0,15.099999999999989,36.74285714285714,0.49280538030526627,23.471428571428568,30.214285714285715,15.200000000000003,36.73571428571428,1.150656764205122,23.428571428571427,29.864285714285717,30.700000000000003,0.49999999999999994,-0.8660254037844387,12.899999999999999,455.9
2023-05-24,36.4,24.1,30.3,3.4,18.6,51,2,5,144,2,2023,36.4,23.5,30.3,36.2,22.5,29.1,36.9,24.3,30.6,36.6,21.4,29.4,33.4,24.1,27.7,33.0,23.6,28.0,36.333333333333336,0.11547005383725169,23.366666666666664,29.900000000000002,18.49999999999999,36.714285714285715,0.5080307452270115,23.857142857142858,30.342857142857145,18.6,36.95,0.6536877636208926,23.428571428571427,30.050000000000004,18.8,0.49999999999999994,-0.8660254037844387,12.299999999999997,948.6
2023-05-25,35.8,25.7,30.3,1.0,20.8,52,3,5,145,2,2023,36.4,24.1,30.3,36.4,23.5,30.3,36.2,22.5,29.1,36.9,23.5,30.4,36.2,24.1,29.3,33.9,23.9,27.6,36.2,0.34641016151377524,24.433333333333334,30.3,4.39999999999999,36.55714285714286,0.6023762469236423,24.171428571428574,30.32857142857143,19.6,36.92142857142857,0.6963405128887057,23.54285714285714,30.12142857142857,19.6,0.49999999999999994,-0.8660254037844387,10.099999999999998,1081.6000000000001
2023-05-26,36.2,25.2,30.4,0.0,19.5,46,4,5,146,2,2023,35.8,25.7,30.3,36.4,24.1,30.3,36.4,23.5,30.3,37.7,24.9,31.4,37.4,22.4,29.6,32.2,21.6,26.6,36.13333333333333,0.30550504633038844,25.0,30.333333333333332,4.39999999999999,36.34285714285714,0.33594217189540754,24.214285714285715,30.185714285714287,19.6,36.83571428571429,0.7066792797270971,23.742857142857144,30.178571428571427,19.6,0.49999999999999994,-0.8660254037844387,11.000000000000004,897.0
2023-05-27,36.1,25.0,30.2,0.0,18.5,44,5,5,147,2,2023,36.2,25.2,30.4,35.8,25.7,30.3,36.4,24.1,30.3,36.5,24.2,30.3,38.3,22.4,29.8,30.3,23.2,25.6,36.03333333333333,0.20816659994661338,25.299999999999997,30.3,0.9999999999999893,36.285714285714285,0.338765264988256,24.32857142857143,30.171428571428574,19.5,36.67857142857143,0.5911898971612379,23.928571428571427,30.207142857142856,19.6,0.49999999999999994,-0.8660254037844387,11.100000000000001,814.0
2023-05-28,36.7,24.2,30.7,0.0,17.6,44,6,5,148,2,2023,36.1,25.0,30.2,36.2,25.2,30.4,35.8,25.7,30.3,36.9,24.3,30.6,37.8,22.2,30.2,31.1,22.0,26.8,36.33333333333334,0.3214550253664328,24.799999999999997,30.433333333333334,0.0,36.25714285714286,0.28199966227722245,24.314285714285713,30.185714285714283,19.5,36.6,0.49613893835686285,24.071428571428573,30.24285714285714,19.6,0.49999999999999994,-0.8660254037844387,12.500000000000004,774.4000000000001
2023-05-29,35.8,23.9,29.8,9.0,21.0,52,0,5,149,2,2023,36.7,24.2,30.7,36.1,25.0,30.2,36.2,25.2,30.4,36.2,22.5,29.1,37.3,24.6,30.4,30.2,21.4,25.6,36.199999999999996,0.45825756949558827,24.366666666666664,30.233333333333334,8.99999999999999,36.2,0.33166247903653023,24.514285714285712,30.285714285714285,13.400000000000004,36.49285714285715,0.49530765220185075,24.021428571428572,30.2,28.6,0.49999999999999994,-0.8660254037844387,11.899999999999999,1092.0
2023-05-30,33.9,22.5,28.3,11.0,19.8,62,1,5,150,2,2023,35.8,23.9,29.8,36.7,24.2,30.7,36.1,25.0,30.2,36.4,23.5,30.3,36.7,23.9,29.6,29.6,21.6,24.7,35.46666666666667,1.4294521094927743,23.53333333333333,29.599999999999998,19.99999999999999,35.84285714285714,0.9144345117017003,24.37142857142857,30.0,24.400000000000006,36.29285714285714,0.84622627062681,23.92142857142857,30.107142857142858,39.6,0.49999999999999994,-0.8660254037844387,11.399999999999999,1227.6000000000001
2023-05-31,37.1,25.1,31.0,0.0,16.6,50,2,5,151,2,2023,33.9,22.5,28.3,35.8,23.9,29.8,36.7,24.2,30.7,36.4,24.1,30.3,36.6,21.4,29.4,29.9,20.0,24.4,35.6,1.6093476939431104,23.833333333333332,29.7,19.99999999999999,35.94285714285714,1.0179344164488837,24.514285714285716,30.099999999999998,21.000000000000007,36.32857142857143,0.8703921056526606,24.185714285714287,30.22142857142857,39.6,0.49999999999999994,-0.8660254037844387,12.0,830.0000000000001
2023-06-01,38.0,25.5,31.1,0.0,15.9,43,3,6,152,2,2023,37.1,25.1,31.0,33.9,22.5,28.3,35.8,23.9,29.8,35.8,25.7,30.3,36.9,23.5,30.4,30.1,22.3,24.9,36.333333333333336,2.154839514519199,24.366666666666664,30.133333333333336,10.99999999999999,36.25714285714286,1.2739141034064265,24.485714285714284,30.214285714285715,20.000000000000007,36.40714285714286,0.9699042662625695,24.32857142857143,30.271428571428572,39.6,1.2246467991473532e-16,-1.0,12.5,683.7
2023-06-02,38.3,26.2,31.5,0.0,20.2,39,4,6,153,2,2023,38.0,25.5,31.1,37.1,25.1,31.0,33.9,22.5,28.3,36.2,25.2,30.4,37.7,24.9,31.4,30.4,22.3,25.8,37.800000000000004,0.624499799839829,25.599999999999998,31.2,0.0,36.55714285714286,1.4875675254783571,24.62857142857143,30.371428571428574,20.000000000000007,36.45,1.0420025099630388,24.42142857142857,30.27857142857143,39.6,1.2246467991473532e-16,-1.0,12.099999999999998,787.8
2023-06-03,37.6,26.1,31.4,0.0,16.1,40,5,6,154,2,2023,38.3,26.2,31.5,38.0,25.5,31.1,37.1,25.1,31.0,36.1,25.0,30.2,36.5,24.2,30.3,31.4,21.5,26.3,37.96666666666667,0.35118845842840224,25.933333333333334,31.333333333333332,0.0,36.771428571428565,1.5184578643198992,24.785714285714285,30.542857142857144,20.000000000000007,36.528571428571425,1.0865814928754194,24.557142857142857,30.357142857142858,39.5,1.2246467991473532e-16,-1.0,11.5,644.0
2023-06-04,34.7,24.3,28.1,6.3,23.4,63,6,6,155,2,2023,37.6,26.1,31.4,38.3,26.2,31.5,38.0,25.5,31.1,36.7,24.2,30.7,36.9,24.3,30.6,29.6,21.1,25.1,36.86666666666667,1.9087517736293826,25.53333333333333,30.333333333333332,6.299999999999989,36.48571428571429,1.7101935284530119,24.800000000000004,30.171428571428574,26.300000000000004,36.371428571428574,1.1834945461046238,24.557142857142853,30.178571428571427,45.8,1.2246467991473532e-16,-1.0,10.400000000000002,1474.1999999999998
2023-06-05,35.0,23.8,29.3,0.0,18.8,57,0,6,156,2,2023,34.7,24.3,28.1,37.6,26.1,31.4,38.3,26.2,31.5,35.8,23.9,29.8,36.2,22.5,29.1,32.0,21.8,26.8,35.76666666666667,1.5947831618540902,24.73333333333333,29.599999999999998,6.299999999999989,36.371428571428574,1.788588163621876,24.785714285714285,30.099999999999998,17.300000000000004,36.285714285714285,1.23901768960935,24.65,30.192857142857143,30.7,1.2246467991473532e-16,-1.0,11.2,1071.6000000000001
2023-06-06,35.1,25.8,29.6,1.9,26.7,56,1,6,157,2,2023,35.0,23.8,29.3,34.7,24.3,28.1,37.6,26.1,31.4,33.9,22.5,28.3,36.4,23.5,30.3,32.7,24.6,28.1,34.93333333333334,0.20816659994663345,24.633333333333336,29.0,8.199999999999989,36.54285714285714,1.5544100090359472,25.25714285714286,30.285714285714285,8.200000000000003,36.19285714285714,1.277897483377302,24.814285714285713,30.142857142857142,32.6,1.2246467991473532e-16,-1.0,9.3,1495.2
2023-06-07,37.0,27.1,31.2,0.1,19.6,49,2,6,158,2,2023,35.1,25.8,29.6,35.0,23.8,29.3,34.7,24.3,28.1,37.1,25.1,31.0,36.4,24.1,30.3,34.1,23.8,28.5,35.699999999999996,1.1269427669584657,25.566666666666663,30.03333333333333,1.9999999999999893,36.528571428571425,1.5488859283524645,25.54285714285714,30.314285714285713,8.300000000000002,36.23571428571429,1.2953212508320873,25.028571428571432,30.207142857142856,29.3,1.2246467991473532e-16,-1.0,9.899999999999999,960.4000000000001
2023-06-08,36.6,27.7,31.2,0.0,24.1,49,3,6,159,2,2023,37.0,27.1,31.2,35.1,25.8,29.6,35.0,23.8,29.3,38.0,25.5,31.1,35.8,25.7,30.3,32.2,23.9,27.3,36.233333333333334,1.0016652800877808,26.866666666666664,30.666666666666668,1.9999999999999893,36.32857142857143,1.4115172518894732,25.85714285714286,30.328571428571426,8.300000000000002,36.292857142857144,1.2922635392771518,25.171428571428574,30.271428571428572,28.3,1.2246467991473532e-16,-1.0,8.900000000000002,1180.9
2023-06-09,37.1,26.9,31.1,0.0,21.2,51,4,6,160,2,2023,36.6,27.7,31.2,37.0,27.1,31.2,35.1,25.8,29.6,38.3,26.2,31.5,36.2,25.2,30.4,33.4,24.1,27.7,36.900000000000006,0.2645751311064645,27.23333333333333,31.166666666666668,0.09999999999998935,36.15714285714286,1.1872336794096068,25.957142857142856,30.271428571428572,8.300000000000002,36.357142857142854,1.309559107083413,25.29285714285714,30.321428571428573,28.3,1.2246467991473532e-16,-1.0,10.200000000000003,1081.2
2023-06-10,36.8,27.0,31.0,0.3,22.3,51,5,6,161,2,2023,37.1,26.9,31.1,36.6,27.7,31.2,37.0,27.1,31.2,37.6,26.1,31.4,36.1,25.0,30.2,36.2,24.1,29.3,36.833333333333336,0.2516611478423631,27.2,31.099999999999998,0.29999999999998933,36.04285714285714,1.0564991605255256,26.085714285714285,30.214285714285715,8.600000000000003,36.40714285714286,1.31234627566538,25.435714285714283,30.37857142857143,28.6,1.2246467991473532e-16,-1.0,9.799999999999997,1137.3
2023-06-11,35.0,27.1,30.3,0.0,20.1,55,6,6,162,2,2023,36.8,27.0,31.0,37.1,26.9,31.1,36.6,27.7,31.2,34.7,24.3,28.1,36.7,24.2,30.7,37.4,22.4,29.6,36.300000000000004,1.1357816691600495,26.999999999999996,30.8,0.29999999999998933,36.08571428571428,0.9973775136639936,26.485714285714288,30.52857142857143,2.3000000000000034,36.285714285714285,1.3609143661847234,25.642857142857142,30.35,28.6,1.2246467991473532e-16,-1.0,7.899999999999999,1105.5
2023-06-12,36.1,26.9,30.6,0.0,21.1,52,0,6,163,2,2023,35.0,27.1,30.3,36.8,27.0,31.0,37.1,26.9,31.1,35.0,23.8,29.3,35.8,23.9,29.8,38.3,22.4,29.8,35.96666666666667,0.9073771725877339,27.0,30.633333333333336,0.29999999999998933,36.24285714285714,0.8772250620704305,26.928571428571427,30.714285714285715,2.3000000000000034,36.30714285714286,1.3550272695038112,25.857142857142858,30.407142857142855,19.6,1.2246467991473532e-16,-1.0,9.200000000000003,1097.2
2023-06-13,36.8,26.9,31.1,0.0,22.0,45,1,6,164,2,2023,36.1,26.9,30.6,35.0,27.1,30.3,36.8,27.0,31.0,35.1,25.8,29.6,33.9,22.5,28.3,37.8,22.2,30.2,35.96666666666667,0.9073771725877339,26.966666666666665,30.666666666666668,0.0,36.48571428571429,0.7312741652503255,27.085714285714285,30.928571428571427,0.4000000000000036,36.51428571428572,1.1674147261608359,26.171428571428574,30.607142857142858,8.6,1.2246467991473532e-16,-1.0,9.899999999999999,990.0
2023-06-14,36.6,26.9,31.2,0.0,23.4,46,2,6,165,2,2023,36.8,26.9,31.1,36.1,26.9,30.6,35.0,27.1,30.3,37.0,27.1,31.2,37.1,25.1,31.0,37.3,24.6,30.4,36.5,0.3605551275463948,26.9,30.96666666666667,0.0,36.42857142857143,0.6993193970198996,27.057142857142857,30.928571428571427,0.3000000000000036,36.47857142857143,1.1557072902164196,26.3,30.62142857142857,8.6,1.2246467991473532e-16,-1.0,9.700000000000003,1076.3999999999999
2023-06-15,36.3,26.9,31.1,0.0,21.8,46,3,6,166,2,2023,36.6,26.9,31.2,36.8,26.9,31.1,36.1,26.9,30.6,36.6,27.7,31.2,38.0,25.5,31.1,36.7,23.9,29.6,36.56666666666667,0.2516611478423604,26.9,31.133333333333336,0.0,36.385714285714286,0.6962484504561305,26.942857142857143,30.914285714285715,0.3000000000000036,36.357142857142854,1.0696615465538035,26.4,30.621428571428574,8.6,1.2246467991473532e-16,-1.0,9.399999999999999,1002.8000000000001
2023-06-16,36.8,27.2,31.5,0.0,19.7,42,4,6,167,2,2023,36.3,26.9,31.1,36.6,26.9,31.2,36.8,26.9,31.1,37.1,26.9,31.1,38.3,26.2,31.5,36.6,21.4,29.4,36.56666666666666,0.2516611478423604,26.999999999999996,31.266666666666666,0.0,36.34285714285714,0.6528326555796164,26.985714285714288,30.971428571428568,0.3000000000000036,36.25,0.9254936312792883,26.47142857142857,30.621428571428574,8.6,1.2246467991473532e-16,-1.0,9.599999999999998,827.4
2023-06-17,36.7,27.3,31.4,0.0,24.6,47,5,6,168,2,2023,36.8,27.2,31.5,36.3,26.9,31.1,36.6,26.9,31.2,36.8,27.0,31.0,37.6,26.1,31.4,36.9,23.5,30.4,36.6,0.2645751311064655,27.13333333333333,31.333333333333332,0.0,36.32857142857143,0.6421689438003143,27.028571428571432,31.02857142857143,0.0,36.18571428571429,0.8529200006287782,26.557142857142853,30.62142857142857,8.6,1.2246467991473532e-16,-1.0,9.400000000000002,1156.2
2023-06-18,36.5,28.0,31.6,0.0,21.9,46,6,6,169,2,2023,36.7,27.3,31.4,36.8,27.2,31.5,36.3,26.9,31.1,35.0,27.1,30.3,34.7,24.3,28.1,37.7,24.9,31.4,36.666666666666664,0.15275252316521643,27.499999999999996,31.5,0.0,36.542857142857144,0.26367367999947217,27.157142857142855,31.214285714285715,0.0,36.31428571428571,0.7399138649008964,26.821428571428573,30.871428571428574,2.3,1.2246467991473532e-16,-1.0,8.5,1007.4
2023-06-19,36.4,27.9,31.4,0.1,19.6,48,0,6,170,2,2023,36.5,28.0,31.6,36.7,27.3,31.4,36.8,27.2,31.5,36.1,26.9,30.6,35.0,23.8,29.3,36.5,24.2,30.3,36.53333333333334,0.15275252316519938,27.73333333333333,31.46666666666667,0.09999999999998935,36.58571428571428,0.19518001459138173,27.3,31.328571428571426,0.10000000000000356,36.41428571428571,0.6359210677400516,27.114285714285717,31.021428571428572,2.4,1.2246467991473532e-16,-1.0,8.5,940.8000000000001
2023-06-20,36.2,27.3,31.0,0.4,18.8,51,1,6,171,2,2023,36.4,27.9,31.4,36.5,28.0,31.6,36.7,27.3,31.4,36.8,26.9,31.1,35.1,25.8,29.6,36.9,24.3,30.6,36.36666666666667,0.15275252316516932,27.73333333333333,31.333333333333332,0.49999999999998934,36.5,0.21602468994844407,27.357142857142858,31.314285714285713,0.5000000000000036,36.49285714285714,0.5180797172314578,27.22142857142857,31.12142857142857,0.9,1.2246467991473532e-16,-1.0,8.900000000000002,958.8000000000001
2023-06-21,35.4,24.4,29.5,9.3,21.7,60,2,6,172,2,2023,36.2,27.3,31.0,36.4,27.9,31.4,36.5,28.0,31.6,36.6,26.9,31.2,37.0,27.1,31.2,36.2,22.5,29.1,36.0,0.5291502622128986,26.53333333333333,30.633333333333336,9.79999999999999,36.32857142857143,0.46084807950300766,27.0,31.071428571428573,9.800000000000004,36.378571428571426,0.5713392787377909,27.02857142857143,31.0,10.100000000000001,1.2246467991473532e-16,-1.0,11.0,1302.0
2023-06-22,34.3,24.4,27.7,4.7,18.4,72,3,6,173,2,2023,35.4,24.4,29.5,36.2,27.3,31.0,36.4,27.9,31.4,36.3,26.9,31.1,36.6,27.7,31.2,36.4,23.5,30.3,35.300000000000004,0.9539392014169247,25.366666666666664,29.399999999999995,14.399999999999991,36.04285714285714,0.8960229588898982,26.642857142857142,30.58571428571429,14.500000000000004,36.214285714285715,0.7911599496524927,26.79285714285714,30.75,14.8,1.2246467991473532e-16,-1.0,9.899999999999999,1324.8
2023-06-23,33.2,24.4,27.1,11.2,19.8,72,4,6,174,2,2023,34.3,24.4,27.7,35.4,24.4,29.5,36.2,27.3,31.0,36.8,27.2,31.5,37.1,26.9,31.1,36.4,24.1,30.3,34.300000000000004,1.0999999999999628,24.4,28.099999999999998,25.19999999999999,35.52857142857143,1.3212548148313261,26.24285714285714,29.95714285714286,25.700000000000003,35.93571428571429,1.086707902766041,26.614285714285717,30.464285714285715,26.0,1.2246467991473532e-16,-1.0,8.800000000000004,1425.6000000000001
2023-06-24,29.3,23.6,25.8,16.5,20.2,81,5,6,175,2,2023,33.2,24.4,27.1,34.3,24.4,27.7,35.4,24.4,29.5,36.7,27.3,31.4,36.8,27.0,31.0,35.8,25.7,30.3,32.26666666666667,2.6274195198584476,24.13333333333333,26.866666666666664,32.39999999999999,34.47142857142857,2.5843853464698943,25.714285714285715,29.157142857142855,42.2,35.4,2.0497654650077943,26.37142857142857,30.092857142857145,42.2,1.2246467991473532e-16,-1.0,5.699999999999999,1636.2
2023-06-25,31.6,23.4,26.5,3.9,22.8,76,6,6,176,2,2023,29.3,23.6,25.8,33.2,24.4,27.1,34.3,24.4,27.7,36.5,28.0,31.6,35.0,27.1,30.3,36.2,25.2,30.4,31.36666666666667,1.96044212700431,23.799999999999997,26.46666666666667,31.599999999999987,33.77142857142857,2.60685908436091,25.057142857142853,28.428571428571427,46.1,35.15714285714286,2.288336408066721,26.107142857142858,29.821428571428573,46.1,1.2246467991473532e-16,-1.0,8.200000000000003,1732.8
2023-06-26,30.6,24.0,25.7,3.1,23.8,82,0,6,177,2,2023,31.6,23.4,26.5,29.3,23.6,25.8,33.2,24.4,27.1,36.4,27.9,31.4,36.1,26.9,30.6,36.1,25.0,30.2,30.500000000000004,1.1532562594670035,23.666666666666668,26.0,23.49999999999999,32.94285714285714,2.553335819966608,24.5,27.614285714285717,49.1,34.76428571428571,2.5689288827049745,25.900000000000002,29.47142857142857,49.2,1.2246467991473532e-16,-1.0,6.600000000000001,1951.6000000000001
2023-06-27,31.9,24.1,27.0,1.0,25.3,71,1,6,178,2,2023,30.6,24.0,25.7,31.6,23.4,26.5,29.3,23.6,25.8,36.2,27.3,31.0,36.8,26.9,31.1,36.7,24.2,30.7,31.36666666666667,0.6806859285552916,23.833333333333332,26.400000000000002,7.999999999999989,32.32857142857143,2.1195237560314615,24.042857142857144,27.042857142857144,49.7,34.41428571428571,2.6038011098738867,25.699999999999996,29.178571428571427,50.2,1.2246467991473532e-16,-1.0,7.799999999999997,1796.3
2023-06-28,31.5,23.7,27.0,1.6,21.7,72,2,6,179,2,2023,31.9,24.1,27.0,30.6,24.0,25.7,31.6,23.4,26.5,35.4,24.4,29.5,36.6,26.9,31.2,35.8,23.9,29.8,31.333333333333332,0.6658328118478225,23.933333333333334,26.566666666666666,5.699999999999989,31.771428571428572,1.6347418610844144,23.942857142857143,26.685714285714287,42.00000000000001,34.05,2.631100968737727,25.471428571428568,28.87857142857143,51.8,1.2246467991473532e-16,-1.0,7.800000000000001,1562.3999999999999
2023-06-29,32.1,23.9,27.6,0.1,24.5,67,3,6,180,2,2023,31.5,23.7,27.0,31.9,24.1,27.0,30.6,24.0,25.7,34.3,24.4,27.7,36.3,26.9,31.1,33.9,22.5,28.3,31.83333333333334,0.30550504633015724,23.899999999999995,27.2,2.6999999999999895,31.45714285714286,1.2286267983096437,23.87142857142857,26.671428571428574,37.400000000000006,33.75,2.5940019571786146,25.25714285714286,28.628571428571426,51.9,1.2246467991473532e-16,-1.0,8.200000000000003,1641.5
2023-06-30,32.3,23.8,27.7,0.3,28.1,66,4,6,181,2,2023,32.1,23.9,27.6,31.5,23.7,27.0,31.9,24.1,27.0,33.2,24.4,27.1,36.8,27.2,31.5,37.1,25.1,31.0,31.96666666666667,0.41633319989305867,23.799999999999997,27.433333333333334,1.9999999999999893,31.32857142857143,1.0499433091275696,23.785714285714285,26.757142857142856,26.500000000000004,33.42857142857143,2.4624654847807776,25.014285714285712,28.357142857142858,52.2,1.2246467991473532e-16,-1.0,8.499999999999996,1854.6000000000001
2023-07-01,33.1,24.6,28.5,0.3,23.4,64,5,7,182,3,2023,32.3,23.8,27.7,32.1,23.9,27.6,31.5,23.7,27.0,29.3,23.6,25.8,36.7,27.3,31.4,38.0,25.5,31.1,32.5,0.5291502622127987,24.099999999999994,27.933333333333334,0.6999999999999893,31.871428571428574,0.7718252948142253,23.928571428571427,27.142857142857142,10.300000000000004,33.17142857142857,2.2754301609987526,24.821428571428573,28.150000000000002,52.5,-0.4999999999999997,-0.8660254037844388,8.5,1497.6
2023-07-02,33.1,24.2,28.2,0.8,22.4,67,6,7,183,3,2023,33.1,24.6,28.5,32.3,23.8,27.7,32.1,23.9,27.6,31.6,23.4,26.5,36.5,28.0,31.6,38.3,26.2,31.5,32.833333333333336,0.46188021535157253,24.2,28.133333333333336,1.3999999999999893,32.08571428571428,0.8839844859664359,24.042857142857144,27.38571428571429,7.200000000000003,32.92857142857143,2.0645090947240265,24.55,27.907142857142855,53.3,-0.4999999999999997,-0.8660254037844388,8.900000000000002,1500.8
2023-07-03,32.7,23.7,27.7,1.9,23.4,72,0,7,184,3,2023,33.1,24.2,28.2,33.1,24.6,28.5,32.3,23.8,27.7,30.6,24.0,25.7,36.4,27.9,31.4,37.6,26.1,31.4,32.966666666666676,0.2309401076758495,24.166666666666668,28.13333333333333,2.9999999999999893,32.385714285714286,0.6094494002206676,24.0,27.67142857142857,6.0000000000000036,32.66428571428572,1.806657407759267,24.25,27.642857142857142,55.099999999999994,-0.4999999999999997,-0.8660254037844388,9.000000000000004,1684.8
2023-07-04,32.7,25.0,28.3,0.2,20.6,69,1,7,185,3,2023,32.7,23.7,27.7,33.1,24.2,28.2,33.1,24.6,28.5,31.9,24.1,27.0,36.2,27.3,31.0,34.7,24.3,28.1,32.833333333333336,0.23094010767585052,24.299999999999997,28.066666666666663,2.8999999999999893,32.5,0.5773502691902791,24.128571428571426,27.857142857142858,5.200000000000004,32.41428571428572,1.4950467668823282,24.08571428571429,27.45,54.9,-0.4999999999999997,-0.8660254037844388,7.700000000000003,1421.4
2023-07-05,30.2,23.6,26.6,3.3,19.5,77,2,7,186,3,2023,32.7,25.0,28.3,32.7,23.7,27.7,33.1,24.2,28.2,31.5,23.7,27.0,35.4,24.4,29.5,35.0,23.8,29.3,31.866666666666674,1.443375672974066,24.099999999999994,27.53333333333333,5.399999999999989,32.31428571428571,1.004039460427728,24.114285714285717,27.8,6.900000000000004,32.042857142857144,1.3334249052805647,24.02857142857143,27.24285714285714,48.89999999999999,-0.4999999999999997,-0.8660254037844388,6.599999999999998,1501.5
2023-07-06,28.0,23.6,24.9,10.9,22.4,85,3,7,187,3,2023,30.2,23.6,26.6,32.7,25.0,28.3,32.7,23.7,27.7,32.1,23.9,27.6,34.3,24.4,27.7,35.1,25.8,29.6,30.300000000000008,2.35159520326097,24.066666666666663,26.599999999999998,14.39999999999999,31.728571428571428,1.9241572057349554,24.071428571428573,27.414285714285715,17.700000000000003,31.592857142857145,1.5573469974062364,23.97142857142857,27.042857142857144,55.1,-0.4999999999999997,-0.8660254037844388,4.399999999999999,1903.9999999999998
2023-07-07,29.8,22.9,26.3,2.9,27.1,74,4,7,188,3,2023,28.0,23.6,24.9,30.2,23.6,26.6,32.7,25.0,28.3,32.3,23.8,27.7,33.2,24.4,27.1,37.0,27.1,31.2,29.33333333333334,1.1718930554164613,23.366666666666664,25.933333333333334,17.09999999999999,31.371428571428574,2.0295436972503054,23.942857142857147,27.214285714285715,20.300000000000004,31.349999999999998,1.5525413409584905,23.86428571428571,26.985714285714288,46.800000000000004,-0.4999999999999997,-0.8660254037844388,6.900000000000002,2005.4
2023-07-08,31.0,23.8,26.3,0.8,24.1,75,5,7,189,3,2023,29.8,22.9,26.3,28.0,23.6,24.9,30.2,23.6,26.6,33.1,24.6,28.5,29.3,23.6,25.8,36.6,27.7,31.2,29.600000000000005,1.5099668870541472,23.433333333333334,25.833333333333332,14.599999999999989,31.071428571428573,1.8812356628153883,23.828571428571426,26.900000000000002,20.800000000000004,31.47142857142857,1.4424490773195084,23.87857142857143,27.02142857142857,31.1,-0.4999999999999997,-0.8660254037844388,7.199999999999999,1807.5
2023-07-09,31.2,23.7,26.8,1.2,20.9,74,6,7,190,3,2023,31.0,23.8,26.3,29.8,22.9,26.3,28.0,23.6,24.9,33.1,24.2,28.2,31.6,23.4,26.5,37.1,26.9,31.1,30.66666666666667,0.7571877794400212,23.466666666666665,26.46666666666667,4.89999999999999,30.8,1.6643316977095786,23.75714285714286,26.7,21.200000000000006,31.442857142857147,1.4436674908635947,23.9,27.04285714285714,28.400000000000002,-0.4999999999999997,-0.8660254037844388,7.5,1546.6
2023-07-10,30.4,24.7,27.0,0.1,21.3,69,0,7,191,3,2023,31.2,23.7,26.8,31.0,23.8,26.3,29.8,22.9,26.3,32.7,23.7,27.7,30.6,24.0,25.7,36.8,27.0,31.0,30.86666666666667,0.41633319989319667,24.066666666666663,26.700000000000003,2.0999999999999894,30.471428571428568,1.4384184436555596,23.900000000000002,26.6,19.400000000000002,31.428571428571427,1.4536048407210254,23.949999999999996,27.135714285714283,25.4,-0.4999999999999997,-0.8660254037844388,5.699999999999999,1469.7
2023-07-11,29.2,24.4,26.2,0.0,21.1,71,1,7,192,3,2023,30.4,24.7,27.0,31.2,23.7,26.8,31.0,23.8,26.3,32.7,25.0,28.3,31.9,24.1,27.0,35.0,27.1,30.3,30.26666666666667,1.006644591369424,24.266666666666666,26.666666666666668,1.2999999999999894,29.97142857142857,1.1041048949481673,23.814285714285717,26.3,19.200000000000003,31.235714285714288,1.5613638726631678,23.97142857142857,27.07857142857143,24.4,-0.4999999999999997,-0.8660254037844388,4.800000000000001,1498.1000000000001
2023-07-12,30.7,23.7,26.5,1.8,19.2,72,2,7,193,3,2023,29.2,24.4,26.2,30.4,24.7,27.0,31.2,23.7,26.8,30.2,23.6,26.6,31.5,23.7,27.0,36.1,26.9,30.6,30.100000000000005,0.7937253933193668,24.266666666666662,26.566666666666666,1.8999999999999895,30.042857142857144,1.1370387604906105,23.82857142857143,26.285714285714285,17.700000000000003,31.178571428571427,1.5655810282590112,23.97142857142857,27.042857142857144,24.599999999999998,-0.4999999999999997,-0.8660254037844388,7.0,1382.3999999999999
2023-07-13,31.5,23.3,27.0,0.7,17.1,73,3,7,194,3,2023,30.7,23.7,26.5,29.2,24.4,26.2,30.4,24.7,27.0,28.0,23.6,24.9,32.1,23.9,27.6,36.8,26.9,31.1,30.466666666666672,1.167618659209125,23.799999999999997,26.566666666666666,2.4999999999999893,30.542857142857144,0.8121107126030717,23.785714285714285,26.585714285714285,7.5000000000000036,31.135714285714283,1.5465132707816922,23.928571428571427,27.0,25.200000000000003,-0.4999999999999997,-0.8660254037844388,8.2,1248.3000000000002
2023-07-14,31.4,23.1,26.7,1.4,16.9,76,4,7,195,3,2023,31.5,23.3,27.0,30.7,23.7,26.5,29.2,24.4,26.2,29.8,22.9,26.3,32.3,23.8,27.7,36.6,26.9,31.2,31.200000000000003,0.4358898943540416,23.366666666666664,26.733333333333334,3.8999999999999893,30.771428571428572,0.7931252228043615,23.814285714285717,26.642857142857142,6.0000000000000036,31.071428571428573,1.5127298662855326,23.878571428571426,26.928571428571427,26.3,-0.4999999999999997,-0.8660254037844388,8.299999999999997,1284.3999999999999
2023-07-15,30.5,23.7,26.6,0.9,23.5,72,5,7,196,3,2023,31.4,23.1,26.7,31.5,23.3,27.0,30.7,23.7,26.5,31.0,23.8,26.3,33.1,24.6,28.5,36.3,26.9,31.1,31.133333333333336,0.5507570547285895,23.366666666666664,26.766666666666666,2.999999999999989,30.7,0.791622805803066,23.8,26.685714285714287,6.100000000000003,30.88571428571429,1.3999215048640528,23.814285714285717,26.79285714285714,26.9,-0.4999999999999997,-0.8660254037844388,6.800000000000001,1692.0
2023-07-16,27.3,23.7,25.1,7.0,17.9,82,6,7,197,3,2023,30.5,23.7,26.6,31.4,23.1,26.7,31.5,23.3,27.0,31.2,23.7,26.8,33.1,24.2,28.2,36.8,27.2,31.5,29.733333333333338,2.1548395145191925,23.5,26.133333333333336,9.29999999999999,30.142857142857142,1.4661254412650675,23.8,26.442857142857143,11.900000000000004,30.47142857142857,1.5449314505225913,23.778571428571432,26.571428571428573,33.1,-0.4999999999999997,-0.8660254037844388,3.6000000000000014,1467.8
2023-07-17,29.2,23.1,24.9,6.4,27.7,82,0,7,198,3,2023,27.3,23.7,25.1,30.5,23.7,26.6,31.4,23.1,26.7,30.4,24.7,27.0,32.7,23.7,27.7,36.7,27.3,31.4,29.000000000000004,1.6093476939431022,23.499999999999996,25.53333333333333,14.29999999999999,29.97142857142857,1.5007934409444357,23.571428571428573,26.142857142857142,18.200000000000003,30.22142857142857,1.4359015240655817,23.735714285714284,26.37142857142857,37.6,-0.4999999999999997,-0.8660254037844388,6.099999999999998,2271.4
2023-07-18,25.7,22.6,23.7,29.1,27.8,88,1,7,199,3,2023,29.2,23.1,24.9,27.3,23.7,25.1,30.5,23.7,26.6,29.2,24.4,26.2,32.7,25.0,28.3,36.5,28.0,31.6,27.400000000000006,1.7521415467935177,23.13333333333333,24.566666666666666,42.49999999999999,29.47142857142857,2.214132099126396,23.314285714285713,25.785714285714285,47.300000000000004,29.721428571428568,1.7007593649846933,23.564285714285713,26.042857142857144,66.5,-0.4999999999999997,-0.8660254037844388,3.099999999999998,2446.4
2023-07-19,26.4,22.3,23.7,28.8,32.4,88,2,7,200,3,2023,25.7,22.6,23.7,29.2,23.1,24.9,27.3,23.7,25.1,30.7,23.7,26.5,30.2,23.6,26.6,36.4,27.9,31.4,27.100000000000005,1.852025917745208,22.666666666666668,24.099999999999998,64.3,28.857142857142858,2.4047571900002875,23.114285714285717,25.385714285714283,74.3,29.449999999999996,1.9089868436507136,23.47142857142857,25.835714285714285,92.0,-0.4999999999999997,-0.8660254037844388,4.099999999999998,2851.2
2023-07-20,24.1,22.4,23.1,28.9,27.0,92,3,7,201,3,2023,26.4,22.3,23.7,25.7,22.6,23.7,29.2,23.1,24.9,31.5,23.3,27.0,28.0,23.6,24.9,36.2,27.3,31.0,25.400000000000006,1.178982612255147,22.433333333333334,23.5,86.8,27.8,2.6620793877470383,22.985714285714284,24.82857142857143,102.5,29.17142857142857,2.366571220280537,23.385714285714283,25.707142857142856,110.0,-0.4999999999999997,-0.8660254037844388,1.7000000000000028,2484.0
2023-07-21,27.5,22.6,24.4,17.8,31.4,86,4,7,202,3,2023,24.1,22.4,23.1,26.4,22.3,23.7,25.7,22.6,23.7,31.4,23.1,26.7,29.8,22.9,26.3,35.4,24.4,29.5,26.000000000000004,1.7349351572897387,22.433333333333326,23.733333333333334,75.5,27.24285714285714,2.1399821984130654,22.914285714285715,24.5,118.9,29.00714285714286,2.399187133405747,23.364285714285717,25.571428571428573,124.9,-0.4999999999999997,-0.8660254037844388,4.899999999999999,2700.4
2023-07-22,28.7,23.0,24.8,4.0,26.5,84,5,7,203,3,2023,27.5,22.6,24.4,24.1,22.4,23.1,26.4,22.3,23.7,30.5,23.7,26.6,31.0,23.8,26.3,34.3,24.4,27.7,26.76666666666667,2.3860706890897645,22.666666666666668,24.099999999999998,50.699999999999996,26.985714285714284,1.7572977090112694,22.814285714285717,24.24285714285714,122.0,28.842857142857145,2.329976654130253,23.307142857142857,25.464285714285715,128.10000000000002,-0.4999999999999997,-0.8660254037844388,5.699999999999999,2226.0
2023-07-23,28.5,23.2,24.7,17.4,23.5,85,6,7,204,3,2023,28.7,23.0,24.8,27.5,22.6,24.4,24.1,22.4,23.1,27.3,23.7,25.1,31.2,23.7,26.8,33.2,24.4,27.1,28.233333333333338,0.6429100507328479,22.933333333333334,24.633333333333336,39.19999999999999,27.157142857142855,1.8491954492494354,22.74285714285714,24.185714285714283,132.4,28.65,2.229435941081383,23.271428571428572,25.314285714285717,144.3,-0.4999999999999997,-0.8660254037844388,5.300000000000001,1997.5
2023-07-24,27.9,22.9,24.6,9.9,25.6,87,0,7,205,3,2023,28.5,23.2,24.7,28.7,23.0,24.8,27.5,22.6,24.4,29.2,23.1,24.9,30.4,24.7,27.0,29.3,23.6,25.8,28.36666666666667,0.4163331998932046,23.03333333333333,24.7,31.29999999999999,26.971428571428568,1.6660475040392169,22.714285714285715,24.142857142857142,135.9,28.47142857142857,2.178011998070051,23.142857142857142,25.142857142857142,154.10000000000002,-0.4999999999999997,-0.8660254037844388,5.0,2227.2000000000003
2023-07-25,27.4,22.6,24.3,16.1,27.7,87,1,7,206,3,2023,27.9,22.9,24.6,28.5,23.2,24.7,28.7,23.0,24.8,25.7,22.6,23.7,29.2,24.4,26.2,31.6,23.4,26.5,27.933333333333337,0.5507570547285912,22.899999999999995,24.53333333333333,43.39999999999999,27.214285714285715,1.5710172621891356,22.714285714285715,24.228571428571428,122.9,28.342857142857145,2.1848127135769415,23.014285714285712,25.007142857142856,170.20000000000002,-0.4999999999999997,-0.8660254037844388,4.799999999999997,2409.9
2023-07-26,26.9,22.9,24.1,23.8,26.4,87,2,7,207,3,2023,27.4,22.6,24.3,27.9,22.9,24.6,28.5,23.2,24.7,26.4,22.3,23.7,30.7,23.7,26.5,30.6,24.0,25.7,27.400000000000002,0.49999999999997397,22.799999999999997,24.333333333333332,49.8,27.285714285714285,1.538861669577953,22.8,24.285714285714285,117.9,28.071428571428573,2.103999331467113,22.957142857142856,24.83571428571429,192.2,-0.4999999999999997,-0.8660254037844388,4.0,2296.7999999999997
2023-07-27,24.1,22.5,23.1,82.7,30.1,90,3,7,208,3,2023,26.9,22.9,24.1,27.4,22.6,24.3,27.9,22.9,24.6,24.1,22.4,23.1,31.5,23.3,27.0,31.9,24.1,27.0,26.13333333333334,1.7785762095938666,22.666666666666668,23.833333333333332,122.6,27.285714285714285,1.538861669577953,22.814285714285713,24.285714285714285,171.7,27.542857142857144,2.1059309235931676,22.9,24.557142857142857,274.20000000000005,-0.4999999999999997,-0.8660254037844388,1.6000000000000014,2709.0
2023-07-28,29.4,22.8,25.3,0.8,33.5,79,4,7,209,3,2023,24.1,22.5,23.1,26.9,22.9,24.1,27.4,22.6,24.3,27.5,22.6,24.4,31.4,23.1,26.7,31.5,23.7,27.0,26.8,2.6514147167125635,22.73333333333333,24.166666666666668,107.30000000000001,27.557142857142857,1.7376777058835748,22.842857142857138,24.414285714285715,154.7,27.4,1.879852694720276,22.87857142857143,24.457142857142856,273.59999999999997,-0.4999999999999997,-0.8660254037844388,6.599999999999998,2646.5
2023-07-29,29.8,23.2,25.7,0.8,27.0,78,5,7,210,3,2023,29.4,22.8,25.3,24.1,22.5,23.1,26.9,22.9,24.1,28.7,23.0,24.8,30.5,23.7,26.6,32.1,23.9,27.6,27.76666666666667,3.1817186131607103,22.833333333333332,24.7,84.3,27.714285714285715,1.9003759026649332,22.87142857142857,24.542857142857144,151.5,27.349999999999998,1.7986105748607548,22.842857142857138,24.392857142857142,273.5,-0.4999999999999997,-0.8660254037844388,6.600000000000001,2106.0
2023-07-30,30.0,22.9,25.8,2.9,27.9,77,6,7,211,3,2023,29.8,23.2,25.7,29.4,22.8,25.3,24.1,22.5,23.1,28.5,23.2,24.7,27.3,23.7,25.1,32.3,23.8,27.7,29.733333333333338,0.3055050463304075,22.966666666666665,25.599999999999998,4.5,27.928571428571427,2.0798351583034806,22.82857142857143,24.7,137.0,27.54285714285714,1.9326005937456328,22.785714285714285,24.442857142857143,269.4,-0.4999999999999997,-0.8660254037844388,7.100000000000001,2148.2999999999997
2023-07-31,27.8,23.6,25.6,1.1,24.0,79,0,7,212,3,2023,30.0,22.9,25.8,29.8,23.2,25.7,29.4,22.8,25.3,27.9,22.9,24.6,29.2,23.1,24.9,33.1,24.6,28.5,29.200000000000006,1.2165525060596474,23.23333333333333,25.700000000000003,4.800000000000001,27.914285714285715,2.0804074692464014,22.928571428571427,24.842857142857145,128.20000000000002,27.442857142857143,1.8756390852247948,22.821428571428573,24.492857142857144,264.1,-0.4999999999999997,-0.8660254037844388,4.199999999999999,1896.0
2023-08-01,28.9,23.5,25.9,1.6,28.6,78,1,8,213,3,2023,27.8,23.6,25.6,30.0,22.9,25.8,29.8,23.2,25.7,27.4,22.6,24.3,25.7,22.6,23.7,33.1,24.2,28.2,28.900000000000006,1.1000000000000032,23.33333333333333,25.766666666666666,5.6,28.12857142857143,2.0958007902426985,23.057142857142857,25.071428571428573,113.70000000000002,27.67142857142857,1.8415831698377014,22.885714285714283,24.650000000000002,236.6,-0.8660254037844385,-0.5000000000000004,5.399999999999999,2230.8
2023-08-02,28.7,23.4,25.8,0.2,30.3,75,2,8,214,3,2023,28.9,23.5,25.9,27.8,23.6,25.6,30.0,22.9,25.8,26.9,22.9,24.1,26.4,22.3,23.7,32.7,23.7,27.7,28.46666666666667,0.5859465277082359,23.5,25.76666666666667,2.9000000000000004,28.385714285714283,2.0293090543572188,23.12857142857143,25.314285714285713,90.10000000000001,27.83571428571429,1.8219208556895365,22.964285714285715,24.8,208.0,-0.8660254037844385,-0.5000000000000004,5.300000000000001,2272.5
2023-08-03,29.5,23.0,25.7,0.7,31.0,75,3,8,215,3,2023,28.7,23.4,25.8,28.9,23.5,25.9,27.8,23.6,25.6,24.1,22.5,23.1,24.1,22.4,23.1,32.7,25.0,28.3,29.033333333333342,0.4163331998932371,23.299999999999997,25.799999999999997,2.5,29.157142857142855,0.7546680127875594,23.2,25.685714285714283,8.1,28.22142857142857,1.5161583900559725,23.00714285714286,24.985714285714288,179.8,-0.8660254037844385,-0.5000000000000004,6.5,2325.0
2023-08-04,30.0,22.7,26.0,1.7,27.4,76,4,8,216,3,2023,29.5,23.0,25.7,28.7,23.4,25.8,28.9,23.5,25.9,29.4,22.8,25.3,27.5,22.6,24.4,30.2,23.6,26.6,29.400000000000006,0.6557438524302078,23.03333333333333,25.833333333333332,2.5999999999999996,29.24285714285714,0.8182443458556372,23.185714285714287,25.785714285714285,9.0,28.400000000000002,1.570889018261044,23.014285714285712,25.099999999999998,163.70000000000002,-0.8660254037844385,-0.5000000000000004,7.300000000000001,2082.4
2023-08-05,30.7,22.8,26.3,0.4,25.7,74,5,8,217,3,2023,30.0,22.7,26.0,29.5,23.0,25.7,28.7,23.4,25.8,29.8,23.2,25.7,28.7,23.0,24.8,28.0,23.6,24.9,30.066666666666674,0.602771377334179,22.833333333333332,26.0,2.8,29.37142857142857,0.9759000729489956,23.12857142857143,25.87142857142857,8.6,28.542857142857144,1.6869245050431605,23.0,25.20714285714286,160.1,-0.8660254037844385,-0.5000000000000004,7.899999999999999,1901.8
2023-08-06,30.5,22.9,26.3,0.4,25.8,73,6,8,218,3,2023,30.7,22.8,26.3,30.0,22.7,26.0,29.5,23.0,25.7,30.0,22.9,25.8,28.5,23.2,24.7,29.8,22.9,26.3,30.400000000000006,0.3605551275464118,22.799999999999997,26.2,2.5,29.442857142857143,1.045398078656184,23.128571428571426,25.942857142857147,6.1,28.685714285714287,1.765854398936269,22.978571428571428,25.321428571428573,143.1,-0.8660254037844385,-0.5000000000000004,7.600000000000001,1883.4
2023-08-07,30.0,23.1,26.1,0.3,25.9,72,0,8,219,3,2023,30.5,22.9,26.3,30.7,22.8,26.3,30.0,22.7,26.0,27.8,23.6,25.6,27.9,22.9,24.6,31.0,23.8,26.3,30.400000000000006,0.3605551275464118,22.933333333333334,26.233333333333334,1.1,29.757142857142856,0.7612646120270463,23.057142857142857,26.014285714285712,5.300000000000001,28.835714285714285,1.7830859778475083,22.992857142857144,25.428571428571427,133.5,-0.8660254037844385,-0.5000000000000004,6.899999999999999,1864.8
2023-08-08,29.9,22.8,26.1,0.0,21.5,72,1,8,220,3,2023,30.0,23.1,26.1,30.5,22.9,26.3,30.7,22.8,26.3,28.9,23.5,25.9,27.4,22.6,24.3,31.2,23.7,26.8,30.133333333333336,0.3214550253664504,22.933333333333334,26.166666666666668,0.7,29.9,0.6608075867206251,22.957142857142856,26.042857142857144,3.6999999999999997,29.014285714285712,1.7531760817519613,23.00714285714286,25.557142857142857,117.4,-0.8660254037844385,-0.5000000000000004,7.099999999999998,1548.0
2023-08-09,30.6,23.3,26.4,0.4,17.9,76,2,8,221,3,2023,29.9,22.8,26.1,30.0,23.1,26.1,30.5,22.9,26.3,28.7,23.4,25.8,26.9,22.9,24.1,30.4,24.7,27.0,30.16666666666667,0.3785938897200355,23.066666666666663,26.200000000000003,0.7,30.17142857142857,0.43861253103599573,22.942857142857143,26.12857142857143,3.9,29.278571428571432,1.6875920813300225,23.035714285714285,25.721428571428568,94.0,-0.8660254037844385,-0.5000000000000004,7.300000000000001,1360.3999999999999
2023-08-10,30.8,23.4,26.6,0.7,16.5,75,3,8,222,3,2023,30.6,23.3,26.4,29.9,22.8,26.1,30.0,23.1,26.1,29.5,23.0,25.7,24.1,22.5,23.1,29.2,24.4,26.2,30.433333333333337,0.47258156262527473,23.166666666666668,26.366666666666664,1.0999999999999999,30.357142857142858,0.37796447301033353,23.0,26.25714285714286,3.9,29.75714285714286,0.8464534933971521,23.1,25.97142857142857,12.0,-0.8660254037844385,-0.5000000000000004,7.400000000000002,1237.5
2023-08-11,30.7,23.1,26.8,0.3,14.5,74,4,8,223,3,2023,30.8,23.4,26.6,30.6,23.3,26.4,29.9,22.8,26.1,30.0,22.7,26.0,29.4,22.8,25.3,30.7,23.7,26.5,30.700000000000006,0.10000000000005681,23.266666666666666,26.600000000000005,1.4,30.457142857142856,0.3598941643381265,23.057142857142857,26.371428571428574,2.5,29.85,0.8750824137016749,23.12142857142857,26.07857142857143,11.5,-0.8660254037844385,-0.5000000000000004,7.599999999999998,1073.0
2023-08-12,31.2,23.8,26.8,0.1,18.6,70,5,8,224,3,2023,30.7,23.1,26.8,30.8,23.4,26.6,30.6,23.3,26.4,30.7,22.8,26.3,29.8,23.2,25.7,31.5,23.3,27.0,30.900000000000006,0.26457513110647773,23.433333333333334,26.733333333333334,1.0999999999999999,30.528571428571432,0.4535573676119804,23.199999999999996,26.442857142857143,2.1999999999999997,29.95,0.9460443964216003,23.164285714285715,26.157142857142862,10.8,-0.8660254037844385,-0.5000000000000004,7.399999999999999,1302.0
2023-08-13,30.6,23.6,26.8,0.0,17.7,68,6,8,225,3,2023,31.2,23.8,26.8,30.7,23.1,26.8,30.8,23.4,26.6,30.5,22.9,26.3,30.0,22.9,25.8,31.4,23.1,26.7,30.83333333333334,0.3214550253664474,23.5,26.8,0.3999999999999999,30.542857142857144,0.454082014829148,23.300000000000004,26.514285714285712,1.7999999999999998,29.99285714285714,0.9619405752593956,23.214285714285715,26.22857142857143,7.9,-0.8660254037844385,-0.5000000000000004,7.0,1203.6
2023-08-14,30.8,23.6,26.7,0.1,17.6,70,0,8,226,3,2023,30.6,23.6,26.8,31.2,23.8,26.8,30.7,23.1,26.8,30.0,23.1,26.1,27.8,23.6,25.6,30.5,23.7,26.6,30.86666666666667,0.30550504633040504,23.666666666666668,26.766666666666666,0.1999999999999999,30.657142857142862,0.39096949095544065,23.37142857142857,26.599999999999998,1.5999999999999999,30.207142857142856,0.7457203906958622,23.214285714285715,26.307142857142857,6.9,-0.8660254037844385,-0.5000000000000004,7.199999999999999,1232.0
2023-08-15,30.3,23.2,26.2,3.8,15.0,72,1,8,227,3,2023,30.8,23.6,26.7,30.6,23.6,26.8,31.2,23.8,26.8,29.9,22.8,26.1,28.9,23.5,25.9,27.3,23.7,25.1,30.566666666666674,0.25166114784238464,23.466666666666665,26.566666666666666,3.9,30.714285714285715,0.27342623276253786,23.428571428571427,26.614285714285717,5.3999999999999995,30.307142857142857,0.6438636808837089,23.192857142857147,26.32857142857143,9.1,-0.8660254037844385,-0.5000000000000004,7.100000000000001,1080.0
2023-08-16,29.5,23.4,26.1,3.8,17.6,72,2,8,228,3,2023,30.3,23.2,26.2,30.8,23.6,26.7,30.6,23.6,26.8,30.6,23.3,26.4,28.7,23.4,25.8,29.2,23.1,24.9,30.200000000000006,0.6557438524302125,23.399999999999995,26.333333333333332,7.699999999999999,30.557142857142857,0.5380741673084041,23.442857142857143,26.571428571428573,8.799999999999999,30.364285714285717,0.5123207271555594,23.192857142857143,26.349999999999998,12.7,-0.8660254037844385,-0.5000000000000004,6.100000000000001,1267.2
2023-08-17,29.6,23.8,26.3,0.9,18.3,71,3,8,229,3,2023,29.5,23.4,26.1,30.3,23.2,26.2,30.8,23.6,26.7,30.8,23.4,26.6,29.5,23.0,25.7,25.7,22.6,23.7,29.800000000000008,0.4358898943540898,23.466666666666665,26.2,8.5,30.385714285714283,0.6309478885740692,23.5,26.528571428571432,9.0,30.371428571428574,0.4998900978122918,23.25,26.392857142857142,12.899999999999999,-0.8660254037844385,-0.5000000000000004,5.800000000000001,1299.3
2023-08-18,28.5,23.4,25.1,3.3,20.0,76,4,8,230,3,2023,29.6,23.8,26.3,29.5,23.4,26.1,30.3,23.2,26.2,30.7,23.1,26.8,30.0,22.7,26.0,26.4,22.3,23.7,29.200000000000006,0.6082762530298423,23.53333333333333,25.833333333333332,7.999999999999999,30.071428571428573,0.9268482179129899,23.542857142857144,26.285714285714285,11.999999999999998,30.264285714285716,0.7044988866700668,23.3,26.32857142857143,14.5,-0.8660254037844385,-0.5000000000000004,5.100000000000001,1520.0
2023-08-19,27.2,22.3,24.2,5.2,26.3,85,5,8,231,3,2023,28.5,23.4,25.1,29.6,23.8,26.3,29.5,23.4,26.1,31.2,23.8,26.8,30.7,22.8,26.3,24.1,22.4,23.1,28.433333333333337,1.201388086062687,23.166666666666668,25.2,9.399999999999999,29.5,1.280624847486927,23.328571428571426,25.914285714285715,17.1,30.014285714285712,1.066162884696331,23.264285714285712,26.178571428571427,19.299999999999997,-0.8660254037844385,-0.5000000000000004,4.899999999999999,2235.5
2023-08-20,29.9,22.0,25.4,1.4,20.0,80,6,8,232,3,2023,27.2,22.3,24.2,28.5,23.4,25.1,29.6,23.8,26.3,30.6,23.6,26.8,30.5,22.9,26.3,27.5,22.6,24.4,28.533333333333335,1.3503086067019507,22.566666666666663,24.900000000000002,9.899999999999999,29.400000000000002,1.2055427546687243,23.099999999999998,25.714285714285715,18.5,29.971428571428568,1.0571577070537426,23.2,26.114285714285717,20.3,-0.8660254037844385,-0.5000000000000004,7.899999999999999,1600.0
2023-08-21,30.4,22.8,26.0,0.0,17.6,75,0,8,233,3,2023,29.9,22.0,25.4,27.2,22.3,24.2,28.5,23.4,25.1,30.8,23.6,26.7,30.0,23.1,26.1,28.7,23.0,24.8,29.16666666666667,1.7214335111567212,22.366666666666664,25.2,6.6,29.342857142857138,1.135572018642911,22.985714285714288,25.614285714285717,18.4,30.0,1.063376335438182,23.178571428571427,26.107142857142858,20.0,-0.8660254037844385,-0.5000000000000004,7.599999999999998,1320.0
2023-08-22,29.8,22.7,26.0,2.0,14.2,78,1,8,234,3,2023,30.4,22.8,26.0,29.9,22.0,25.4,27.2,22.3,24.2,30.3,23.2,26.2,29.9,22.8,26.1,28.5,23.2,24.7,30.033333333333335,0.32145502536646064,22.5,25.8,3.4,29.271428571428572,1.0796824930113567,22.914285714285715,25.585714285714285,16.6,29.99285714285714,1.0644350511058365,23.17142857142857,26.099999999999998,22.0,-0.8660254037844385,-0.5000000000000004,7.100000000000001,1107.6
2023-08-23,30.6,23.3,26.6,0.0,17.4,74,2,8,235,3,2023,29.8,22.7,26.0,30.4,22.8,26.0,29.9,22.0,25.4,29.5,23.4,26.1,30.6,23.3,26.4,27.9,22.9,24.6,30.26666666666667,0.41633319989324785,22.933333333333334,26.2,2.0,29.428571428571427,1.1926361357857105,22.900000000000002,25.657142857142855,12.8,29.99285714285714,1.0644350511058365,23.171428571428574,26.114285714285717,21.599999999999998,-0.8660254037844385,-0.5000000000000004,7.300000000000001,1287.6
2023-08-24,31.1,23.6,26.8,0.3,17.5,67,3,8,236,3,2023,30.6,23.3,26.6,29.8,22.7,26.0,30.4,22.8,26.0,29.6,23.8,26.3,30.8,23.4,26.6,27.4,22.6,24.3,30.500000000000004,0.655743852430213,23.2,26.46666666666667,2.3,29.642857142857142,1.3525989093314803,22.87142857142857,25.728571428571428,12.2,30.014285714285716,1.0847595570927233,23.185714285714287,26.12857142857143,21.2,-0.8660254037844385,-0.5000000000000004,7.5,1172.5
2023-08-25,31.4,24.2,26.9,4.4,16.6,72,4,8,237,3,2023,31.1,23.6,26.8,30.6,23.3,26.6,29.8,22.7,26.0,28.5,23.4,25.1,30.7,23.1,26.8,26.9,22.9,24.1,31.033333333333342,0.40414518843275293,23.7,26.766666666666666,4.7,30.057142857142853,1.3878726440820637,22.985714285714284,25.985714285714288,13.3,30.064285714285713,1.1338207312225999,23.264285714285716,26.135714285714283,25.299999999999997,-0.8660254037844385,-0.5000000000000004,7.199999999999999,1195.2
2023-08-26,31.0,22.7,26.3,0.7,18.8,77,5,8,238,3,2023,31.4,24.2,26.9,31.1,23.6,26.8,30.6,23.3,26.6,27.2,22.3,24.2,31.2,23.8,26.8,24.1,22.5,23.1,31.16666666666667,0.20816659994664308,23.5,26.666666666666668,5.4,30.599999999999998,0.6082762530304903,23.042857142857144,26.285714285714285,8.8,30.05,1.1195809655680289,23.185714285714287,26.099999999999998,25.9,-0.8660254037844385,-0.5000000000000004,8.3,1447.6000000000001
2023-08-27,31.6,23.3,26.9,0.0,18.7,72,6,8,239,3,2023,31.0,22.7,26.3,31.4,24.2,26.9,31.1,23.6,26.8,29.9,22.0,25.4,30.6,23.6,26.8,29.4,22.8,25.3,31.33333333333334,0.305505046330409,23.399999999999995,26.7,5.1000000000000005,30.842857142857138,0.6214422549129306,23.228571428571428,26.5,7.4,30.121428571428574,1.1872259660680395,23.164285714285715,26.107142857142858,25.9,-0.8660254037844385,-0.5000000000000004,8.3,1346.3999999999999
2023-08-28,31.2,23.5,26.3,0.6,19.5,73,0,8,240,3,2023,31.6,23.3,26.9,31.0,22.7,26.3,31.4,24.2,26.9,30.4,22.8,26.0,30.8,23.6,26.7,29.8,23.2,25.7,31.26666666666667,0.30550504633041015,23.16666666666666,26.5,1.2999999999999998,30.95714285714286,0.5996030432916355,23.328571428571426,26.542857142857144,8.0,30.150000000000002,1.2094181690767676,23.157142857142862,26.078571428571426,26.4,-0.8660254037844385,-0.5000000000000004,7.699999999999999,1423.5
2023-08-29,30.5,22.6,25.9,0.5,15.1,78,1,8,241,3,2023,31.2,23.5,26.3,31.6,23.3,26.9,31.0,22.7,26.3,29.8,22.7,26.0,30.3,23.2,26.2,30.0,22.9,25.8,31.100000000000005,0.556776436283016,23.13333333333333,26.366666666666664,1.1,31.057142857142857,0.39940431835995777,23.314285714285717,26.52857142857143,6.5,30.164285714285715,1.2125035402692756,23.11428571428571,26.057142857142857,23.1,-0.8660254037844385,-0.5000000000000004,7.899999999999999,1177.8
2023-08-30,31.3,22.0,26.4,0.1,14.3,72,2,8,242,3,2023,30.5,22.6,25.9,31.2,23.5,26.3,31.6,23.3,26.9,30.6,23.3,26.6,29.5,23.4,26.1,27.8,23.6,25.6,31.000000000000004,0.4358898943540856,22.7,26.2,1.2,31.157142857142862,0.3505098327549556,23.12857142857143,26.5,6.6000000000000005,30.292857142857144,1.2319242519887506,23.014285714285712,26.07857142857143,19.400000000000002,-0.8660254037844385,-0.5000000000000004,9.3,1029.6000000000001
2023-08-31,31.8,22.3,27.0,0.0,15.0,69,3,8,243,3,2023,31.3,22.0,26.4,30.5,22.6,25.9,31.2,23.5,26.3,31.1,23.6,26.8,29.6,23.8,26.3,28.9,23.5,25.9,31.200000000000003,0.6557438524302082,22.3,26.433333333333334,0.6,31.257142857142856,0.42370250120168534,22.942857142857143,26.52857142857143,6.300000000000001,30.45,1.2762625724539682,22.907142857142855,26.12857142857143,18.5,-0.8660254037844385,-0.5000000000000004,9.5,1035.0
2023-09-01,32.4,22.6,26.7,8.9,12.6,76,4,9,244,3,2023,31.8,22.3,27.0,31.3,22.0,26.4,30.5,22.6,25.9,31.4,24.2,26.9,28.5,23.4,25.1,28.7,23.4,25.8,31.83333333333334,0.550757054728602,22.299999999999997,26.7,9.0,31.400000000000002,0.6082762530304298,22.714285714285715,26.5,10.8,30.728571428571428,1.2430907952661259,22.85,26.24285714285714,24.1,-1.0,-1.8369701987210297e-16,9.799999999999997,957.6
2023-09-02,31.1,22.7,26.5,23.3,19.8,80,5,9,245,3,2023,32.4,22.6,26.7,31.8,22.3,27.0,31.3,22.0,26.4,31.0,22.7,26.3,27.2,22.3,24.2,29.5,23.0,25.7,31.76666666666667,0.6506407098647653,22.53333333333333,26.733333333333334,32.2,31.414285714285715,0.5984105932350929,22.714285714285715,26.52857142857143,33.400000000000006,31.00714285714286,0.7173286830742652,22.87857142857143,26.407142857142855,42.2,-1.0,-1.8369701987210297e-16,8.400000000000002,1584.0
2023-09-03,29.2,22.8,24.8,27.9,18.1,89,6,9,246,3,2023,31.1,22.7,26.5,32.4,22.6,26.7,31.8,22.3,27.0,31.6,23.3,26.9,29.9,22.0,25.4,30.0,22.7,26.0,30.900000000000006,1.6093476939431137,22.7,26.0,60.099999999999994,31.071428571428577,1.0160614904530747,22.642857142857142,26.228571428571428,61.3,30.95714285714286,0.8177965570921862,22.935714285714287,26.36428571428571,68.7,-1.0,-1.8369701987210297e-16,6.399999999999999,1610.9
2023-09-04,24.7,22.3,23.5,30.0,18.8,94,0,9,247,3,2023,29.2,22.8,24.8,31.1,22.7,26.5,32.4,22.6,26.7,31.2,23.5,26.3,30.4,22.8,26.0,30.7,22.8,26.3,28.33333333333334,3.286842456421273,22.599999999999998,24.933333333333334,81.2,30.142857142857142,2.605671469990925,22.47142857142857,25.828571428571426,90.7,30.55,1.8649603006706559,22.900000000000002,26.185714285714287,98.7,-1.0,-1.8369701987210297e-16,2.3999999999999986,1767.2
2023-09-05,26.3,22.0,23.5,27.0,22.0,91,1,9,248,3,2023,24.7,22.3,23.5,29.2,22.8,24.8,31.1,22.7,26.5,30.5,22.6,25.9,29.8,22.7,26.0,30.5,22.9,26.3,26.733333333333338,2.281081614790112,22.366666666666664,23.933333333333334,84.89999999999999,29.542857142857144,2.9680841985234716,22.385714285714283,25.485714285714288,117.2,30.3,2.181037156245569,22.85,26.00714285714286,123.7,-1.0,-1.8369701987210297e-16,4.300000000000001,2002.0
2023-09-06,27.8,22.5,25.0,9.7,22.2,84,2,9,249,3,2023,26.3,22.0,23.5,24.7,22.3,23.5,29.2,22.8,24.8,31.3,22.0,26.4,30.6,23.3,26.6,30.0,23.1,26.1,26.26666666666667,1.550268793897845,22.266666666666666,24.0,66.69999999999999,29.04285714285714,2.917108810024878,22.457142857142856,25.285714285714285,126.80000000000001,30.1,2.2776506114180473,22.792857142857144,25.892857142857142,133.4,-1.0,-1.8369701987210297e-16,5.300000000000001,1864.8
2023-09-07,29.2,23.0,25.3,1.7,26.3,81,3,9,250,3,2023,27.8,22.5,25.0,26.3,22.0,23.5,24.7,22.3,23.5,31.8,22.3,27.0,31.1,23.6,26.8,29.9,22.8,26.1,27.76666666666667,1.4502873278538402,22.5,24.600000000000005,38.4,28.671428571428574,2.6619005025949543,22.557142857142857,25.042857142857144,128.5,29.964285714285715,2.2700752758977987,22.75,25.785714285714285,134.79999999999998,-1.0,-1.8369701987210297e-16,6.199999999999999,2130.3
2023-09-08,28.8,23.1,25.3,8.5,27.8,80,4,9,251,3,2023,29.2,23.0,25.3,27.8,22.5,25.0,26.3,22.0,23.5,32.4,22.6,26.7,31.4,24.2,26.9,30.6,23.3,26.4,28.600000000000005,0.7211102550928509,22.866666666666664,25.200000000000003,19.899999999999995,28.157142857142855,2.1125475480703804,22.62857142857143,24.842857142857145,128.1,29.778571428571432,2.2498473696706425,22.67142857142857,25.671428571428574,138.9,-1.0,-1.8369701987210297e-16,5.699999999999999,2224.0
2023-09-09,29.5,23.1,25.4,3.3,25.4,82,5,9,252,3,2023,28.8,23.1,25.3,29.2,23.0,25.3,27.8,22.5,25.0,31.1,22.7,26.5,31.0,22.7,26.3,30.8,23.4,26.6,29.16666666666667,0.3511884584285129,23.066666666666666,25.333333333333332,13.499999999999996,27.928571428571427,1.805283251749894,22.685714285714287,24.685714285714283,108.1,29.671428571428574,2.222759397834159,22.7,25.607142857142858,141.5,-1.0,-1.8369701987210297e-16,6.399999999999999,2082.7999999999997
2023-09-10,29.3,22.8,25.2,14.1,23.4,85,6,9,253,3,2023,29.5,23.1,25.4,28.8,23.1,25.3,29.2,23.0,25.3,29.2,22.8,24.8,31.6,23.3,26.9,30.7,23.1,26.8,29.200000000000003,0.3605551275464837,23.0,25.3,25.899999999999995,27.942857142857143,1.8173764450047751,22.685714285714283,24.74285714285714,94.3,29.507142857142856,2.153160212594419,22.664285714285715,25.485714285714288,155.6,-1.0,-1.8369701987210297e-16,6.5,1988.9999999999998
2023-09-11,29.4,23.2,25.9,0.0,22.1,79,0,9,254,3,2023,29.3,22.8,25.2,29.5,23.1,25.4,28.8,23.1,25.3,24.7,22.3,23.5,31.2,23.5,26.3,31.2,23.8,26.8,29.400000000000006,0.10000000000027982,23.03333333333333,25.5,17.399999999999995,28.614285714285717,1.1739230119970478,22.814285714285717,25.085714285714285,64.3,29.37857142857143,2.097316443395468,22.642857142857142,25.45714285714286,155.0,-1.0,-1.8369701987210297e-16,6.199999999999999,1745.9
2023-09-12,29.6,22.6,25.7,0.2,20.8,79,1,9,255,3,2023,29.4,23.2,25.9,29.3,22.8,25.2,29.5,23.1,25.4,26.3,22.0,23.5,30.5,22.6,25.9,30.6,23.6,26.8,29.433333333333337,0.15275252316537494,22.866666666666664,25.599999999999998,14.299999999999994,29.085714285714285,0.6229729031797249,22.900000000000002,25.400000000000002,37.49999999999999,29.314285714285713,2.0739620732596435,22.642857142857142,25.442857142857143,154.7,-1.0,-1.8369701987210297e-16,7.0,1643.2
2023-09-13,29.9,22.9,25.8,0.2,18.0,75,2,9,256,3,2023,29.6,22.6,25.7,29.4,23.2,25.9,29.3,22.8,25.2,27.8,22.5,25.0,31.3,22.0,26.4,30.8,23.6,26.7,29.63333333333334,0.2516611478424552,22.899999999999995,25.8,0.39999999999999647,29.38571428571429,0.3436498771950093,22.95714285714286,25.514285714285712,27.999999999999996,29.214285714285715,2.003403697118266,22.70714285714286,25.400000000000002,154.8,-1.0,-1.8369701987210297e-16,7.0,1350.0
2023-09-14,28.5,23.8,25.6,0.1,20.8,77,3,9,257,3,2023,29.9,22.9,25.8,29.6,22.6,25.7,29.4,23.2,25.9,29.2,23.0,25.3,31.8,22.3,27.0,30.3,23.2,26.2,29.33333333333334,0.7371114795832379,23.099999999999994,25.7,0.49999999999999645,29.285714285714285,0.48107023544331723,23.071428571428573,25.557142857142853,26.4,28.978571428571428,1.8651370629894848,22.814285714285717,25.3,154.9,-1.0,-1.8369701987210297e-16,4.699999999999999,1601.6000000000001
2023-09-15,29.8,23.6,26.1,0.1,21.7,71,4,9,258,3,2023,28.5,23.8,25.6,29.9,22.9,25.8,29.6,22.6,25.7,28.8,23.1,25.3,32.4,22.6,26.7,29.5,23.4,26.1,29.400000000000006,0.7810249675907005,23.433333333333334,25.833333333333332,0.39999999999999647,29.428571428571427,0.46084807950327267,23.142857142857142,25.671428571428574,18.0,28.792857142857144,1.6102863031221402,22.885714285714283,25.25714285714286,146.1,-1.0,-1.8369701987210297e-16,6.199999999999999,1540.7
2023-09-16,29.6,23.6,26.0,1.1,23.0,76,5,9,259,3,2023,29.8,23.6,26.1,28.5,23.8,25.6,29.9,22.9,25.8,29.5,23.1,25.4,31.1,22.7,26.5,29.6,23.8,26.3,29.3,0.7000000000000423,23.666666666666668,25.900000000000002,1.2999999999999965,29.442857142857147,0.464962876143222,23.214285714285715,25.75714285714286,15.799999999999997,28.685714285714283,1.4904088973565208,22.95,25.22142857142857,123.89999999999999,-1.0,-1.8369701987210297e-16,6.0,1748.0
2023-09-17,29.7,22.8,25.9,0.1,20.5,76,6,9,260,3,2023,29.6,23.6,26.0,29.8,23.6,26.1,28.5,23.8,25.6,29.3,22.8,25.2,29.2,22.8,24.8,28.5,23.4,25.1,29.700000000000003,0.1000000000002529,23.333333333333332,26.0,1.2999999999999965,29.5,0.4690415759832972,23.214285714285715,25.857142857142858,1.8000000000000003,28.721428571428568,1.5095483641596448,22.95,25.3,96.1,-1.0,-1.8369701987210297e-16,6.899999999999999,1558.0
2023-09-18,30.8,23.2,26.5,0.7,16.3,73,0,9,261,3,2023,29.7,22.8,25.9,29.6,23.6,26.0,29.8,23.6,26.1,29.4,23.2,25.9,24.7,22.3,23.5,27.2,22.3,24.2,30.033333333333342,0.6658328118479735,23.2,26.133333333333336,1.8999999999999964,29.699999999999996,0.6733003292247889,23.214285714285715,25.942857142857147,2.5,29.157142857142855,1.0782566311588928,23.014285714285712,25.514285714285712,66.8,-1.0,-1.8369701987210297e-16,7.600000000000001,1189.9
2023-09-19,31.3,23.4,26.7,0.0,17.3,73,1,9,262,3,2023,30.8,23.2,26.5,29.7,22.8,25.9,29.6,23.6,26.0,29.6,22.6,25.7,26.3,22.0,23.5,29.9,22.0,25.4,30.600000000000005,0.8185352771872686,23.13333333333333,26.366666666666664,0.7999999999999964,29.942857142857143,0.8997354108429111,23.32857142857143,26.085714285714285,2.3,29.514285714285712,0.866342571128872,23.11428571428571,25.74285714285714,39.8,-1.0,-1.8369701987210297e-16,7.900000000000002,1262.9
2023-09-20,31.0,24.1,26.6,3.2,19.3,75,2,9,263,3,2023,31.3,23.4,26.7,30.8,23.2,26.5,29.7,22.8,25.9,29.9,22.9,25.8,27.8,22.5,25.0,30.4,22.8,26.0,31.033333333333335,0.25166114784242016,23.566666666666663,26.599999999999998,3.899999999999997,30.099999999999998,0.9831920802506008,23.5,26.2,5.300000000000001,29.74285714285714,0.7987627795676849,23.228571428571428,25.857142857142858,33.3,-1.0,-1.8369701987210297e-16,6.899999999999999,1447.5
2023-09-21,29.6,23.0,25.6,3.8,14.0,84,3,9,264,3,2023,31.0,24.1,26.6,31.3,23.4,26.7,30.8,23.2,26.5,28.5,23.8,25.6,29.2,23.0,25.3,29.8,22.7,26.0,30.63333333333334,0.907377172587765,23.5,26.3,6.9999999999999964,30.257142857142856,0.7435436388390161,23.38571428571429,26.2,9.0,29.771428571428572,0.7848846769078052,23.228571428571428,25.87857142857143,35.39999999999999,-1.0,-1.8369701987210297e-16,6.600000000000001,1176.0
2023-09-22,29.1,22.7,25.1,1.9,15.2,86,4,9,265,3,2023,29.6,23.0,25.6,31.0,24.1,26.6,31.3,23.4,26.7,29.8,23.6,26.1,28.8,23.1,25.3,30.6,23.3,26.6,29.900000000000006,0.9848857801796292,23.266666666666666,25.766666666666666,8.899999999999997,30.157142857142862,0.8541216596742182,23.25714285714286,26.057142857142857,10.8,29.79285714285714,0.7600245802854501,23.2,25.86428571428571,28.799999999999994,-1.0,-1.8369701987210297e-16,6.400000000000002,1307.2
2023-09-23,29.4,22.7,25.4,8.2,13.0,85,5,9,266,3,2023,29.1,22.7,25.1,29.6,23.0,25.6,31.0,24.1,26.6,29.6,23.6,26.0,29.5,23.1,25.4,31.1,23.6,26.8,29.366666666666674,0.25166114784243687,22.799999999999997,25.36666666666667,13.899999999999995,30.128571428571426,0.8788520651291588,23.128571428571426,25.971428571428568,17.9,29.785714285714285,0.7634508123368888,23.17142857142857,25.864285714285717,33.699999999999996,-1.0,-1.8369701987210297e-16,6.699999999999999,1105.0
2023-09-24,28.4,22.1,24.9,3.1,15.7,87,6,9,267,3,2023,29.4,22.7,25.4,29.1,22.7,25.1,29.6,23.0,25.6,29.7,22.8,25.9,29.3,22.8,25.2,31.4,24.2,26.9,28.96666666666667,0.5131601439447269,22.5,25.13333333333333,13.199999999999994,29.942857142857143,1.0952277432226878,23.028571428571432,25.828571428571426,20.9,29.72142857142857,0.8414077685449257,23.12142857142857,25.842857142857145,22.699999999999996,-1.0,-1.8369701987210297e-16,6.299999999999997,1365.8999999999999
2023-09-25,29.1,22.5,24.8,3.3,16.6,86,0,9,268,3,2023,28.4,22.1,24.9,29.4,22.7,25.4,29.1,22.7,25.1,30.8,23.2,26.5,29.4,23.2,25.9,31.0,22.7,26.3,28.966666666666672,0.5131601439447269,22.433333333333326,25.03333333333333,14.599999999999996,29.7,1.061445555206456,22.928571428571427,25.58571428571429,23.5,29.7,0.853950097623678,23.071428571428573,25.764285714285712,25.999999999999996,-1.0,-1.8369701987210297e-16,6.600000000000001,1427.6000000000001
2023-09-26,30.0,22.4,25.4,7.7,10.5,84,1,9,269,3,2023,29.1,22.5,24.8,28.4,22.1,24.9,29.4,22.7,25.4,31.3,23.4,26.7,29.6,22.6,25.7,31.6,23.3,26.9,29.16666666666667,0.8020806277010886,22.333333333333332,25.03333333333333,14.099999999999996,29.514285714285712,0.8214389233307594,22.785714285714285,25.400000000000002,31.2,29.72857142857143,0.8570329599882447,23.057142857142857,25.74285714285714,33.5,-1.0,-1.8369701987210297e-16,7.600000000000001,882.0
2023-09-27,30.1,22.2,25.6,5.7,8.9,87,2,9,270,3,2023,30.0,22.4,25.4,29.1,22.5,24.8,28.4,22.1,24.9,31.0,24.1,26.6,29.9,22.9,25.8,31.2,23.5,26.3,29.733333333333338,0.550757054728641,22.366666666666664,25.26666666666667,16.699999999999996,29.38571428571429,0.5871642911168992,22.514285714285712,25.25714285714286,33.7,29.74285714285714,0.8617640991814867,23.007142857142856,25.728571428571428,38.99999999999999,-1.0,-1.8369701987210297e-16,7.900000000000002,774.3000000000001
2023-09-28,30.9,22.2,25.6,17.0,11.0,86,3,9,271,3,2023,30.1,22.2,25.6,30.0,22.4,25.4,29.1,22.5,24.8,29.6,23.0,25.6,28.5,23.8,25.6,30.5,22.6,25.9,30.33333333333334,0.49328828623165344,22.266666666666662,25.53333333333333,30.399999999999995,29.571428571428573,0.8240434570145581,22.4,25.25714285714286,46.9,29.914285714285715,0.8337654557281304,22.892857142857142,25.72857142857143,55.89999999999999,-1.0,-1.8369701987210297e-16,8.7,946.0
2023-09-29,30.2,22.4,25.4,30.9,12.4,86,4,9,272,3,2023,30.9,22.2,25.6,30.1,22.2,25.6,30.0,22.4,25.4,29.1,22.7,25.1,29.8,23.6,26.1,31.3,22.0,26.4,30.400000000000006,0.43588989435409947,22.266666666666662,25.53333333333333,53.599999999999994,29.728571428571428,0.8240434570145475,22.357142857142858,25.3,75.9,29.942857142857143,0.8363972976768511,22.807142857142857,25.678571428571427,86.69999999999999,-1.0,-1.8369701987210297e-16,7.800000000000001,1066.4
2023-09-30,30.0,21.9,25.5,1.9,16.9,83,5,9,273,3,2023,30.2,22.4,25.4,30.9,22.2,25.6,30.1,22.2,25.6,29.4,22.7,25.4,29.6,23.6,26.0,31.8,22.3,27.0,30.366666666666674,0.47258156262529183,22.16666666666666,25.5,49.79999999999999,29.814285714285717,0.8153293228890777,22.242857142857144,25.314285714285717,69.6,29.97142857142857,0.8305962375852705,22.685714285714283,25.642857142857142,87.49999999999999,-1.0,-1.8369701987210297e-16,8.100000000000001,1402.6999999999998
2023-10-01,30.2,22.6,25.6,6.9,17.5,82,6,10,274,4,2023,30.0,21.9,25.5,30.2,22.4,25.4,30.9,22.2,25.6,28.4,22.1,24.9,29.7,22.8,25.9,32.4,22.6,26.7,30.133333333333336,0.11547005383806998,22.299999999999997,25.5,39.7,30.071428571428573,0.5282495802633884,22.314285714285713,25.414285714285715,73.4,30.00714285714286,0.8287750791794031,22.67142857142857,25.621428571428574,94.3,-0.8660254037844386,0.5000000000000001,7.599999999999998,1435.0
2023-10-02,30.5,22.8,26.2,0.8,15.3,79,0,10,275,4,2023,30.2,22.6,25.6,30.0,21.9,25.5,30.2,22.4,25.4,29.1,22.5,24.8,30.8,23.2,26.5,31.1,22.7,26.5,30.233333333333338,0.25166114784242205,22.433333333333334,25.766666666666666,9.599999999999998,30.271428571428572,0.3251373336224114,22.357142857142858,25.61428571428571,70.9,29.985714285714288,0.8103723198036767,22.642857142857142,25.6,94.39999999999999,-0.8660254037844386,0.5000000000000001,7.699999999999999,1208.7
2023-10-03,31.4,24.6,27.0,0.0,17.7,73,1,10,276,4,2023,30.5,22.8,26.2,30.2,22.6,25.6,30.0,21.9,25.5,30.0,22.4,25.4,31.3,23.4,26.7,29.2,22.8,24.8,30.700000000000003,0.6244997998398579,23.333333333333332,26.266666666666666,7.699999999999997,30.47142857142857,0.5089672082250511,22.671428571428574,25.842857142857138,63.2,29.99285714285714,0.8231873192889071,22.728571428571428,25.621428571428574,94.39999999999999,-0.8660254037844386,0.5000000000000001,6.799999999999997,1292.1
2023-10-04,31.4,23.2,26.8,0.0,13.4,63,2,10,277,4,2023,31.4,24.6,27.0,30.5,22.8,26.2,30.2,22.6,25.6,30.1,22.2,25.6,31.0,24.1,26.6,24.7,22.3,23.5,31.100000000000005,0.5196152422706768,23.53333333333333,26.666666666666668,0.7999999999999965,30.657142857142855,0.5826867164476744,22.814285714285713,26.014285714285712,57.5,30.021428571428572,0.8666279224930661,22.664285714285715,25.635714285714283,91.19999999999999,-0.8660254037844386,0.5000000000000001,8.2,844.2
2023-10-05,31.5,21.5,25.7,0.0,13.7,60,3,10,278,4,2023,31.4,23.2,26.8,31.4,24.6,27.0,30.5,22.8,26.2,30.9,22.2,25.6,29.6,23.0,25.6,26.3,22.0,23.5,31.433333333333337,0.05773502691896288,23.099999999999998,26.5,0.0,30.742857142857144,0.6629659188258191,22.714285714285715,26.02857142857143,40.5,30.157142857142855,0.9411239481146815,22.557142857142857,25.642857142857142,87.39999999999999,-0.8660254037844386,0.5000000000000001,10.0,822.0
2023-10-06,31.6,20.9,25.3,0.0,17.3,63,4,10,279,4,2023,31.5,21.5,25.7,31.4,23.2,26.8,31.4,24.6,27.0,30.2,22.4,25.4,29.1,22.7,25.1,27.8,22.5,25.0,31.500000000000004,0.09999999999999845,21.866666666666664,25.933333333333334,0.0,30.942857142857143,0.6827814263665978,22.5,26.014285714285712,9.600000000000001,30.335714285714285,0.9620548064170333,22.428571428571427,25.657142857142862,85.5,-0.8660254037844386,0.5000000000000001,10.700000000000003,1089.9
2023-10-07,31.9,20.8,25.8,0.0,14.8,61,5,10,280,4,2023,31.6,20.9,25.3,31.5,21.5,25.7,31.4,23.2,26.8,30.0,21.9,25.5,29.4,22.7,25.4,29.2,23.0,25.3,31.66666666666667,0.20816659994660827,21.066666666666663,25.599999999999998,0.0,31.214285714285715,0.6202917900170872,22.342857142857145,26.057142857142857,7.7,30.514285714285712,1.0060258009060012,22.292857142857144,25.685714285714283,77.3,-0.8660254037844386,0.5000000000000001,11.099999999999998,902.8000000000001
2023-10-08,31.9,19.9,26.0,0.0,10.0,63,6,10,281,4,2023,31.9,20.8,25.8,31.6,20.9,25.3,31.5,21.5,25.7,30.2,22.6,25.6,28.4,22.1,24.9,28.8,23.1,25.3,31.8,0.17320508075688062,20.53333333333333,25.7,0.0,31.457142857142856,0.47207747548237344,21.957142857142856,26.114285714285717,0.8,30.764285714285712,0.8652319767709699,22.135714285714283,25.764285714285712,74.19999999999999,-0.8660254037844386,0.5000000000000001,12.0,630.0
2023-10-09,32.6,20.8,26.6,0.0,14.3,66,0,10,282,4,2023,31.9,19.9,26.0,31.9,20.8,25.8,31.6,20.9,25.3,30.5,22.8,26.2,29.1,22.5,24.8,29.5,23.1,25.4,32.13333333333334,0.40414518843273967,20.499999999999996,26.133333333333336,0.0,31.75714285714286,0.427617987060618,21.67142857142857,26.171428571428574,0.0,31.014285714285712,0.8529200006290936,22.014285714285712,25.892857142857142,70.89999999999999,-0.8660254037844386,0.5000000000000001,11.8,943.8000000000001
2023-10-10,32.0,21.7,25.9,24.6,12.2,72,1,10,283,4,2023,32.6,20.8,26.6,31.9,19.9,26.0,31.9,20.8,25.8,31.4,24.6,27.0,30.0,22.4,25.4,29.3,22.8,25.2,32.16666666666667,0.37859388972001917,20.799999999999997,26.166666666666668,24.599999999999998,31.842857142857138,0.4035556254814995,21.257142857142856,26.014285714285716,24.6,31.157142857142855,0.8373164880136389,21.964285714285715,25.928571428571427,87.8,-0.8660254037844386,0.5000000000000001,10.3,878.4
2023-10-11,33.4,20.6,26.6,0.0,13.9,65,2,10,284,4,2023,32.0,21.7,25.9,32.6,20.8,26.6,31.9,19.9,26.0,31.4,23.2,26.8,30.1,22.2,25.6,29.4,23.2,25.9,32.66666666666668,0.7023769168568508,21.03333333333333,26.36666666666667,24.599999999999998,32.128571428571426,0.6626066850313269,20.88571428571429,25.985714285714288,24.6,31.392857142857142,0.9706970419514628,21.85,26.0,82.1,-0.8660254037844386,0.5000000000000001,12.799999999999997,903.5
2023-10-12,32.6,21.6,26.7,0.0,11.8,59,3,10,285,4,2023,33.4,20.6,26.6,32.0,21.7,25.9,32.6,20.8,26.6,31.5,21.5,25.7,30.9,22.2,25.6,29.6,22.6,25.7,32.66666666666667,0.7023769168568508,21.299999999999997,26.399999999999995,24.599999999999998,32.285714285714285,0.6175990377495226,20.900000000000002,26.12857142857143,24.6,31.514285714285712,1.009841680552344,21.807142857142853,26.078571428571426,65.1,-0.8660254037844386,0.5000000000000001,11.0,696.2
2023-10-13,32.4,21.2,26.6,0.0,11.2,60,4,10,286,4,2023,32.6,21.6,26.7,33.4,20.6,26.6,32.0,21.7,25.9,31.6,20.9,25.3,30.2,22.4,25.4,29.9,22.9,25.8,32.800000000000004,0.529150262212921,21.13333333333333,26.633333333333336,0.0,32.4,0.5385164807139616,20.942857142857143,26.314285714285713,24.6,31.67142857142857,0.9595099481818261,21.72142857142857,26.164285714285715,34.2,-0.8660254037844386,0.5000000000000001,11.2,672.0
2023-10-14,32.0,22.7,26.9,0.0,11.3,60,5,10,287,4,2023,32.4,21.2,26.6,32.6,21.6,26.7,33.4,20.6,26.6,31.9,20.8,25.8,30.0,21.9,25.5,28.5,23.8,25.6,32.333333333333336,0.30550504633039505,21.833333333333332,26.73333333333333,0.0,32.41428571428571,0.5241773600246897,21.214285714285715,26.471428571428568,24.6,31.814285714285713,0.8319182123793483,21.778571428571432,26.264285714285712,32.3,-0.8660254037844386,0.5000000000000001,9.3,678.0
2023-10-15,32.3,21.6,26.7,0.0,10.3,60,6,10,288,4,2023,32.0,22.7,26.9,32.4,21.2,26.6,32.6,21.6,26.7,31.9,19.9,26.0,30.2,22.6,25.6,29.8,23.6,26.1,32.23333333333334,0.20816659994662165,21.83333333333333,26.733333333333334,0.0,32.471428571428575,0.4785891965435076,21.457142857142856,26.571428571428573,24.6,31.964285714285715,0.6968137847014628,21.707142857142856,26.342857142857145,25.4,-0.8660254037844386,0.5000000000000001,10.699999999999996,618.0
2023-10-16,31.0,22.4,26.6,0.8,9.8,62,0,10,289,4,2023,32.3,21.6,26.7,32.0,22.7,26.9,32.4,21.2,26.6,32.6,20.8,26.6,30.5,22.8,26.2,29.6,23.6,26.0,31.76666666666667,0.6806859285554104,22.23333333333333,26.733333333333334,0.7999999999999965,32.24285714285714,0.7253898787486942,21.685714285714283,26.571428571428573,25.400000000000002,32.0,0.6251153739668813,21.678571428571427,26.37142857142857,25.4,-0.8660254037844386,0.5000000000000001,8.600000000000001,607.6
2023-10-17,31.4,21.5,26.4,0.2,9.7,62,1,10,290,4,2023,31.0,22.4,26.6,32.3,21.6,26.7,32.0,22.7,26.9,32.0,21.7,25.9,31.4,24.6,27.0,29.7,22.8,25.9,31.566666666666674,0.6658328118479471,21.83333333333333,26.566666666666666,0.9999999999999964,32.15714285714285,0.7913219801010558,21.657142857142855,26.642857142857142,1.0,32.0,0.6251153739668813,21.45714285714286,26.328571428571426,25.599999999999998,-0.8660254037844386,0.5000000000000001,9.899999999999999,601.4
2023-10-18,31.4,22.0,26.1,0.1,11.9,62,2,10,291,4,2023,31.4,21.5,26.4,31.0,22.4,26.6,32.3,21.6,26.7,33.4,20.6,26.6,31.4,23.2,26.8,30.8,23.2,26.5,31.26666666666667,0.23094010767588538,21.966666666666665,26.366666666666664,1.0999999999999965,31.87142857142857,0.6074928962944618,21.857142857142858,26.571428571428573,1.1,32.0,0.6251153739668813,21.37142857142857,26.27857142857143,25.7,-0.8660254037844386,0.5000000000000001,9.399999999999999,737.8000000000001
2023-10-19,32.6,20.1,26.3,0.0,16.2,61,3,10,292,4,2023,31.4,22.0,26.1,31.4,21.5,26.4,31.0,22.4,26.6,32.6,21.6,26.7,31.5,21.5,25.7,31.3,23.4,26.7,31.8,0.6928203230275592,21.2,26.26666666666667,0.2999999999999965,31.871428571428574,0.6074928962944618,21.642857142857142,26.514285714285716,1.1,32.07857142857143,0.6265639772464858,21.27142857142857,26.321428571428573,25.7,-0.8660254037844386,0.5000000000000001,12.5,988.1999999999999
2023-10-20,32.3,20.7,26.4,0.0,12.4,59,4,10,293,4,2023,32.6,20.1,26.3,31.4,22.0,26.1,31.4,21.5,26.4,32.4,21.2,26.6,31.6,20.9,25.3,31.0,24.1,26.6,32.1,0.6244997998398449,20.93333333333333,26.266666666666666,0.09999999999999645,31.857142857142858,0.5940177967517126,21.571428571428573,26.485714285714284,1.1,32.128571428571426,0.6132242298250039,21.25714285714286,26.400000000000002,25.7,-0.8660254037844386,0.5000000000000001,11.599999999999998,731.6
2023-10-21,31.1,20.8,25.7,0.0,12.2,62,5,10,294,4,2023,32.3,20.7,26.4,32.6,20.1,26.3,31.4,22.0,26.1,32.0,22.7,26.9,31.9,20.8,25.8,29.6,23.0,25.6,32.00000000000001,0.7937253933193792,20.53333333333333,26.133333333333336,0.0,31.728571428571428,0.6524678426672976,21.3,26.314285714285717,1.1,32.07142857142857,0.6707384809973465,21.257142857142856,26.392857142857142,25.7,-0.8660254037844386,0.5000000000000001,10.3,756.4
2023-10-22,31.5,20.2,25.2,0.0,18.9,49,6,10,295,4,2023,31.1,20.8,25.7,32.3,20.7,26.4,32.6,20.1,26.3,32.3,21.6,26.7,31.9,19.9,26.0,29.1,22.7,25.1,31.633333333333336,0.6110100926607802,20.566666666666663,25.766666666666666,0.0,31.61428571428571,0.6039552175141393,21.099999999999998,26.099999999999998,1.1,32.042857142857144,0.6869265840456692,21.278571428571432,26.33571428571429,25.7,-0.8660254037844386,0.5000000000000001,11.3,926.0999999999999
2023-10-23,30.7,18.4,24.3,0.0,16.9,50,0,10,296,4,2023,31.5,20.2,25.2,31.1,20.8,25.7,32.3,20.7,26.4,31.0,22.4,26.6,32.6,20.8,26.6,29.4,22.7,25.4,31.100000000000005,0.4000000000000064,19.799999999999997,25.066666666666666,0.0,31.571428571428573,0.6626066850313778,20.52857142857143,25.771428571428572,0.30000000000000004,31.907142857142855,0.7529064562538053,21.107142857142858,26.17142857142857,25.7,-0.8660254037844386,0.5000000000000001,12.3,844.9999999999999
2023-10-24,30.7,16.6,23.7,0.0,16.3,52,1,10,297,4,2023,30.7,18.4,24.3,31.5,20.2,25.2,31.1,20.8,25.7,31.4,21.5,26.4,32.0,21.7,25.9,28.4,22.1,24.9,30.96666666666667,0.46188021535170704,18.4,24.399999999999995,0.0,31.47142857142857,0.7409774753987363,19.82857142857143,25.385714285714283,0.1,31.814285714285713,0.8179309194617408,20.742857142857144,26.014285714285716,1.0999999999999965,-0.8660254037844386,0.5000000000000001,14.099999999999998,847.6
2023-10-25,30.9,17.1,23.9,0.0,14.9,51,2,10,298,4,2023,30.7,16.6,23.7,30.7,18.4,24.3,31.5,20.2,25.2,31.4,22.0,26.1,33.4,20.6,26.6,29.1,22.5,24.8,30.76666666666667,0.11547005383792475,17.366666666666664,23.96666666666667,0.0,31.400000000000002,0.7724420150842015,19.12857142857143,25.071428571428573,0.0,31.635714285714283,0.7110200071376378,20.49285714285714,25.821428571428573,1.0999999999999965,-0.8660254037844386,0.5000000000000001,13.799999999999997,759.9
2023-10-26,30.2,17.3,23.6,0.0,15.8,49,3,10,299,4,2023,30.9,17.1,23.9,30.7,16.6,23.7,30.7,18.4,24.3,32.6,20.1,26.3,32.6,21.6,26.7,30.0,22.4,25.4,30.600000000000005,0.36055512754639774,17.0,23.733333333333334,0.0,31.057142857142853,0.6778818551374035,18.728571428571428,24.685714285714283,0.0,31.464285714285715,0.7489553163805144,20.185714285714287,25.599999999999998,1.0999999999999965,-0.8660254037844386,0.5000000000000001,12.899999999999999,774.2
2023-10-27,30.6,16.6,23.9,0.0,17.6,44,4,10,300,4,2023,30.2,17.3,23.6,30.9,17.1,23.9,30.7,16.6,23.7,32.3,20.7,26.4,32.4,21.2,26.6,30.1,22.2,25.6,30.566666666666674,0.3511884584284233,17.0,23.8,0.0,30.814285714285713,0.40999419275885784,18.142857142857146,24.32857142857143,0.0,31.335714285714285,0.730234043469859,19.857142857142858,25.407142857142855,1.0999999999999965,-0.8660254037844386,0.5000000000000001,14.0,774.4000000000001
2023-10-28,30.9,17.0,24.4,0.1,14.0,56,5,10,301,4,2023,30.6,16.6,23.9,30.2,17.3,23.6,30.9,17.1,23.9,31.1,20.8,25.7,32.0,22.7,26.9,30.9,22.2,25.6,30.566666666666674,0.3511884584284233,16.966666666666665,23.96666666666667,0.09999999999999645,30.785714285714285,0.39339789623567817,17.6,24.142857142857142,0.1,31.25714285714286,0.7122167838891019,19.45,25.228571428571428,1.1999999999999966,-0.8660254037844386,0.5000000000000001,13.899999999999999,784.0
2023-10-29,31.1,20.2,25.1,1.8,10.4,74,6,10,302,4,2023,30.9,17.0,24.4,30.6,16.6,23.9,30.2,17.3,23.6,31.5,20.2,25.2,32.3,21.6,26.7,30.2,22.4,25.4,30.86666666666667,0.25166114784235655,17.933333333333334,24.46666666666667,1.8999999999999966,30.728571428571428,0.2870208222093168,17.599999999999998,24.12857142857143,1.9000000000000001,31.17142857142857,0.6462061726593256,19.349999999999998,25.114285714285717,2.9999999999999964,-0.8660254037844386,0.5000000000000001,10.900000000000002,769.6
2023-10-30,29.6,19.9,24.5,0.3,12.2,77,0,10,303,4,2023,31.1,20.2,25.1,30.9,17.0,24.4,30.6,16.6,23.9,30.7,18.4,24.3,31.0,22.4,26.6,30.0,21.9,25.5,30.533333333333342,0.8144527815247071,19.033333333333328,24.666666666666668,2.1999999999999966,30.571428571428573,0.5154748157912897,17.814285714285713,24.157142857142855,2.2,31.071428571428573,0.771041824096527,19.17142857142857,24.964285714285715,2.4999999999999964,-0.8660254037844386,0.5000000000000001,9.700000000000003,939.4
2023-10-31,29.9,20.2,24.8,0.0,11.8,70,1,10,304,4,2023,29.6,19.9,24.5,31.1,20.2,25.1,30.9,17.0,24.4,30.7,16.6,23.7,31.4,21.5,26.4,30.2,22.6,25.6,30.200000000000003,0.7937253933193777,20.099999999999998,24.8,2.0999999999999965,30.457142857142856,0.5682051943250215,18.328571428571426,24.314285714285713,2.2,30.964285714285715,0.8242545749925924,19.078571428571426,24.85,2.2999999999999963,-0.8660254037844386,0.5000000000000001,9.7,826.0
2023-11-01,30.7,20.1,24.8,0.0,8.9,68,2,11,305,4,2023,29.9,20.2,24.8,29.6,19.9,24.5,31.1,20.2,25.1,30.9,17.1,23.9,31.4,22.0,26.1,30.5,22.8,26.2,30.066666666666674,0.5686240703077313,20.066666666666663,24.7,0.29999999999999644,30.428571428571427,0.5468524655228457,18.75714285714286,24.442857142857143,2.2,30.91428571428571,0.8169899188320175,18.942857142857143,24.75714285714286,2.199999999999996,-0.5000000000000004,0.8660254037844384,10.599999999999998,605.2
2023-11-02,30.5,19.9,24.5,4.5,18.4,75,3,11,306,4,2023,30.7,20.1,24.8,29.9,20.2,24.8,29.6,19.9,24.5,30.2,17.3,23.6,32.6,20.1,26.3,31.4,24.6,27.0,30.36666666666667,0.41633319989322715,20.066666666666663,24.7,4.4999999999999964,30.47142857142857,0.5376314900081748,19.12857142857143,24.571428571428573,6.7,30.764285714285712,0.6617077473158189,18.928571428571427,24.628571428571426,6.699999999999996,-0.5000000000000004,0.8660254037844384,10.600000000000001,1380.0
2023-11-03,30.8,20.4,24.7,1.9,11.8,81,4,11,307,4,2023,30.5,19.9,24.5,30.7,20.1,24.8,29.9,20.2,24.8,30.6,16.6,23.9,32.3,20.7,26.4,31.4,23.2,26.8,30.66666666666667,0.1527525231652039,20.13333333333333,24.666666666666668,6.399999999999997,30.5,0.5507570547293252,19.67142857142857,24.685714285714283,8.6,30.657142857142855,0.4941415021797581,18.907142857142855,24.50714285714286,8.599999999999996,-0.5000000000000004,0.8660254037844384,10.400000000000002,955.8000000000001
2023-11-04,30.0,20.4,25.0,1.7,12.7,77,5,11,308,4,2023,30.8,20.4,24.7,30.5,19.9,24.5,30.7,20.1,24.8,30.9,17.0,24.4,31.1,20.8,25.7,31.5,21.5,25.7,30.433333333333337,0.40414518843274116,20.23333333333333,24.733333333333334,8.099999999999996,30.37142857142857,0.5468524655228516,20.157142857142855,24.77142857142857,10.200000000000001,30.578571428571426,0.5056276699904699,18.87857142857143,24.45714285714286,10.299999999999995,-0.5000000000000004,0.8660254037844384,9.600000000000001,977.9
2023-11-05,30.1,20.1,25.0,0.0,12.8,74,6,11,309,4,2023,30.0,20.4,25.0,30.8,20.4,24.7,30.5,19.9,24.5,31.1,20.2,25.1,31.5,20.2,25.2,31.6,20.9,25.3,30.300000000000008,0.43588989435406983,20.299999999999997,24.900000000000002,3.599999999999996,30.22857142857143,0.4461475305865061,20.142857142857142,24.757142857142856,8.4,30.478571428571428,0.4440695916165196,18.87142857142857,24.442857142857147,10.299999999999995,-0.5000000000000004,0.8660254037844384,10.0,947.2
2023-11-06,30.2,21.3,24.5,6.5,13.8,82,0,11,310,4,2023,30.1,20.1,25.0,30.0,20.4,25.0,30.8,20.4,24.7,29.6,19.9,24.5,30.7,18.4,24.3,31.9,20.8,25.8,30.100000000000005,0.10000000000000954,20.599999999999998,24.833333333333332,8.199999999999996,30.314285714285713,0.35321651258500614,20.342857142857145,24.757142857142856,14.600000000000001,30.442857142857143,0.44499660450686784,19.07857142857143,24.45714285714286,16.799999999999997,-0.5000000000000004,0.8660254037844384,8.899999999999999,1131.6000000000001
2023-11-07,29.5,21.0,24.0,8.3,14.2,83,1,11,311,4,2023,30.2,21.3,24.5,30.1,20.1,25.0,30.0,20.4,25.0,29.9,20.2,24.8,30.7,16.6,23.7,31.9,19.9,26.0,29.933333333333337,0.37859388972002117,20.799999999999997,24.5,14.799999999999997,30.25714285714286,0.4503966505847465,20.457142857142856,24.642857142857142,22.900000000000002,30.357142857142858,0.5033950669278208,19.392857142857142,24.47857142857143,25.099999999999994,-0.5000000000000004,0.8660254037844384,8.5,1178.6
2023-11-08,29.6,21.2,24.1,9.0,11.2,86,2,11,312,4,2023,29.5,21.0,24.0,30.2,21.3,24.5,30.1,20.1,25.0,30.7,20.1,24.8,30.9,17.1,23.9,32.6,20.8,26.6,29.76666666666667,0.37859388972002117,21.166666666666668,24.2,23.799999999999997,30.099999999999998,0.4618802153526024,20.614285714285717,24.542857142857144,31.900000000000002,30.264285714285716,0.5153149042577082,19.685714285714283,24.49285714285714,34.099999999999994,-0.5000000000000004,0.8660254037844384,8.400000000000002,963.1999999999999
2023-11-09,28.9,20.9,24.3,0.0,11.3,75,3,11,313,4,2023,29.6,21.2,24.1,29.5,21.0,24.0,30.2,21.3,24.5,30.5,19.9,24.5,30.2,17.3,23.6,32.0,21.7,25.9,29.33333333333334,0.3785938897200273,21.03333333333333,24.133333333333336,17.299999999999997,29.87142857142857,0.6047431568154736,20.757142857142856,24.514285714285712,27.400000000000002,30.17142857142857,0.6317601436633752,19.942857142857143,24.54285714285714,34.099999999999994,-0.5000000000000004,0.8660254037844384,8.0,847.5
2023-11-10,29.4,20.7,24.5,0.0,11.1,69,4,11,314,4,2023,28.9,20.9,24.3,29.6,21.2,24.1,29.5,21.0,24.0,30.8,20.4,24.7,30.6,16.6,23.9,33.4,20.6,26.6,29.3,0.3605551275464087,20.93333333333333,24.3,8.999999999999996,29.671428571428574,0.46084807950324946,20.8,24.485714285714288,25.5,30.085714285714285,0.6502746672428813,20.235714285714288,24.585714285714285,34.099999999999994,-0.5000000000000004,0.8660254037844384,8.7,765.9
2023-11-11,29.7,19.1,24.2,0.0,10.5,65,5,11,315,4,2023,29.4,20.7,24.5,28.9,20.9,24.3,29.6,21.2,24.1,30.0,20.4,25.0,30.9,17.0,24.4,32.6,21.6,26.7,29.33333333333334,0.4041451884327463,20.23333333333333,24.333333333333332,0.0,29.62857142857143,0.43861253103603626,20.614285714285717,24.371428571428574,23.8,30.0,0.6126863923618024,20.385714285714283,24.571428571428573,33.99999999999999,-0.5000000000000004,0.8660254037844384,10.599999999999998,682.5
2023-11-12,30.7,19.9,24.8,0.0,11.8,64,6,11,316,4,2023,29.7,19.1,24.2,29.4,20.7,24.5,28.9,20.9,24.3,30.1,20.1,25.0,31.1,20.2,25.1,32.4,21.2,26.6,29.933333333333337,0.6806859285554113,19.9,24.5,0.0,29.714285714285715,0.5814595756336925,20.585714285714285,24.342857142857145,23.8,29.97142857142857,0.5649078501150312,20.364285714285717,24.55,32.199999999999996,-0.5000000000000004,0.8660254037844384,10.8,755.2
2023-11-13,30.0,18.8,24.4,0.0,9.4,64,0,11,317,4,2023,30.7,19.9,24.8,29.7,19.1,24.2,29.4,20.7,24.5,30.2,21.3,24.5,29.6,19.9,24.5,32.0,22.7,26.9,30.133333333333336,0.5131601439446982,19.266666666666666,24.46666666666667,0.0,29.685714285714287,0.5580578567043478,20.228571428571428,24.32857142857143,17.3,30.0,0.5547001962258645,20.285714285714285,24.542857142857144,31.9,-0.5000000000000004,0.8660254037844384,11.2,601.6
2023-11-14,29.7,19.2,24.2,0.0,9.7,68,1,11,318,4,2023,30.0,18.8,24.4,30.7,19.9,24.8,29.7,19.1,24.2,29.5,21.0,24.0,29.9,20.2,24.8,32.3,21.6,26.7,30.133333333333336,0.5131601439446982,19.299999999999997,24.466666666666665,0.0,29.714285714285715,0.5520524474746766,19.971428571428568,24.357142857142858,9.0,29.985714285714288,0.5600235473862503,20.214285714285715,24.5,31.9,-0.5000000000000004,0.8660254037844384,10.5,659.5999999999999
2023-11-15,29.4,18.5,23.8,0.0,11.3,64,2,11,319,4,2023,29.7,19.2,24.2,30.0,18.8,24.4,30.7,19.9,24.8,29.6,21.2,24.1,30.7,20.1,24.8,31.0,22.4,26.6,29.700000000000003,0.30000000000001,18.833333333333332,24.133333333333336,0.0,29.685714285714287,0.563999324552891,19.585714285714285,24.314285714285713,0.0,29.892857142857142,0.5398921341196138,20.099999999999998,24.428571428571427,31.9,-0.5000000000000004,0.8660254037844384,10.899999999999999,723.2
2023-11-16,29.5,18.8,23.6,0.0,10.7,59,3,11,320,4,2023,29.4,18.5,23.8,29.7,19.2,24.2,30.0,18.8,24.4,28.9,20.9,24.3,30.5,19.9,24.5,31.4,21.5,26.4,29.533333333333335,0.1527525231652072,18.83333333333333,23.866666666666664,0.0,29.771428571428572,0.4608480795032367,19.285714285714285,24.214285714285715,0.0,29.821428571428573,0.5191391860630593,20.021428571428572,24.364285714285717,27.4,-0.5000000000000004,0.8660254037844384,10.7,631.3
2023-11-17,29.8,18.2,23.6,0.0,9.6,64,4,11,321,4,2023,29.5,18.8,23.6,29.4,18.5,23.8,29.7,19.2,24.2,29.4,20.7,24.5,30.8,20.4,24.7,31.4,22.0,26.1,29.566666666666674,0.2081665999466239,18.499999999999996,23.666666666666668,0.0,29.828571428571426,0.43094580368666824,18.928571428571427,24.08571428571429,0.0,29.75,0.43633085541288896,19.864285714285717,24.285714285714285,25.499999999999993,-0.5000000000000004,0.8660254037844384,11.600000000000001,614.4
2023-11-18,29.7,18.5,24.0,0.0,10.7,70,5,11,322,4,2023,29.8,18.2,23.6,29.5,18.8,23.6,29.4,18.5,23.8,29.7,19.1,24.2,30.0,20.4,25.0,32.6,20.1,26.3,29.66666666666667,0.15275252316521146,18.499999999999996,23.733333333333334,0.0,29.82857142857143,0.43094580368666824,18.842857142857145,24.057142857142853,0.0,29.728571428571428,0.43043550652270246,19.728571428571428,24.214285714285715,23.799999999999997,-0.5000000000000004,0.8660254037844384,11.2,749.0
2023-11-19,29.8,18.9,24.0,0.0,13.4,70,6,11,323,4,2023,29.7,18.5,24.0,29.8,18.2,23.6,29.5,18.8,23.6,30.7,19.9,24.8,30.1,20.1,25.0,32.3,20.7,26.4,29.76666666666667,0.05773502691901312,18.533333333333328,23.866666666666664,0.0,29.7,0.20000000000219217,18.699999999999996,23.942857142857147,0.0,29.707142857142856,0.4178043077341014,19.642857142857142,24.142857142857142,23.799999999999997,-0.5000000000000004,0.8660254037844384,10.900000000000002,938.0
2023-11-20,29.9,18.5,24.0,0.0,10.7,64,0,11,324,4,2023,29.8,18.9,24.0,29.7,18.5,24.0,29.8,18.2,23.6,30.0,18.8,24.4,30.2,21.3,24.5,31.1,20.8,25.7,29.8,0.10000000000002776,18.63333333333333,24.0,0.0,29.685714285714283,0.17728105208806091,18.657142857142855,23.885714285714283,0.0,29.685714285714287,0.39779612648000034,19.442857142857143,24.107142857142858,17.299999999999997,-0.5000000000000004,0.8660254037844384,11.399999999999999,684.8
2023-11-21,28.8,19.5,24.2,0.9,12.9,74,1,11,325,4,2023,29.9,18.5,24.0,29.8,18.9,24.0,29.7,18.5,24.0,29.7,19.2,24.2,29.5,21.0,24.0,31.5,20.2,25.2,29.500000000000004,0.6082762530298262,18.966666666666665,24.066666666666666,0.8999999999999965,29.557142857142857,0.3779644730104058,18.7,23.88571428571429,0.9,29.635714285714283,0.4617810717672366,19.335714285714285,24.12142857142857,9.899999999999995,-0.5000000000000004,0.8660254037844384,9.3,954.6
2023-11-22,29.0,19.5,24.2,0.9,11.6,79,2,11,326,4,2023,28.8,19.5,24.2,29.9,18.5,24.0,29.8,18.9,24.0,29.4,18.5,23.8,29.6,21.2,24.1,30.7,18.4,24.3,29.233333333333338,0.5859465277082362,19.166666666666664,24.133333333333336,1.7999999999999965,29.5,0.43204937989489484,18.842857142857145,23.942857142857143,1.8,29.592857142857138,0.4921917789373277,19.214285714285715,24.12857142857143,1.7999999999999947,-0.5000000000000004,0.8660254037844384,9.5,916.4
2023-11-23,27.6,20.3,23.3,1.2,17.7,86,3,11,327,4,2023,29.0,19.5,24.2,28.8,19.5,24.2,29.9,18.5,24.0,29.5,18.8,23.6,28.9,20.9,24.3,30.7,16.6,23.7,28.466666666666672,0.757187779440042,19.766666666666666,23.900000000000002,2.9999999999999964,29.228571428571428,0.8380817098480761,19.057142857142857,23.900000000000002,3.0,29.5,0.7081938022456947,19.171428571428574,24.057142857142857,2.9999999999999947,-0.5000000000000004,0.8660254037844384,7.300000000000001,1522.2
2023-11-24,27.1,20.5,23.0,7.2,16.4,86,4,11,328,4,2023,27.6,20.3,23.3,29.0,19.5,24.2,28.8,19.5,24.2,29.8,18.2,23.6,29.4,20.7,24.5,30.9,17.1,23.9,27.900000000000006,0.984885780179616,20.099999999999998,23.5,9.299999999999997,28.842857142857145,1.1088389466125226,19.38571428571429,23.814285714285713,10.2,29.33571428571429,0.9564414356253023,19.157142857142855,23.95,10.199999999999996,-0.5000000000000004,0.8660254037844384,6.600000000000001,1410.3999999999999
2023-11-25,28.6,19.8,23.6,0.0,17.1,78,5,11,329,4,2023,27.1,20.5,23.0,27.6,20.3,23.3,29.0,19.5,24.2,29.7,18.5,24.0,29.7,19.1,24.2,30.2,17.3,23.6,27.766666666666676,0.7637626158259816,20.2,23.3,8.399999999999995,28.685714285714283,1.0431180365117902,19.571428571428573,23.757142857142856,10.2,29.257142857142856,0.9693092589886971,19.207142857142856,23.907142857142862,10.199999999999996,-0.5000000000000004,0.8660254037844384,8.8,1333.8000000000002
2023-11-26,28.4,20.7,23.9,0.2,16.0,77,6,11,330,4,2023,28.6,19.8,23.6,27.1,20.5,23.0,27.6,20.3,23.3,29.8,18.9,24.0,30.7,19.9,24.8,30.6,16.6,23.9,28.033333333333335,0.8144527815247147,20.333333333333332,23.5,7.399999999999997,28.485714285714288,0.9209208641877066,19.82857142857143,23.742857142857144,10.4,29.092857142857145,0.8982583881428143,19.264285714285712,23.842857142857145,10.399999999999995,-0.5000000000000004,0.8660254037844384,7.699999999999999,1232.0
2023-11-27,29.0,19.7,23.9,0.0,13.8,72,0,11,331,4,2023,28.4,20.7,23.9,28.6,19.8,23.6,27.1,20.5,23.0,29.9,18.5,24.0,30.0,18.8,24.4,30.9,17.0,24.4,28.66666666666667,0.3055050463304079,20.066666666666666,23.8,0.19999999999999557,28.357142857142858,0.7345228447943717,20.0,23.728571428571428,10.4,29.021428571428572,0.8594976810539201,19.32857142857143,23.807142857142853,10.399999999999995,-0.5000000000000004,0.8660254037844384,9.3,993.6
2023-11-28,29.5,20.1,23.5,5.9,14.1,78,1,11,332,4,2023,29.0,19.7,23.9,28.4,20.7,23.9,28.6,19.8,23.6,28.8,19.5,24.2,29.7,19.2,24.2,31.1,20.2,25.1,28.96666666666667,0.5507570547286191,20.166666666666664,23.766666666666666,6.099999999999996,28.457142857142856,0.8443086774741448,20.085714285714285,23.62857142857143,15.4,29.00714285714286,0.8489489299805317,19.392857142857142,23.757142857142856,16.299999999999997,-0.5000000000000004,0.8660254037844384,9.399999999999999,1099.8
2023-11-29,28.9,20.0,23.9,0.8,15.5,71,2,11,333,4,2023,29.5,20.1,23.5,29.0,19.7,23.9,28.4,20.7,23.9,29.0,19.5,24.2,29.4,18.5,23.8,29.6,19.9,24.5,29.13333333333334,0.3214550253664449,19.933333333333334,23.766666666666666,6.699999999999996,28.442857142857143,0.8343802947046833,20.157142857142855,23.585714285714285,15.3,28.97142857142857,0.8416362922025499,19.5,23.764285714285712,17.099999999999994,-0.5000000000000004,0.8660254037844384,8.899999999999999,1100.5
2023-11-30,29.3,20.2,24.1,0.0,15.6,73,3,11,334,4,2023,28.9,20.0,23.9,29.5,20.1,23.5,29.0,19.7,23.9,27.6,20.3,23.3,29.5,18.8,23.6,29.9,20.2,24.8,29.233333333333338,0.3055050463304021,20.099999999999998,23.833333333333332,6.699999999999996,28.685714285714287,0.794624799153378,20.142857142857142,23.7,14.100000000000001,28.95714285714286,0.8336336455217388,19.6,23.8,17.099999999999994,-0.5000000000000004,0.8660254037844384,9.100000000000001,1138.8
2023-12-01,29.2,19.2,23.4,0.0,14.4,66,4,12,335,4,2023,29.3,20.2,24.1,28.9,20.0,23.9,29.5,20.1,23.5,27.1,20.5,23.0,29.8,18.2,23.6,30.7,20.1,24.8,29.13333333333334,0.2081665999466327,19.799999999999997,23.799999999999997,0.7999999999999956,28.985714285714288,0.38913824205482495,19.957142857142856,23.757142857142856,6.9,28.914285714285715,0.8017837257377801,19.671428571428574,23.785714285714285,17.099999999999994,-2.4492935982947064e-16,1.0,10.0,950.4
2023-12-02,29.7,17.9,23.7,0.0,14.8,65,5,12,336,4,2023,29.2,19.2,23.4,29.3,20.2,24.1,28.9,20.0,23.9,28.6,19.8,23.6,29.7,18.5,24.0,30.5,19.9,24.5,29.400000000000006,0.2645751311064738,19.099999999999998,23.733333333333334,0.0,29.142857142857142,0.4276179870609715,19.685714285714283,23.771428571428572,6.9,28.914285714285715,0.8017837257377801,19.62857142857143,23.764285714285712,17.099999999999994,-2.4492935982947064e-16,1.0,11.8,962.0
2023-12-03,30.2,19.4,24.5,0.0,16.5,66,6,12,337,4,2023,29.7,17.9,23.7,29.2,19.2,23.4,29.3,20.2,24.1,28.4,20.7,23.9,29.8,18.9,24.0,30.8,20.4,24.7,29.700000000000003,0.5000000000000104,18.833333333333332,23.866666666666664,0.0,29.400000000000002,0.4472135955009761,19.5,23.857142857142858,6.7,28.942857142857143,0.8418973861415765,19.66428571428571,23.8,17.099999999999994,-2.4492935982947064e-16,1.0,10.8,1089.0
2023-12-04,28.0,20.8,23.8,1.0,18.2,71,0,12,338,4,2023,30.2,19.4,24.5,29.7,17.9,23.7,29.2,19.2,23.4,29.0,19.7,23.9,29.9,18.5,24.0,30.0,20.4,25.0,29.3,1.1532562594670828,19.366666666666664,24.0,0.9999999999999956,29.25714285714286,0.6900655593430234,19.657142857142855,23.842857142857138,7.7,28.807142857142853,0.8287750791794808,19.828571428571426,23.785714285714285,18.099999999999994,-2.4492935982947064e-16,1.0,7.199999999999999,1292.2
2023-12-05,25.5,20.6,22.2,6.2,24.2,86,1,12,339,4,2023,28.0,20.8,23.8,30.2,19.4,24.5,29.7,17.9,23.7,29.5,20.1,23.5,28.8,19.5,24.2,30.1,20.1,25.0,27.900000000000006,2.3515952032609673,20.266666666666666,23.5,7.199999999999996,28.685714285714287,1.5614401167179648,19.728571428571428,23.657142857142855,8.0,28.571428571428573,1.211755605867987,19.907142857142855,23.642857142857142,23.4,-2.4492935982947064e-16,1.0,4.899999999999999,2081.2
2023-12-06,28.8,19.5,22.7,3.1,17.7,81,2,12,340,4,2023,25.5,20.6,22.2,28.0,20.8,23.8,30.2,19.4,24.5,28.9,20.0,23.9,29.0,19.5,24.2,30.2,21.3,24.5,27.433333333333337,1.7214335111567096,20.299999999999997,22.900000000000002,10.299999999999995,28.67142857142857,1.5596092306670692,19.657142857142855,23.485714285714288,10.3,28.557142857142857,1.2074858086217093,19.907142857142855,23.535714285714285,25.599999999999994,-2.4492935982947064e-16,1.0,9.3,1433.7
2023-12-07,27.9,18.6,22.3,0.0,11.4,82,3,12,341,4,2023,28.8,19.5,22.7,25.5,20.6,22.2,28.0,20.8,23.8,29.3,20.2,24.1,27.6,20.3,23.3,29.5,21.0,24.0,27.400000000000006,1.7058722109231932,19.566666666666666,22.400000000000002,9.299999999999995,28.471428571428568,1.5553287816563448,19.428571428571427,23.228571428571428,10.3,28.57857142857143,1.1917527953714095,19.785714285714285,23.464285714285715,24.399999999999995,-2.4492935982947064e-16,1.0,9.299999999999997,934.8000000000001
2023-12-08,28.2,16.7,22.2,0.0,11.3,75,4,12,342,4,2023,27.9,18.6,22.3,28.8,19.5,22.7,25.5,20.6,22.2,29.2,19.2,23.4,27.1,20.5,23.0,29.6,21.2,24.1,28.3,0.45825756949557883,18.266666666666662,22.400000000000002,3.0999999999999956,28.328571428571426,1.5228419547177638,19.071428571428573,23.057142857142857,10.3,28.657142857142855,1.120929755374686,19.514285714285712,23.407142857142855,17.199999999999996,-2.4492935982947064e-16,1.0,11.5,847.5
2023-12-09,28.6,17.2,22.7,0.0,9.0,70,5,12,343,4,2023,28.2,16.7,22.2,27.9,18.6,22.3,28.8,19.5,22.7,29.7,17.9,23.7,28.6,19.8,23.6,28.9,20.9,24.3,28.233333333333338,0.3511884584284174,17.5,22.399999999999995,0.0,28.171428571428574,1.410335995090756,18.971428571428568,22.91428571428571,10.3,28.657142857142855,1.120929755374686,19.328571428571426,23.342857142857138,17.199999999999996,-2.4492935982947064e-16,1.0,11.400000000000002,630.0
2023-12-10,28.4,16.8,22.1,0.0,10.5,63,6,12,344,4,2023,28.6,17.2,22.7,28.2,16.7,22.2,27.9,18.6,22.3,30.2,19.4,24.5,28.4,20.7,23.9,29.4,20.7,24.5,28.400000000000006,0.19999999999998808,16.899999999999995,22.333333333333332,0.0,27.91428571428571,1.1111984092694418,18.599999999999998,22.571428571428573,10.3,28.657142857142855,1.120929755374686,19.05,23.214285714285715,16.999999999999996,-2.4492935982947064e-16,1.0,11.599999999999998,661.5
2023-12-11,27.6,16.2,21.5,0.0,10.1,63,0,12,345,4,2023,28.4,16.8,22.1,28.6,17.2,22.7,28.2,16.7,22.2,28.0,20.8,23.8,29.0,19.7,23.9,29.7,19.1,24.2,28.200000000000003,0.5291502622129124,16.73333333333333,22.099999999999998,0.0,27.857142857142858,1.1163290178937002,17.942857142857143,22.242857142857144,9.3,28.557142857142853,1.1500597213354653,18.8,23.042857142857144,16.999999999999996,-2.4492935982947064e-16,1.0,11.400000000000002,636.3
2023-12-12,27.5,15.7,21.2,0.0,9.7,64,1,12,346,4,2023,27.6,16.2,21.5,28.4,16.8,22.1,28.6,17.2,22.7,25.5,20.6,22.2,29.5,20.1,23.5,30.7,19.9,24.8,27.83333333333334,0.4932882862316173,16.23333333333333,21.599999999999998,0.0,28.142857142857142,0.49617585208420995,17.24285714285714,22.099999999999998,3.1,28.41428571428571,1.1481470978244108,18.485714285714288,22.87857142857143,11.099999999999994,-2.4492935982947064e-16,1.0,11.8,620.8
2023-12-13,27.3,15.7,21.2,0.0,11.2,66,2,12,347,4,2023,27.5,15.7,21.2,27.6,16.2,21.5,28.4,16.8,22.1,28.8,19.5,22.7,28.9,20.0,23.9,30.0,18.8,24.4,27.46666666666667,0.15275252316516774,15.866666666666665,21.3,0.0,27.928571428571427,0.48892496259513246,16.7,21.885714285714283,0.0,28.3,1.1753886427643119,18.178571428571427,22.685714285714283,10.299999999999994,-2.4492935982947064e-16,1.0,11.600000000000001,739.1999999999999
2023-12-14,26.4,16.1,20.7,0.0,12.0,67,3,12,348,4,2023,27.3,15.7,21.2,27.5,15.7,21.2,27.6,16.2,21.5,27.9,18.6,22.3,29.3,20.2,24.1,29.7,19.2,24.2,27.066666666666674,0.5859465277082246,15.83333333333333,21.03333333333333,0.0,27.714285714285715,0.7581305327995667,16.342857142857145,21.657142857142855,0.0,28.092857142857138,1.2393945703849885,17.885714285714286,22.442857142857143,10.299999999999994,-2.4492935982947064e-16,1.0,10.299999999999997,804.0
2023-12-15,26.7,16.0,21.3,0.0,9.9,68,4,12,349,4,2023,26.4,16.1,20.7,27.3,15.7,21.2,27.5,15.7,21.2,28.2,16.7,22.2,29.2,19.2,23.4,29.4,18.5,23.8,26.800000000000008,0.4582575694955756,15.933333333333332,21.066666666666666,0.0,27.5,0.8082903768661359,16.242857142857144,21.52857142857143,0.0,27.914285714285715,1.2476791641701017,17.657142857142855,22.29285714285714,10.299999999999994,-2.4492935982947064e-16,1.0,10.7,673.2
2023-12-16,26.6,17.1,22.1,0.0,10.3,75,5,12,350,4,2023,26.7,16.0,21.3,26.4,16.1,20.7,27.3,15.7,21.2,28.6,17.2,22.7,29.7,17.9,23.7,29.5,18.8,23.6,26.566666666666674,0.15275252316516966,16.399999999999995,21.366666666666664,0.0,27.214285714285715,0.701019665508507,16.228571428571428,21.442857142857143,0.0,27.692857142857143,1.179611595604436,17.6,22.178571428571427,10.299999999999994,-2.4492935982947064e-16,1.0,9.5,772.5
2023-12-17,27.3,17.7,22.5,0.0,15.3,64,6,12,351,4,2023,26.6,17.1,22.1,26.7,16.0,21.3,26.4,16.1,20.7,28.4,16.8,22.1,30.2,19.4,24.5,29.8,18.2,23.6,26.866666666666674,0.3785938897200086,16.933333333333334,21.96666666666667,0.0,27.057142857142857,0.47908643220708097,16.357142857142858,21.5,0.0,27.485714285714288,0.9346798241255239,17.478571428571428,22.035714285714285,10.299999999999994,-2.4492935982947064e-16,1.0,9.600000000000001,979.2
2023-12-18,27.1,17.2,21.6,0.0,14.2,58,0,12,352,4,2023,27.3,17.7,22.5,26.6,17.1,22.1,26.7,16.0,21.3,27.6,16.2,21.5,28.0,20.8,23.8,29.7,18.5,24.0,27.000000000000004,0.3605551275463879,17.333333333333332,22.066666666666666,0.0,26.985714285714284,0.4180453381668193,16.5,21.514285714285716,0.0,27.421428571428574,0.9275099596638723,17.22142857142857,21.878571428571426,9.299999999999994,-2.4492935982947064e-16,1.0,9.900000000000002,823.5999999999999
2023-12-19,26.8,16.8,21.2,0.0,12.0,58,1,12,353,4,2023,27.1,17.2,21.6,27.3,17.7,22.5,26.6,17.1,22.1,27.5,15.7,21.2,25.5,20.6,22.2,29.8,18.9,24.0,27.066666666666674,0.25166114784234234,17.23333333333333,21.766666666666666,0.0,26.885714285714283,0.3532165125854373,16.65714285714286,21.514285714285712,0.0,27.514285714285716,0.772465725261801,16.95,21.807142857142857,3.0999999999999948,-2.4492935982947064e-16,1.0,10.0,696.0
2023-12-20,26.9,15.9,20.5,0.0,10.1,56,2,12,354,4,2023,26.8,16.8,21.2,27.1,17.2,21.6,27.3,17.7,22.5,27.3,15.7,21.2,28.8,19.5,22.7,29.9,18.5,24.0,26.933333333333337,0.15275252316517096,16.63333333333333,21.099999999999998,0.0,26.82857142857143,0.30394235042532436,16.685714285714287,21.414285714285715,0.0,27.37857142857143,0.6919076988567336,16.692857142857143,21.650000000000002,0.0,-2.4492935982947064e-16,1.0,10.999999999999998,565.6
2023-12-21,27.9,13.8,20.4,0.0,9.4,56,3,12,355,4,2023,26.9,15.9,20.5,26.8,16.8,21.2,27.1,17.2,21.6,26.4,16.1,20.7,27.9,18.6,22.3,28.8,19.5,24.2,27.200000000000003,0.6082762530298148,15.499999999999998,20.7,0.0,27.042857142857144,0.4466808810828036,16.357142857142858,21.371428571428574,0.0,27.378571428571426,0.6919076988567336,16.35,21.514285714285712,0.0,-2.4492935982947064e-16,1.0,14.099999999999998,526.4
2023-12-22,28.1,13.2,20.5,0.0,10.1,61,4,12,356,4,2023,27.9,13.8,20.4,26.9,15.9,20.5,26.8,16.8,21.2,26.7,16.0,21.3,28.2,16.7,22.2,29.0,19.5,24.2,27.63333333333334,0.6429100507328586,14.299999999999997,20.466666666666665,0.0,27.242857142857144,0.5652643713563537,15.957142857142857,21.25714285714286,0.0,27.37142857142857,0.6832372844145321,16.099999999999998,21.392857142857142,0.0,-2.4492935982947064e-16,1.0,14.900000000000002,616.1
2023-12-23,28.2,16.5,21.3,0.0,13.0,66,5,12,357,4,2023,28.1,13.2,20.5,27.9,13.8,20.4,26.9,15.9,20.5,26.6,17.1,22.1,28.6,17.2,22.7,27.6,20.3,23.3,28.066666666666674,0.15275252316516932,14.499999999999998,20.73333333333333,0.0,27.471428571428568,0.5851332774522541,15.87142857142857,21.142857142857142,0.0,27.342857142857145,0.6345371247124335,16.05,21.292857142857144,0.0,-2.4492935982947064e-16,1.0,11.7,858.0
2023-12-24,28.4,16.1,21.2,0.0,11.3,69,6,12,358,4,2023,28.2,16.5,21.3,28.1,13.2,20.5,27.9,13.8,20.4,27.3,17.7,22.5,28.4,16.8,22.1,27.1,20.5,23.0,28.233333333333338,0.15275252316516932,15.266666666666664,21.0,0.0,27.62857142857143,0.6725927091353292,15.642857142857142,20.95714285714286,0.0,27.342857142857138,0.6345371247124335,16.0,21.228571428571428,0.0,-2.4492935982947064e-16,1.0,12.299999999999997,779.7
2023-12-25,28.3,16.4,21.3,0.0,9.7,74,0,12,359,4,2023,28.4,16.1,21.2,28.2,16.5,21.3,28.1,13.2,20.5,27.1,17.2,21.6,27.6,16.2,21.5,28.6,19.8,23.6,28.3,0.0999999999999647,16.333333333333332,21.266666666666666,0.0,27.800000000000004,0.668331255192887,15.528571428571427,20.914285714285715,0.0,27.392857142857142,0.6821507680349156,16.014285714285712,21.214285714285715,0.0,-2.4492935982947064e-16,1.0,11.900000000000002,717.8
2023-12-26,29.3,16.7,21.6,0.0,8.9,68,1,12,360,4,2023,28.3,16.4,21.3,28.4,16.1,21.2,28.2,16.5,21.3,26.8,16.8,21.2,27.5,15.7,21.2,28.4,20.7,23.9,28.66666666666667,0.5507570547286074,16.399999999999995,21.366666666666664,0.0,28.157142857142855,0.7114706432393949,15.514285714285714,20.97142857142857,0.0,27.521428571428572,0.8523077914870393,16.085714285714285,21.24285714285714,0.0,-2.4492935982947064e-16,1.0,12.600000000000001,605.2
2023-12-27,28.3,16.9,21.7,0.0,10.9,67,2,12,361,4,2023,29.3,16.7,21.6,28.3,16.4,21.3,28.4,16.1,21.2,26.9,15.9,20.5,27.3,15.7,21.2,29.0,19.7,23.9,28.63333333333334,0.5773502691896226,16.66666666666666,21.53333333333333,0.0,28.357142857142858,0.44668088108267373,15.657142857142857,21.142857142857142,0.0,27.592857142857145,0.873951491097844,16.17142857142857,21.278571428571432,0.0,-2.4492935982947064e-16,1.0,11.400000000000002,730.3000000000001
2023-12-28,27.5,15.4,21.3,0.0,12.4,73,3,12,362,4,2023,28.3,16.9,21.7,29.3,16.7,21.6,28.3,16.4,21.3,27.9,13.8,20.4,26.4,16.1,20.7,29.5,20.1,23.5,28.366666666666674,0.9018499505645755,16.333333333333332,21.53333333333333,0.0,28.3,0.5322906474233059,15.885714285714284,21.271428571428572,0.0,27.67142857142857,0.8052028616147464,16.12142857142857,21.321428571428573,0.0,-2.4492935982947064e-16,1.0,12.1,905.2
2023-12-29,27.5,14.3,20.7,0.0,11.8,73,4,12,363,4,2023,27.5,15.4,21.3,28.3,16.9,21.7,29.3,16.7,21.6,28.1,13.2,20.5,26.7,16.0,21.3,28.9,20.0,23.9,27.76666666666667,0.46188021535168666,15.533333333333331,21.233333333333334,0.0,28.214285714285715,0.6121780008811987,16.04285714285714,21.3,0.0,27.728571428571428,0.7579614070032965,16.0,21.278571428571432,0.0,-2.4492935982947064e-16,1.0,13.2,861.4000000000001
2023-12-30,28.0,14.7,21.2,0.0,10.8,67,5,12,364,4,2023,27.5,14.3,20.7,27.5,15.4,21.3,28.3,16.9,21.7,28.2,16.5,21.3,26.6,17.1,22.1,29.3,20.2,24.1,27.66666666666667,0.28867513459481237,14.799999999999997,21.066666666666666,0.0,28.185714285714287,0.6175990377498739,15.785714285714286,21.285714285714285,0.0,27.82857142857143,0.6866065623262598,15.828571428571427,21.214285714285715,0.0,-2.4492935982947064e-16,1.0,13.3,723.6
2023-12-31,27.9,15.1,20.8,0.0,10.0,70,6,12,365,4,2023,28.0,14.7,21.2,27.5,14.3,20.7,27.5,15.4,21.3,28.4,16.1,21.2,27.3,17.7,22.5,29.2,19.2,23.4,27.800000000000008,0.2645751311064578,14.699999999999998,20.900000000000002,0.0,28.114285714285717,0.6175990377498789,15.642857142857142,21.228571428571428,0.0,27.87142857142857,0.6695906573068032,15.64285714285714,21.092857142857145,0.0,-2.4492935982947064e-16,1.0,12.799999999999999,700.0
2024-01-01,27.7,14.7,21.0,0.0,11.4,72,0,1,1,1,2024,27.9,15.1,20.8,28.0,14.7,21.2,27.5,14.3,20.7,28.3,16.4,21.3,27.1,17.2,21.6,29.7,17.9,23.7,27.866666666666674,0.152752523165192,14.833333333333329,21.0,0.0,28.02857142857143,0.6290582530380615,15.399999999999997,21.185714285714283,0.0,27.91428571428571,0.6347102826156568,15.464285714285714,21.050000000000004,0.0,0.49999999999999994,0.8660254037844387,13.0,820.8000000000001
2024-01-02,27.3,14.6,20.5,0.0,12.1,74,1,1,2,1,2024,27.7,14.7,21.0,27.9,15.1,20.8,28.0,14.7,21.2,29.3,16.7,21.6,26.8,16.8,21.2,30.2,19.4,24.5,27.63333333333334,0.30550504633038766,14.799999999999997,20.766666666666666,0.0,27.742857142857144,0.3457221565431483,15.1,21.02857142857143,0.0,27.949999999999996,0.5787918451402893,15.307142857142855,21.0,0.0,0.49999999999999994,0.8660254037844387,12.700000000000001,895.4
2024-01-03,27.1,17.1,21.5,0.0,14.7,70,2,1,3,1,2024,27.3,14.6,20.5,27.7,14.7,21.0,27.9,15.1,20.8,28.3,16.9,21.7,26.9,15.9,20.5,28.0,20.8,23.8,27.36666666666667,0.30550504633038766,15.466666666666663,21.0,0.0,27.571428571428573,0.31997023671273245,15.12857142857143,21.0,0.0,27.964285714285715,0.5527652761799978,15.392857142857142,21.071428571428573,0.0,0.49999999999999994,0.8660254037844387,10.0,1029.0
2024-01-04,27.7,18.2,21.9,0.0,16.6,70,3,1,4,1,2024,27.1,17.1,21.5,27.3,14.6,20.5,27.7,14.7,21.0,27.5,15.4,21.3,27.9,13.8,20.4,25.5,20.6,22.2,27.366666666666674,0.30550504633038766,16.63333333333333,21.3,0.0,27.599999999999998,0.32145502536806053,15.528571428571428,21.085714285714285,0.0,27.95,0.5571217240294222,15.707142857142857,21.178571428571427,0.0,0.49999999999999994,0.8660254037844387,9.5,1162.0
2024-01-05,27.6,17.0,21.3,0.0,15.6,68,4,1,5,1,2024,27.7,18.2,21.9,27.1,17.1,21.5,27.3,14.6,20.5,27.5,14.3,20.7,28.1,13.2,20.5,28.8,19.5,22.7,27.466666666666672,0.32145502536643117,17.43333333333333,21.566666666666666,0.0,27.614285714285717,0.3184785258531842,15.914285714285713,21.17142857142857,0.0,27.914285714285715,0.5627639795724317,15.97857142857143,21.235714285714288,0.0,0.49999999999999994,0.8660254037844387,10.600000000000001,1060.8
2024-01-06,27.9,16.9,21.2,0.0,18.1,70,5,1,6,1,2024,27.6,17.0,21.3,27.7,18.2,21.9,27.1,17.1,21.5,28.0,14.7,21.2,28.2,16.5,21.3,27.9,18.6,22.3,27.733333333333338,0.1527525231651982,17.366666666666664,21.46666666666667,0.0,27.599999999999998,0.3000000000017449,16.22857142857143,21.171428571428574,0.0,27.892857142857142,0.5567270919813052,16.007142857142856,21.228571428571428,0.0,0.49999999999999994,0.8660254037844387,11.0,1267.0
2024-01-07,27.0,17.5,21.0,0.0,17.1,71,6,1,7,1,2024,27.9,16.9,21.2,27.6,17.0,21.3,27.7,18.2,21.9,27.9,15.1,20.8,28.4,16.1,21.2,28.2,16.7,22.2,27.500000000000004,0.4582575694955829,17.13333333333333,21.166666666666668,0.0,27.471428571428568,0.3401680257098612,16.571428571428573,21.2,0.0,27.792857142857144,0.5837073630811944,16.107142857142858,21.214285714285715,0.0,0.49999999999999994,0.8660254037844387,9.5,1214.1000000000001
2024-01-08,27.4,16.5,21.6,0.0,18.5,66,0,1,8,1,2024,27.0,17.5,21.0,27.9,16.9,21.2,27.6,17.0,21.3,27.7,14.7,21.0,28.3,16.4,21.3,28.6,17.2,22.7,27.433333333333337,0.4509249752822875,16.966666666666665,21.266666666666666,0.0,27.428571428571427,0.3251373336228075,16.82857142857143,21.285714285714285,0.0,27.72857142857143,0.573019762619554,16.114285714285714,21.235714285714288,0.0,0.49999999999999994,0.8660254037844387,10.899999999999999,1221.0
2024-01-09,28.3,17.0,22.0,0.0,19.4,62,1,1,9,1,2024,27.4,16.5,21.6,27.0,17.5,21.0,27.9,16.9,21.2,27.3,14.6,20.5,29.3,16.7,21.6,28.4,16.8,22.1,27.566666666666674,0.6658328118479402,16.999999999999996,21.53333333333333,0.0,27.571428571428573,0.4535573676122297,17.17142857142857,21.5,0.0,27.657142857142855,0.3975197831843164,16.135714285714283,21.264285714285716,0.0,0.49999999999999994,0.8660254037844387,11.3,1202.8
2024-01-10,26.0,17.6,21.8,0.5,11.4,69,2,1,10,1,2024,28.3,17.0,22.0,27.4,16.5,21.6,27.0,17.5,21.0,27.1,17.1,21.5,28.3,16.9,21.7,27.6,16.2,21.5,27.233333333333338,1.1590225767142468,17.033333333333328,21.8,0.49999999999999556,27.414285714285715,0.7425823667645475,17.24285714285714,21.542857142857144,0.5,27.49285714285714,0.5553436714391697,16.185714285714287,21.27142857142857,0.49999999999999467,0.49999999999999994,0.8660254037844387,8.399999999999999,786.6
2024-01-11,29.5,17.7,23.2,0.0,11.0,63,3,1,11,1,2024,26.0,17.6,21.8,28.3,17.0,22.0,27.4,16.5,21.6,27.7,18.2,21.9,27.5,15.4,21.3,27.5,15.7,21.2,27.933333333333337,1.7785762095938797,17.433333333333334,22.333333333333332,0.49999999999999556,27.671428571428574,1.0889050857238778,17.17142857142857,21.728571428571428,0.5,27.635714285714283,0.7722167320899042,16.35,21.407142857142862,0.49999999999999467,0.49999999999999994,0.8660254037844387,11.8,693.0
2024-01-12,30.0,18.6,23.5,0.0,10.0,65,4,1,12,1,2024,29.5,17.7,23.2,26.0,17.6,21.8,28.3,17.0,22.0,27.6,17.0,21.3,27.5,14.3,20.7,27.3,15.7,21.2,28.500000000000004,2.1794494717703365,17.966666666666665,22.833333333333332,0.49999999999999556,28.014285714285716,1.3969354213526037,17.400000000000002,22.042857142857144,0.5,27.814285714285713,0.9952635080974098,16.657142857142855,21.607142857142858,0.49999999999999467,0.49999999999999994,0.8660254037844387,11.399999999999999,650.0
2024-01-13,30.0,17.6,23.4,0.0,9.4,69,5,1,13,1,2024,30.0,18.6,23.5,29.5,17.7,23.2,26.0,17.6,21.8,27.9,16.9,21.2,28.0,14.7,21.2,26.4,16.1,20.7,29.83333333333334,0.2886751345948116,17.966666666666665,23.366666666666664,0.0,28.314285714285717,1.581590519518104,17.5,22.357142857142858,0.5,27.957142857142856,1.1547322604861667,16.864285714285717,21.764285714285712,0.49999999999999467,0.49999999999999994,0.8660254037844387,12.399999999999999,648.6
2024-01-14,30.3,17.6,23.6,0.0,8.4,60,6,1,14,1,2024,30.0,17.6,23.4,30.0,18.6,23.5,29.5,17.7,23.2,27.0,17.5,21.0,27.9,15.1,20.8,26.7,16.0,21.3,30.100000000000005,0.17320508075688762,17.933333333333334,23.5,0.0,28.785714285714285,1.6159915134150604,17.514285714285712,22.728571428571428,0.5,28.12857142857143,1.3129113693380627,17.042857142857144,21.964285714285715,0.49999999999999467,0.49999999999999994,0.8660254037844387,12.7,504.0
2024-01-15,29.2,17.3,23.5,0.0,9.0,58,0,1,15,1,2024,30.3,17.6,23.6,30.0,17.6,23.4,30.0,18.6,23.5,27.4,16.5,21.6,27.7,14.7,21.0,26.6,17.1,22.1,29.83333333333334,0.5686240703077345,17.499999999999996,23.5,0.0,29.042857142857144,1.4976171549692,17.62857142857143,23.0,0.5,28.235714285714288,1.3362445324678873,17.228571428571428,22.142857142857142,0.49999999999999467,0.49999999999999994,0.8660254037844387,11.899999999999999,522.0
2024-01-16,29.8,18.3,23.7,0.0,11.3,63,1,1,16,1,2024,29.2,17.3,23.5,30.3,17.6,23.6,30.0,17.6,23.4,28.3,17.0,22.0,27.3,14.6,20.5,27.3,17.7,22.5,29.76666666666667,0.5507570547286126,17.73333333333333,23.600000000000005,0.0,29.257142857142856,1.4808298831594462,17.814285714285713,23.24285714285714,0.5,28.414285714285715,1.368242636409481,17.492857142857144,22.37142857142857,0.49999999999999467,0.49999999999999994,0.8660254037844387,11.5,711.9000000000001
2024-01-17,29.8,17.7,23.6,0.0,14.0,63,2,1,17,1,2024,29.8,18.3,23.7,29.2,17.3,23.5,30.3,17.6,23.6,26.0,17.6,21.8,27.1,17.1,21.5,27.1,17.2,21.6,29.600000000000005,0.3464101615137808,17.766666666666662,23.599999999999998,0.0,29.8,0.36055512754753316,17.82857142857143,23.5,0.0,28.607142857142858,1.358995265580042,17.535714285714285,22.52142857142857,0.49999999999999467,0.49999999999999994,0.8660254037844387,12.100000000000001,882.0
2024-01-18,28.6,18.1,22.8,0.0,12.7,62,3,1,18,1,2024,29.8,17.7,23.6,29.8,18.3,23.7,29.2,17.3,23.5,29.5,17.7,23.2,27.7,18.2,21.9,26.8,16.8,21.2,29.400000000000006,0.692820323027551,18.033333333333328,23.366666666666664,0.0,29.67142857142857,0.5794085654485244,17.885714285714286,23.442857142857143,0.0,28.671428571428574,1.3338369012445672,17.52857142857143,22.585714285714285,0.49999999999999467,0.49999999999999994,0.8660254037844387,10.5,787.4
2024-01-19,29.9,17.0,23.8,0.0,13.9,60,4,1,19,1,2024,28.6,18.1,22.8,29.8,17.7,23.6,29.8,18.3,23.7,30.0,18.6,23.5,27.6,17.0,21.3,26.9,15.9,20.5,29.433333333333337,0.7234178138070231,17.599999999999998,23.400000000000002,0.0,29.657142857142855,0.5711308748363274,17.657142857142855,23.485714285714288,0.0,28.835714285714285,1.3333630949062432,17.52857142857143,22.764285714285712,0.49999999999999467,0.49999999999999994,0.8660254037844387,12.899999999999999,834.0
2024-01-20,29.0,18.9,23.5,0.0,14.0,61,5,1,20,1,2024,29.9,17.0,23.8,28.6,18.1,22.8,29.8,17.7,23.6,30.0,17.6,23.4,27.9,16.9,21.2,27.9,13.8,20.4,29.16666666666667,0.6658328118479387,17.999999999999996,23.366666666666664,0.0,29.514285714285712,0.5956189257929545,17.842857142857145,23.5,0.0,28.914285714285715,1.3061141090788622,17.67142857142857,22.928571428571427,0.49999999999999467,0.49999999999999994,0.8660254037844387,10.100000000000001,854.0
2024-01-21,30.1,18.2,23.9,0.0,13.4,60,6,1,21,1,2024,29.0,18.9,23.5,29.9,17.0,23.8,28.6,18.1,22.8,30.3,17.6,23.6,27.0,17.5,21.0,28.1,13.2,20.5,29.66666666666667,0.5859465277082305,18.03333333333333,23.733333333333334,0.0,29.485714285714288,0.5550632739572037,17.928571428571427,23.542857142857144,0.0,29.13571428571429,1.2163040756309191,17.72142857142857,23.135714285714283,0.49999999999999467,0.49999999999999994,0.8660254037844387,11.900000000000002,804.0
2024-01-22,31.0,20.3,24.6,0.0,13.1,61,0,1,22,1,2024,30.1,18.2,23.9,29.0,18.9,23.5,29.9,17.0,23.8,29.2,17.3,23.5,27.4,16.5,21.6,28.2,16.5,21.3,30.033333333333342,1.0016652800877794,19.13333333333333,24.0,0.0,29.74285714285714,0.774289228599128,18.357142857142858,23.7,0.0,29.392857142857142,1.201578631963785,17.992857142857144,23.349999999999998,0.49999999999999467,0.49999999999999994,0.8660254037844387,10.7,799.1
2024-01-23,30.7,19.0,24.7,0.0,17.4,62,1,1,23,1,2024,31.0,20.3,24.6,30.1,18.2,23.9,29.0,18.9,23.5,29.8,18.3,23.7,28.3,17.0,22.0,28.4,16.1,21.2,30.600000000000005,0.45825756949557594,19.16666666666666,24.400000000000002,0.0,29.871428571428574,0.8557925872439897,18.457142857142856,23.842857142857145,0.0,29.564285714285717,1.2048665057607133,18.135714285714286,23.54285714285714,0.49999999999999467,0.49999999999999994,0.8660254037844387,11.7,1078.8
2024-01-24,29.6,19.2,24.4,0.0,13.5,65,2,1,24,1,2024,30.7,19.0,24.7,31.0,20.3,24.6,30.1,18.2,23.9,29.8,17.7,23.6,26.0,17.6,21.8,28.3,16.4,21.3,30.433333333333337,0.7371114795831939,19.499999999999996,24.566666666666666,0.0,29.842857142857145,0.8618916073718058,18.67142857142857,23.95714285714286,0.0,29.821428571428573,0.6350997152828489,18.25,23.728571428571428,0.0,0.49999999999999994,0.8660254037844387,10.400000000000002,877.5
2024-01-25,28.3,18.1,22.7,0.0,12.3,70,3,1,25,1,2024,29.6,19.2,24.4,30.7,19.0,24.7,31.0,20.3,24.6,28.6,18.1,22.8,29.5,17.7,23.2,29.3,16.7,21.6,29.533333333333335,1.2013880860626682,18.766666666666666,23.933333333333334,0.0,29.8,0.9380831519651216,18.67142857142857,23.942857142857143,0.0,29.735714285714288,0.7520302191735161,18.27857142857143,23.692857142857143,0.0,0.49999999999999994,0.8660254037844387,10.2,861.0
2024-01-26,29.6,17.8,23.1,0.0,10.9,66,4,1,26,1,2024,28.3,18.1,22.7,29.6,19.2,24.4,30.7,19.0,24.7,29.9,17.0,23.8,30.0,18.6,23.5,28.3,16.9,21.7,29.16666666666667,0.750555349946505,18.366666666666664,23.399999999999995,0.0,29.75714285714286,0.939604780137886,18.785714285714285,23.842857142857138,0.0,29.70714285714286,0.7488085774849302,18.22142857142857,23.66428571428571,0.0,0.49999999999999994,0.8660254037844387,11.8,719.4
2024-01-27,29.0,17.5,22.7,0.0,12.6,68,5,1,27,1,2024,29.6,17.8,23.1,28.3,18.1,22.7,29.6,19.2,24.4,29.0,18.9,23.5,30.0,17.6,23.4,27.5,15.4,21.3,28.966666666666672,0.6506407098647595,17.799999999999997,22.833333333333332,0.0,29.75714285714286,0.939604780137886,18.585714285714285,23.728571428571428,0.0,29.63571428571429,0.7662166221693697,18.214285714285715,23.614285714285717,0.0,0.49999999999999994,0.8660254037844387,11.5,856.8
2024-01-28,29.1,16.4,22.4,0.0,10.9,60,6,1,28,1,2024,29.0,17.5,22.7,29.6,17.8,23.1,28.3,18.1,22.7,30.1,18.2,23.9,30.3,17.6,23.6,27.5,14.3,20.7,29.233333333333338,0.32145502536641096,17.23333333333333,22.733333333333334,0.0,29.614285714285717,0.954687682663503,18.32857142857143,23.514285714285712,0.0,29.55,0.7531983087530322,18.128571428571426,23.52857142857143,0.0,0.49999999999999994,0.8660254037844387,12.700000000000003,654.0
2024-01-29,29.2,15.9,22.2,0.0,11.1,64,0,1,29,1,2024,29.1,16.4,22.4,29.0,17.5,22.7,29.6,17.8,23.1,31.0,20.3,24.6,29.2,17.3,23.5,28.0,14.7,21.2,29.100000000000005,0.09999999999992447,16.599999999999998,22.433333333333334,0.0,29.357142857142858,0.7367883976135957,17.7,23.17142857142857,0.0,29.550000000000004,0.7531983087530322,18.02857142857143,23.435714285714283,0.0,0.49999999999999994,0.8660254037844387,13.299999999999999,710.4
2024-01-30,29.3,16.6,22.5,0.0,13.2,63,1,1,30,1,2024,29.2,15.9,22.2,29.1,16.4,22.4,29.0,17.5,22.7,30.7,19.0,24.7,29.8,18.3,23.7,27.9,15.1,20.8,29.200000000000003,0.09999999999992669,16.299999999999994,22.366666666666664,0.0,29.157142857142862,0.4429339411146609,17.357142857142858,22.857142857142858,0.0,29.514285714285712,0.7522858937497136,17.907142857142855,23.349999999999998,0.0,0.49999999999999994,0.8660254037844387,12.7,831.5999999999999
2024-01-31,30.8,16.8,23.1,0.0,12.9,55,2,1,31,1,2024,29.3,16.6,22.5,29.2,15.9,22.2,29.1,16.4,22.4,29.6,19.2,24.4,29.8,17.7,23.6,27.7,14.7,21.0,29.76666666666667,0.896288643983243,16.433333333333326,22.600000000000005,0.0,29.32857142857143,0.7609517849696458,17.014285714285716,22.67142857142857,0.0,29.585714285714285,0.8254203058560003,17.842857142857145,23.314285714285713,0.0,0.49999999999999994,0.8660254037844387,14.0,709.5
2024-02-01,31.1,18.3,23.9,0.0,14.3,57,3,2,32,1,2024,30.8,16.8,23.1,29.3,16.6,22.5,29.2,15.9,22.2,28.3,18.1,22.7,28.6,18.1,22.8,27.3,14.6,20.5,30.400000000000006,0.9643650760992909,17.23333333333333,23.166666666666668,0.0,29.72857142857143,0.8596787882973781,17.042857142857144,22.842857142857145,0.0,29.764285714285712,0.8652319767710198,17.857142857142858,23.392857142857142,0.0,0.8660254037844386,0.5000000000000001,12.8,815.1
2024-02-02,30.8,17.1,24.1,0.0,9.3,60,4,2,33,1,2024,31.1,18.3,23.9,30.8,16.8,23.1,29.3,16.6,22.5,29.6,17.8,23.1,29.9,17.0,23.8,27.1,17.1,21.5,30.900000000000006,0.17320508075687363,17.399999999999995,23.7,0.0,29.9,0.9451631252509509,16.942857142857143,22.985714285714288,0.0,29.82857142857143,0.9084463249281332,17.864285714285714,23.414285714285715,0.0,0.8660254037844386,0.5000000000000001,13.7,558.0
2024-02-03,29.9,19.4,24.4,0.2,13.0,67,5,2,34,1,2024,30.8,17.1,24.1,31.1,18.3,23.9,30.8,16.8,23.1,29.0,17.5,22.7,29.0,18.9,23.5,27.7,18.2,21.9,30.600000000000005,0.6244997998398352,18.266666666666662,24.133333333333336,0.19999999999999557,30.02857142857143,0.8596787882973599,17.214285714285715,23.228571428571428,0.2,29.892857142857142,0.8765880408762674,17.900000000000002,23.478571428571428,0.19999999999999468,0.8660254037844386,0.5000000000000001,10.5,871.0
2024-02-04,31.3,20.4,25.2,0.0,10.8,61,6,2,35,1,2024,29.9,19.4,24.4,30.8,17.1,24.1,31.1,18.3,23.9,29.1,16.4,22.4,30.1,18.2,23.9,27.6,17.0,21.3,30.66666666666667,0.7094598884597549,18.96666666666666,24.566666666666666,0.19999999999999557,30.342857142857145,0.865750431431931,17.785714285714285,23.628571428571426,0.2,29.978571428571428,0.9536799748899967,18.057142857142857,23.571428571428566,0.19999999999999468,0.8660254037844386,0.5000000000000001,10.900000000000002,658.8000000000001
2024-02-05,32.4,19.0,25.8,0.0,9.6,59,0,2,36,1,2024,31.3,20.4,25.2,29.9,19.4,24.4,30.8,17.1,24.1,29.2,15.9,22.2,31.0,20.3,24.6,27.9,16.9,21.2,31.200000000000006,1.2529964086141663,19.599999999999994,25.133333333333336,0.19999999999999557,30.800000000000004,0.9966610925154299,18.22857142857143,24.142857142857142,0.2,30.078571428571426,1.1267233442625453,17.964285714285715,23.657142857142855,0.19999999999999468,0.8660254037844386,0.5000000000000001,13.399999999999999,566.4
2024-02-06,32.8,20.2,26.5,0.0,10.8,54,1,2,37,1,2024,32.4,19.0,25.8,31.3,20.4,25.2,29.9,19.4,24.4,29.3,16.6,22.5,30.7,19.0,24.7,27.0,17.5,21.0,32.166666666666664,0.7767453465154062,19.86666666666666,25.833333333333332,0.0,31.3,0.9966610925154039,18.74285714285714,24.714285714285715,0.2,30.228571428571428,1.3361417309834271,18.05,23.785714285714285,0.19999999999999468,0.8660254037844386,0.5000000000000001,12.599999999999998,583.2
2024-02-07,33.4,20.3,26.8,0.0,9.2,54,2,2,38,1,2024,32.8,20.2,26.5,32.4,19.0,25.8,31.3,20.4,25.2,30.8,16.8,23.1,29.6,19.2,24.4,27.4,16.5,21.6,32.86666666666667,0.5033222956847296,19.83333333333333,26.366666666666664,0.0,31.671428571428574,1.235198075498385,19.24285714285714,25.242857142857144,0.2,30.5,1.5650018432038366,18.12857142857143,23.957142857142856,0.19999999999999468,0.8660254037844386,0.5000000000000001,13.099999999999998,496.79999999999995
2024-02-08,33.1,20.6,26.7,0.0,9.9,52,3,2,39,1,2024,33.4,20.3,26.8,32.8,20.2,26.5,32.4,19.0,25.8,31.1,18.3,23.9,28.3,18.1,22.7,28.3,17.0,22.0,33.1,0.30000000000002647,20.366666666666664,26.666666666666668,0.0,31.957142857142856,1.3100345324422091,19.571428571428573,25.642857142857142,0.2,30.842857142857145,1.5717282431547361,18.307142857142857,24.24285714285714,0.19999999999999468,0.8660254037844386,0.5000000000000001,12.5,514.8000000000001
2024-02-09,32.4,19.3,25.7,0.0,15.5,49,4,2,40,1,2024,33.1,20.6,26.7,33.4,20.3,26.8,32.8,20.2,26.5,30.8,17.1,24.1,29.6,17.8,23.1,26.0,17.6,21.8,32.96666666666667,0.513160143944702,20.066666666666663,26.400000000000002,0.0,32.18571428571429,1.2102734834583813,19.885714285714283,25.87142857142857,0.2,31.04285714285714,1.5795395072443228,18.414285714285715,24.428571428571423,0.19999999999999468,0.8660254037844386,0.5000000000000001,13.099999999999998,759.5
2024-02-10,32.3,20.5,25.8,0.0,17.9,62,5,2,41,1,2024,32.4,19.3,25.7,33.1,20.6,26.7,33.4,20.3,26.8,29.9,19.4,24.4,29.0,17.5,22.7,29.5,17.7,23.2,32.6,0.4358898943540791,20.13333333333333,26.066666666666666,0.0,32.528571428571425,0.6775305299749715,20.04285714285714,26.071428571428573,0.0,31.27857142857143,1.4952121390156978,18.62857142857143,24.65,0.19999999999999468,0.8660254037844386,0.5000000000000001,11.799999999999997,1109.8
2024-02-11,32.7,19.8,25.8,0.0,18.2,61,6,2,42,1,2024,32.3,20.5,25.8,32.4,19.3,25.7,33.1,20.6,26.7,31.3,20.4,25.2,29.1,16.4,22.4,30.0,18.6,23.5,32.466666666666676,0.20816659994663292,19.866666666666664,25.766666666666666,0.0,32.72857142857143,0.40708019567993603,19.957142857142856,26.157142857142862,0.0,31.535714285714285,1.3981345499560305,18.871428571428574,24.892857142857142,0.19999999999999468,0.8660254037844386,0.5000000000000001,12.900000000000002,1110.2
2024-02-12,32.0,19.0,25.0,0.0,14.8,58,0,2,43,1,2024,32.7,19.8,25.8,32.3,20.5,25.8,32.4,19.3,25.7,32.4,19.0,25.8,29.2,15.9,22.2,30.0,17.6,23.4,32.333333333333336,0.3511884584284335,19.766666666666662,25.53333333333333,0.0,32.67142857142857,0.4820590756136494,19.957142857142856,26.042857142857144,0.0,31.735714285714284,1.228261524931431,19.092857142857145,25.092857142857145,0.19999999999999468,0.8660254037844386,0.5000000000000001,13.0,858.4000000000001
2024-02-13,32.3,18.0,24.6,0.0,14.7,54,1,2,44,1,2024,32.0,19.0,25.0,32.7,19.8,25.8,32.3,20.5,25.8,32.8,20.2,26.5,29.3,16.6,22.5,30.3,17.6,23.6,32.333333333333336,0.3511884584284335,18.933333333333326,25.133333333333336,0.0,32.6,0.4966554808589218,19.642857142857142,25.771428571428572,0.0,31.95,1.0135618838078817,19.192857142857143,25.242857142857144,0.19999999999999468,0.8660254037844386,0.5000000000000001,14.299999999999997,793.8
2024-02-14,32.6,18.9,25.0,0.0,13.3,53,2,2,45,1,2024,32.3,18.0,24.6,32.0,19.0,25.0,32.7,19.8,25.8,33.4,20.3,26.8,30.8,16.8,23.1,29.2,17.3,23.5,32.300000000000004,0.3000000000000075,18.63333333333333,24.86666666666667,0.0,32.48571428571428,0.3532165125846404,19.442857142857143,25.514285714285712,0.0,32.07857142857143,0.9696776398758518,19.342857142857145,25.37857142857143,0.19999999999999468,0.8660254037844386,0.5000000000000001,13.700000000000003,704.9000000000001
2024-02-15,32.3,18.2,24.8,0.0,14.3,49,3,2,46,1,2024,32.6,18.9,25.0,32.3,18.0,24.6,32.0,19.0,25.0,33.1,20.6,26.7,31.1,18.3,23.9,29.8,18.3,23.7,32.400000000000006,0.17320508075690444,18.36666666666666,24.8,0.0,32.371428571428574,0.22886885410975555,19.1,25.24285714285714,0.0,32.16428571428571,0.928693990221211,19.335714285714285,25.442857142857147,0.19999999999999468,0.8660254037844386,0.5000000000000001,14.099999999999998,700.7
2024-02-16,32.0,16.7,24.0,0.0,16.7,43,4,2,47,1,2024,32.3,18.2,24.8,32.6,18.9,25.0,32.3,18.0,24.6,32.4,19.3,25.7,30.8,17.1,24.1,29.8,17.7,23.6,32.300000000000004,0.3000000000000113,17.933333333333326,24.599999999999998,0.0,32.31428571428571,0.2672612419134818,18.728571428571428,25.0,0.0,32.25,0.8446665250038005,19.307142857142857,25.435714285714287,0.19999999999999468,0.8660254037844386,0.5000000000000001,15.3,718.1
2024-02-17,33.0,17.2,24.6,0.0,14.6,35,5,2,48,1,2024,32.0,16.7,24.0,32.3,18.2,24.8,32.6,18.9,25.0,32.3,20.5,25.8,29.9,19.4,24.4,28.6,18.1,22.8,32.43333333333334,0.5131601439446931,17.36666666666666,24.46666666666667,0.0,32.41428571428572,0.37161167647935134,18.257142857142856,24.82857142857143,0.0,32.471428571428575,0.5283189180043701,19.15,25.45,0.0,0.8660254037844386,0.5000000000000001,15.8,511.0
2024-02-18,33.5,17.7,25.8,0.0,19.5,32,6,2,49,1,2024,33.0,17.2,24.6,32.0,16.7,24.0,32.3,18.2,24.8,32.7,19.8,25.8,31.3,20.4,25.2,29.9,17.0,23.8,32.833333333333336,0.7637626158259733,17.199999999999992,24.8,0.0,32.528571428571425,0.5529143565823114,17.957142857142856,24.828571428571426,0.0,32.628571428571426,0.4778615367991626,18.95714285714286,25.492857142857144,0.0,0.8660254037844386,0.5000000000000001,15.8,624.0
2024-02-19,33.6,18.5,26.1,0.0,16.2,37,0,2,50,1,2024,33.5,17.7,25.8,33.0,17.2,24.6,32.0,16.7,24.0,32.0,19.0,25.0,32.4,19.0,25.8,29.0,18.9,23.5,33.36666666666667,0.32145502536642995,17.799999999999994,25.5,0.0,32.75714285714285,0.6241184258811266,17.885714285714283,24.985714285714288,0.0,32.714285714285715,0.5375974228094722,18.921428571428574,25.514285714285716,0.0,0.8660254037844386,0.5000000000000001,15.100000000000001,599.4
2024-02-20,33.4,19.7,26.7,0.0,12.7,40,1,2,51,1,2024,33.6,18.5,26.1,33.5,17.7,25.8,33.0,17.2,24.6,32.3,18.0,24.6,32.8,20.2,26.5,30.1,18.2,23.9,33.50000000000001,0.09999999999999602,18.63333333333333,26.2,0.0,32.91428571428572,0.6283008075455703,18.128571428571426,25.285714285714285,0.0,32.75714285714286,0.5680117627635487,18.885714285714283,25.528571428571432,0.0,0.8660254037844386,0.5000000000000001,13.7,508.0
2024-02-21,33.3,19.9,26.8,0.0,15.5,39,2,2,52,1,2024,33.4,19.7,26.7,33.6,18.5,26.1,33.5,17.7,25.8,32.6,18.9,25.0,33.4,20.3,26.8,31.0,20.3,24.6,33.43333333333334,0.15275252316519253,19.36666666666666,26.533333333333335,0.0,33.01428571428572,0.6256425268706349,18.271428571428572,25.542857142857144,0.0,32.75,0.5598763599777461,18.857142857142858,25.528571428571432,0.0,0.8660254037844386,0.5000000000000001,13.399999999999999,604.5
2024-02-22,33.0,19.0,25.9,0.0,12.8,39,3,2,53,1,2024,33.3,19.9,26.8,33.4,19.7,26.7,33.6,18.5,26.1,32.3,18.2,24.8,33.1,20.6,26.7,30.7,19.0,24.7,33.23333333333334,0.20816659994660466,19.533333333333328,26.466666666666665,0.0,33.114285714285714,0.5429197958836979,18.385714285714283,25.699999999999996,0.0,32.74285714285714,0.5556898494588524,18.74285714285714,25.47142857142857,0.0,0.8660254037844386,0.5000000000000001,14.0,499.20000000000005
2024-02-23,32.6,19.3,25.6,0.0,14.2,42,4,2,54,1,2024,33.0,19.0,25.9,33.3,19.9,26.8,33.4,19.7,26.7,32.0,16.7,24.0,32.4,19.3,25.7,29.6,19.2,24.4,32.96666666666667,0.3511884584284126,19.399999999999995,26.099999999999998,0.0,33.2,0.3511884584291114,18.75714285714286,25.928571428571427,0.0,32.75714285714286,0.5487247954114084,18.74285714285714,25.46428571428572,0.0,0.8660254037844386,0.5000000000000001,13.3,596.4
2024-02-24,33.7,18.7,26.8,0.1,20.7,59,5,2,55,1,2024,32.6,19.3,25.6,33.0,19.0,25.9,33.3,19.9,26.8,33.0,17.2,24.6,32.3,20.5,25.8,28.3,18.1,22.7,33.10000000000001,0.5567764362829962,18.999999999999996,26.100000000000005,0.09999999999999556,33.3,0.3829708431031538,18.971428571428568,26.24285714285714,0.1,32.857142857142854,0.5853523405930304,18.614285714285717,25.535714285714285,0.09999999999999468,0.8660254037844386,0.5000000000000001,15.000000000000004,1221.3
2024-02-25,32.0,22.3,26.3,0.4,15.9,67,6,2,56,1,2024,33.7,18.7,26.8,32.6,19.3,25.6,33.0,19.0,25.9,33.5,17.7,25.8,32.7,19.8,25.8,29.6,17.8,23.1,32.76666666666667,0.8621678104251701,20.099999999999994,26.233333333333334,0.49999999999999556,33.08571428571428,0.6067085281218092,19.62857142857143,26.314285714285717,0.5,32.80714285714286,0.6281404616491625,18.792857142857144,25.571428571428573,0.49999999999999467,0.8660254037844386,0.5000000000000001,9.7,1065.3
2024-02-26,32.3,20.7,26.1,0.1,19.9,61,0,2,57,1,2024,32.0,22.3,26.3,33.7,18.7,26.8,32.6,19.3,25.6,33.6,18.5,26.1,32.0,19.0,25.0,29.0,17.5,22.7,32.66666666666667,0.9073771725877476,20.566666666666663,26.400000000000002,0.5999999999999955,32.9,0.6218252702063312,19.942857142857143,26.314285714285713,0.6,32.82857142857143,0.603105516254531,18.914285714285715,25.650000000000002,0.5999999999999946,0.8660254037844386,0.5000000000000001,11.599999999999998,1213.8999999999999
2024-02-27,33.4,19.6,26.1,0.0,14.6,56,1,2,58,1,2024,32.3,20.7,26.1,32.0,22.3,26.3,33.7,18.7,26.8,33.4,19.7,26.7,32.3,18.0,24.6,29.1,16.4,22.4,32.56666666666667,0.7371114795831986,20.86666666666666,26.166666666666668,0.49999999999999556,32.9,0.6218252702063312,19.928571428571427,26.228571428571428,0.6,32.90714285714286,0.600594943131105,19.02857142857143,25.757142857142856,0.5999999999999946,0.8660254037844386,0.5000000000000001,13.799999999999997,817.6
2024-02-28,32.9,20.3,25.6,0.0,12.8,48,2,2,59,1,2024,33.4,19.6,26.1,32.3,20.7,26.1,32.0,22.3,26.3,33.3,19.9,26.8,32.6,18.9,25.0,29.2,15.9,22.2,32.86666666666667,0.5507570547286054,20.199999999999996,25.933333333333337,0.09999999999999556,32.84285714285714,0.596816953672557,19.985714285714288,26.057142857142857,0.6,32.92857142857143,0.5941102868722266,19.12857142857143,25.8,0.5999999999999946,0.8660254037844386,0.5000000000000001,12.599999999999998,614.4000000000001
2024-02-29,33.7,19.7,26.1,0.0,13.4,45,3,2,60,1,2024,32.9,20.3,25.6,33.4,19.6,26.1,32.3,20.7,26.1,33.0,19.0,25.9,32.3,18.2,24.8,29.3,16.6,22.5,33.333333333333336,0.4041451884327159,19.866666666666664,25.933333333333334,0.0,32.94285714285714,0.6803360514169821,20.085714285714285,26.08571428571429,0.6,33.02857142857143,0.597981954228361,19.235714285714288,25.892857142857142,0.5999999999999946,0.8660254037844386,0.5000000000000001,14.000000000000004,603.0
2024-03-01,34.3,20.3,27.1,0.0,17.0,44,4,3,61,1,2024,33.7,19.7,26.1,32.9,20.3,25.6,33.4,19.6,26.1,32.6,19.3,25.6,32.0,16.7,24.0,30.8,16.8,23.1,33.63333333333334,0.7023769168568305,20.099999999999994,26.26666666666667,0.0,33.18571428571428,0.8254868693256472,20.228571428571428,26.3,0.6,33.19285714285714,0.6094944761717234,19.492857142857144,26.11428571428571,0.5999999999999946,1.0,6.123233995736766e-17,13.999999999999996,748.0
2024-03-02,35.4,20.7,28.0,0.0,15.0,38,5,3,62,1,2024,34.3,20.3,27.1,33.7,19.7,26.1,32.9,20.3,25.6,33.7,18.7,26.8,33.0,17.2,24.6,31.1,18.3,23.9,34.46666666666667,0.8621678104251412,20.23333333333333,27.066666666666666,0.0,33.42857142857143,1.1771636613974938,20.514285714285712,26.47142857142857,0.5,33.364285714285714,0.84362509250472,19.74285714285714,26.357142857142858,0.5999999999999946,1.0,6.123233995736766e-17,14.7,570.0
2024-03-03,35.1,21.4,28.0,0.0,16.3,42,6,3,63,1,2024,35.4,20.7,28.0,34.3,20.3,27.1,33.7,19.7,26.1,32.0,22.3,26.3,33.5,17.7,25.8,30.8,17.1,24.1,34.93333333333334,0.568624070307682,20.799999999999994,27.700000000000003,0.0,33.871428571428574,1.1324226032631945,20.385714285714283,26.714285714285715,0.1,33.478571428571435,0.9633104551323612,20.00714285714286,26.514285714285712,0.5999999999999946,1.0,6.123233995736766e-17,13.700000000000003,684.6
2024-03-04,34.8,21.1,27.9,0.0,16.3,46,0,3,64,1,2024,35.1,21.4,28.0,35.4,20.7,28.0,34.3,20.3,27.1,32.3,20.7,26.1,33.6,18.5,26.1,29.9,19.4,24.4,35.1,0.2999999999998975,21.066666666666663,27.966666666666665,0.0,34.22857142857143,0.9304376850250083,20.442857142857143,26.97142857142857,0.0,33.56428571428571,1.0262756736092054,20.192857142857143,26.642857142857142,0.5999999999999946,1.0,6.123233995736766e-17,13.699999999999996,749.8000000000001
2024-03-05,34.6,20.9,27.8,0.0,20.5,43,1,3,65,1,2024,34.8,21.1,27.9,35.1,21.4,28.0,35.4,20.7,28.0,33.4,19.6,26.1,33.4,19.7,26.7,31.3,20.4,25.2,34.833333333333336,0.25166114784223936,21.133333333333326,27.899999999999995,0.0,34.4,0.8602325267044943,20.62857142857143,27.214285714285715,0.0,33.65,1.0610227286771414,20.278571428571432,26.72142857142857,0.5999999999999946,1.0,6.123233995736766e-17,13.700000000000003,881.5
2024-03-06,36.3,23.0,29.3,0.0,14.6,42,2,3,66,1,2024,34.6,20.9,27.8,34.8,21.1,27.9,35.1,21.4,28.0,32.9,20.3,25.6,33.3,19.9,26.8,32.4,19.0,25.8,35.23333333333334,0.9291573243177217,21.66666666666666,28.333333333333332,0.0,34.885714285714286,0.8315218406205143,21.014285714285712,27.74285714285714,0.0,33.864285714285714,1.267709711285723,20.5,26.9,0.5999999999999946,1.0,6.123233995736766e-17,13.299999999999997,613.1999999999999
2024-03-07,36.1,22.6,28.9,0.0,13.8,41,3,3,67,1,2024,36.3,23.0,29.3,34.6,20.9,27.8,34.8,21.1,27.9,33.7,19.7,26.1,33.0,19.0,25.9,32.8,20.2,26.5,35.66666666666667,0.9291573243177196,22.16666666666666,28.666666666666668,0.0,35.22857142857143,0.7521398046338306,21.428571428571427,28.142857142857142,0.0,34.08571428571428,1.3716117093838416,20.757142857142856,27.114285714285717,0.5999999999999946,1.0,6.123233995736766e-17,13.5,565.8000000000001
2024-03-08,35.8,20.8,28.5,0.0,16.2,45,4,3,68,1,2024,36.1,22.6,28.9,36.3,23.0,29.3,34.6,20.9,27.8,34.3,20.3,27.1,32.6,19.3,25.6,33.4,20.3,26.8,36.06666666666667,0.2516611478422176,22.13333333333333,28.900000000000002,0.0,35.44285714285714,0.6502746672425852,21.5,28.342857142857145,0.0,34.31428571428571,1.3716117093838283,20.86428571428571,27.321428571428573,0.5999999999999946,1.0,6.123233995736766e-17,14.999999999999996,729.0
2024-03-09,36.3,21.7,29.3,0.0,13.8,46,5,3,69,1,2024,35.8,20.8,28.5,36.1,22.6,28.9,36.3,23.0,29.3,35.4,20.7,28.0,33.7,18.7,26.8,33.1,20.6,26.7,36.06666666666667,0.2516611478422176,21.7,28.900000000000002,0.0,35.57142857142857,0.725061573740179,21.642857142857142,28.52857142857143,0.0,34.5,1.4554935721127913,21.078571428571426,27.5,0.49999999999999467,1.0,6.123233995736766e-17,14.599999999999998,634.8000000000001
2024-03-10,34.8,23.0,28.3,0.2,19.1,53,6,3,70,1,2024,36.3,21.7,29.3,35.8,20.8,28.5,36.1,22.6,28.9,35.1,21.4,28.0,32.0,22.3,26.3,32.4,19.3,25.7,35.63333333333333,0.76376261582593,21.83333333333333,28.7,0.19999999999999557,35.528571428571425,0.7653197277704201,21.87142857142857,28.571428571428573,0.2,34.7,1.265519048271713,21.128571428571426,27.642857142857142,0.2999999999999947,1.0,6.123233995736766e-17,11.799999999999997,1012.3000000000001
2024-03-11,35.6,23.0,28.5,0.0,18.4,46,0,3,71,1,2024,34.8,23.0,28.3,36.3,21.7,29.3,35.8,20.8,28.5,34.8,21.1,27.9,32.3,20.7,26.1,32.3,20.5,25.8,35.56666666666667,0.7505553499464698,22.566666666666663,28.7,0.19999999999999557,35.642857142857146,0.6948792289725141,22.142857142857142,28.657142857142855,0.2,34.93571428571428,1.0774665033930773,21.29285714285714,27.814285714285713,0.19999999999999468,1.0,6.123233995736766e-17,12.600000000000001,846.4
2024-03-12,36.3,22.7,29.7,0.0,12.6,45,1,3,72,1,2024,35.6,23.0,28.5,34.8,23.0,28.3,36.3,21.7,29.3,34.6,20.9,27.8,33.4,19.6,26.1,32.7,19.8,25.8,35.56666666666667,0.7505553499464698,22.899999999999995,28.833333333333332,0.19999999999999557,35.885714285714286,0.5520524474741288,22.400000000000002,28.928571428571427,0.2,35.142857142857146,1.037537236191317,21.514285714285716,28.071428571428573,0.19999999999999468,1.0,6.123233995736766e-17,13.599999999999998,567.0
2024-03-13,37.4,25.9,31.0,0.0,16.6,37,2,3,73,1,2024,36.3,22.7,29.7,35.6,23.0,28.5,34.8,23.0,28.3,36.3,23.0,29.3,32.9,20.3,25.6,32.0,19.0,25.0,36.43333333333334,0.9073771725877126,23.86666666666666,29.733333333333334,0.0,36.04285714285714,0.7934253648101182,22.814285714285713,29.17142857142857,0.2,35.46428571428571,0.9849694590010287,21.914285714285715,28.457142857142856,0.19999999999999468,1.0,6.123233995736766e-17,11.5,614.2
2024-03-14,35.4,23.0,29.4,0.0,12.2,49,3,3,74,1,2024,37.4,25.9,31.0,36.3,22.7,29.7,35.6,23.0,28.5,36.1,22.6,28.9,33.7,19.7,26.1,32.3,18.0,24.6,36.366666666666674,1.0016652800877506,23.86666666666666,30.03333333333333,0.0,35.942857142857136,0.8283661486267668,22.87142857142857,29.24285714285714,0.2,35.58571428571428,0.8456741897236542,22.150000000000002,28.692857142857143,0.19999999999999468,1.0,6.123233995736766e-17,12.399999999999999,597.8
2024-03-15,37.8,22.3,29.6,0.0,21.3,43,4,3,75,1,2024,35.4,23.0,29.4,37.4,25.9,31.0,36.3,22.7,29.7,35.8,20.8,28.5,34.3,20.3,27.1,32.6,18.9,25.0,36.86666666666667,1.2858201014657056,23.73333333333333,30.0,0.0,36.22857142857143,1.0781377242176433,23.085714285714285,29.400000000000002,0.2,35.83571428571428,0.9475532401174206,22.292857142857144,28.871428571428574,0.19999999999999468,1.0,6.123233995736766e-17,15.499999999999996,915.9
2024-03-16,35.1,22.3,28.5,0.4,19.5,58,5,3,76,1,2024,37.8,22.3,29.6,35.4,23.0,29.4,37.4,25.9,31.0,36.3,21.7,29.3,35.4,20.7,28.0,32.3,18.2,24.8,36.1,1.4798648586948513,22.53333333333333,29.166666666666668,0.3999999999999956,36.05714285714286,1.1573779890442304,23.17142857142857,29.285714285714285,0.6000000000000001,35.81428571428571,0.9614549414275677,22.407142857142862,28.907142857142862,0.5999999999999948,1.0,6.123233995736766e-17,12.8,1131.0
2024-03-17,34.9,22.8,27.5,5.7,17.7,64,6,3,77,1,2024,35.1,22.3,28.5,37.8,22.3,29.6,35.4,23.0,29.4,34.8,23.0,28.3,35.1,21.4,28.0,32.0,16.7,24.0,35.93333333333334,1.619670748434156,22.466666666666665,28.53333333333333,6.099999999999996,36.07142857142857,1.1397577019032925,23.142857142857142,29.17142857142857,6.1000000000000005,35.8,0.9742847475100158,22.507142857142856,28.871428571428574,6.299999999999995,1.0,6.123233995736766e-17,12.099999999999998,1132.8
2024-03-18,34.3,23.4,27.7,0.9,13.5,55,0,3,78,1,2024,34.9,22.8,27.5,35.1,22.3,28.5,37.8,22.3,29.6,35.6,23.0,28.5,34.8,21.1,27.9,33.0,17.2,24.6,34.76666666666667,0.41633319989310624,22.83333333333333,27.900000000000002,6.9999999999999964,35.885714285714286,1.3208943579114019,23.2,29.057142857142857,7.000000000000001,35.76428571428571,1.021768559415918,22.671428571428574,28.857142857142858,7.199999999999995,1.0,6.123233995736766e-17,10.899999999999999,742.5
2024-03-19,34.9,22.3,28.5,0.2,16.0,47,1,3,79,1,2024,34.3,23.4,27.7,34.9,22.8,27.5,35.1,22.3,28.5,36.3,22.7,29.7,34.6,20.9,27.8,33.5,17.7,25.8,34.7,0.3464101615136278,22.83333333333333,27.900000000000002,6.799999999999995,35.68571428571428,1.3533028380332524,23.142857142857142,28.885714285714283,7.2,35.785714285714285,0.9983502875760518,22.77142857142857,28.907142857142862,7.399999999999994,1.0,6.123233995736766e-17,12.599999999999998,752.0
2024-03-20,30.8,21.8,26.1,0.2,18.7,57,2,3,80,1,2024,34.9,22.3,28.5,34.3,23.4,27.7,34.9,22.8,27.5,37.4,25.9,31.0,36.3,23.0,29.3,33.6,18.5,26.1,33.333333333333336,2.2143471573656144,22.499999999999996,27.433333333333334,1.2999999999999956,34.74285714285714,2.069506497418525,22.557142857142857,28.185714285714283,7.4,35.39285714285714,1.6499250732238429,22.685714285714283,28.678571428571427,7.599999999999994,1.0,6.123233995736766e-17,9.0,1065.8999999999999
2024-03-21,33.1,20.4,26.5,0.0,14.8,52,3,3,81,1,2024,30.8,21.8,26.1,34.9,22.3,28.5,34.3,23.4,27.7,35.4,23.0,29.4,36.1,22.6,28.9,33.4,19.7,26.7,32.933333333333344,2.055075018906406,21.499999999999996,27.03333333333333,0.3999999999999956,34.41428571428572,2.129498040563146,22.185714285714287,27.771428571428572,7.4,35.17857142857143,1.7431971385176879,22.528571428571432,28.507142857142856,7.599999999999994,1.0,6.123233995736766e-17,12.700000000000003,769.6
2024-03-22,35.1,19.8,27.6,0.0,9.8,44,4,3,82,1,2024,33.1,20.4,26.5,30.8,21.8,26.1,34.9,22.3,28.5,37.8,22.3,29.6,35.8,20.8,28.5,33.3,19.9,26.8,33.00000000000001,2.1517434791349634,20.66666666666666,26.733333333333334,0.19999999999999557,34.028571428571425,1.5902979654920097,21.82857142857143,27.485714285714288,7.4,35.128571428571426,1.734016489775454,22.457142857142856,28.442857142857143,7.599999999999994,1.0,6.123233995736766e-17,15.3,431.20000000000005
2024-03-23,35.4,20.9,29.1,0.0,13.4,40,5,3,83,1,2024,35.1,19.8,27.6,33.1,20.4,26.5,30.8,21.8,26.1,35.1,22.3,28.5,36.3,21.7,29.3,33.0,19.0,25.9,34.53333333333334,1.2503332889006868,20.366666666666664,27.733333333333334,0.0,34.07142857142857,1.6275895118389097,21.628571428571426,27.571428571428573,7.0,35.06428571428571,1.7036644409837696,22.400000000000002,28.428571428571427,7.599999999999994,1.0,6.123233995736766e-17,14.5,536.0
2024-03-24,35.4,23.0,29.6,0.0,14.6,42,6,3,84,1,2024,35.4,20.9,29.1,35.1,19.8,27.6,33.1,20.4,26.5,34.9,22.8,27.5,34.8,23.0,28.3,32.6,19.3,25.6,35.300000000000004,0.1732050807565952,21.23333333333333,28.76666666666667,0.0,34.142857142857146,1.680136048913164,21.657142857142855,27.87142857142857,1.3,35.107142857142854,1.7040514102547533,22.400000000000002,28.521428571428572,7.399999999999994,1.0,6.123233995736766e-17,12.399999999999999,613.1999999999999
2024-03-25,35.5,23.0,28.9,0.0,12.5,42,0,3,85,1,2024,35.4,23.0,29.6,35.4,20.9,29.1,35.1,19.8,27.6,34.3,23.4,27.7,35.6,23.0,28.5,33.7,18.7,26.8,35.43333333333334,0.05773502691896442,22.299999999999994,29.2,0.0,34.31428571428571,1.758245879116159,21.599999999999998,28.042857142857144,0.4,35.1,1.7020349811102835,22.400000000000002,28.550000000000004,7.399999999999994,1.0,6.123233995736766e-17,12.5,525.0
2024-03-26,36.9,22.6,29.7,0.0,16.9,37,1,3,86,1,2024,35.5,23.0,28.9,35.4,23.0,29.6,35.4,20.9,29.1,34.9,22.3,28.5,36.3,22.7,29.7,32.0,22.3,26.3,35.93333333333334,0.8386497083606101,22.866666666666664,29.400000000000002,0.0,34.6,2.0132891827389563,21.642857142857142,28.214285714285715,0.2,35.142857142857146,1.7416677620621541,22.392857142857142,28.55,7.399999999999994,1.0,6.123233995736766e-17,14.299999999999997,625.3
2024-03-27,37.2,22.4,29.5,0.0,13.1,32,2,3,87,1,2024,36.9,22.6,29.7,35.5,23.0,28.9,35.4,23.0,29.6,30.8,21.8,26.1,37.4,25.9,31.0,32.3,20.7,26.1,36.53333333333334,0.9073771725877517,22.66666666666666,29.366666666666664,0.0,35.51428571428571,1.3409307357561524,21.728571428571428,28.7,0.0,35.128571428571426,1.7224439575246535,22.142857142857142,28.442857142857147,7.399999999999994,1.0,6.123233995736766e-17,14.800000000000004,419.2
2024-03-28,38.3,21.9,30.0,0.0,16.6,41,3,3,88,1,2024,37.2,22.4,29.5,36.9,22.6,29.7,35.5,23.0,28.9,33.1,20.4,26.5,35.4,23.0,29.4,33.4,19.6,26.1,37.466666666666676,0.7371114795832087,22.299999999999994,29.733333333333334,0.0,36.25714285714286,1.2149857925880103,21.942857142857143,29.2,0.0,35.33571428571428,1.920579697285781,22.064285714285713,28.485714285714288,7.399999999999994,1.0,6.123233995736766e-17,16.4,680.6
2024-03-29,38.7,23.7,30.8,0.0,16.2,37,4,3,89,1,2024,38.3,21.9,30.0,37.2,22.4,29.5,36.9,22.6,29.7,35.1,19.8,27.6,37.8,22.3,29.6,32.9,20.3,25.6,38.06666666666667,0.7767453465154178,22.66666666666666,30.099999999999998,0.0,36.771428571428565,1.3924969009113883,22.5,29.657142857142862,0.0,35.4,2.0218042209106866,22.16428571428571,28.571428571428577,7.399999999999994,1.0,6.123233995736766e-17,15.000000000000004,599.4
2024-03-30,38.4,23.1,30.3,0.0,13.7,38,5,3,90,1,2024,38.7,23.7,30.8,38.3,21.9,30.0,37.2,22.4,29.5,35.4,20.9,29.1,35.1,22.3,28.5,33.7,19.7,26.1,38.46666666666667,0.2081665999466887,22.899999999999995,30.366666666666664,0.0,37.199999999999996,1.3613718571108693,22.814285714285717,29.828571428571426,0.0,35.635714285714286,2.1710001746295826,22.22142857142857,28.699999999999996,6.999999999999995,1.0,6.123233995736766e-17,15.299999999999997,520.6
2024-03-31,37.6,23.0,29.9,0.0,13.7,37,6,3,91,1,2024,38.4,23.1,30.3,38.7,23.7,30.8,38.3,21.9,30.0,35.4,23.0,29.6,34.9,22.8,27.5,34.3,20.3,27.1,38.23333333333334,0.5686240703077592,23.266666666666662,30.333333333333332,0.0,37.51428571428572,1.1066896153673984,22.814285714285717,29.87142857142857,0.0,35.82857142857143,2.2199891099623748,22.235714285714288,28.87142857142857,1.2999999999999947,1.0,6.123233995736766e-17,14.600000000000001,506.9
2024-04-01,38.0,22.7,31.0,0.0,17.3,36,0,4,92,2,2024,37.6,23.0,29.9,38.4,23.1,30.3,38.7,23.7,30.8,35.5,23.0,28.9,34.3,23.4,27.7,35.4,20.7,28.0,38.00000000000001,0.400000000000036,22.933333333333326,30.400000000000002,0.0,37.871428571428574,0.6626066850309671,22.771428571428572,30.17142857142857,0.0,36.09285714285714,2.24412542009103,22.185714285714283,29.107142857142858,0.3999999999999947,0.8660254037844387,-0.4999999999999998,15.3,622.8000000000001
2024-04-02,37.7,23.9,30.9,0.0,10.6,41,1,4,93,2,2024,38.0,22.7,31.0,37.6,23.0,29.9,38.4,23.1,30.3,36.9,22.6,29.7,34.9,22.3,28.5,35.1,21.4,28.0,37.76666666666667,0.20816659994668185,23.2,30.599999999999998,0.0,37.98571428571429,0.5209880722518231,22.95714285714286,30.342857142857145,0.0,36.29285714285714,2.254385226010087,22.3,29.27857142857143,0.19999999999999468,0.8660254037844387,-0.4999999999999998,13.800000000000004,434.59999999999997
2024-04-03,38.4,24.5,31.4,0.0,17.1,39,2,4,94,2,2024,37.7,23.9,30.9,38.0,22.7,31.0,37.6,23.0,29.9,37.2,22.4,29.5,30.8,21.8,26.1,34.8,21.1,27.9,38.03333333333334,0.35118845842846785,23.7,31.099999999999998,0.0,38.15714285714286,0.40355562548083845,23.25714285714286,30.614285714285717,0.0,36.83571428571429,1.6689965400051476,22.492857142857144,29.657142857142862,0.0,0.8660254037844387,-0.4999999999999998,13.899999999999999,666.9000000000001
2024-04-04,38.8,23.6,31.4,0.0,14.2,41,3,4,95,2,2024,38.4,24.5,31.4,37.7,23.9,30.9,38.0,22.7,31.0,38.3,21.9,30.0,33.1,20.4,26.5,34.6,20.9,27.8,38.300000000000004,0.5567764362830295,23.999999999999996,31.23333333333333,0.0,38.22857142857142,0.4715728494952133,23.5,30.814285714285713,0.0,37.24285714285714,1.3528967700195378,22.721428571428568,30.00714285714286,0.0,0.8660254037844387,-0.4999999999999998,15.199999999999996,582.1999999999999
2024-04-05,39.2,25.8,32.1,0.0,10.1,35,4,4,96,2,2024,38.8,23.6,31.4,38.4,24.5,31.4,37.7,23.9,30.9,38.7,23.7,30.8,35.1,19.8,27.6,36.3,23.0,29.3,38.800000000000004,0.4000000000000487,24.63333333333333,31.633333333333336,0.0,38.300000000000004,0.5802298395177071,23.800000000000004,31.0,0.0,37.535714285714285,1.2959149680419557,23.15,30.32857142857143,0.0,0.8660254037844387,-0.4999999999999998,13.400000000000002,353.5
2024-04-06,38.7,26.4,32.2,0.0,13.1,31,5,4,97,2,2024,39.2,25.8,32.1,38.8,23.6,31.4,38.4,24.5,31.4,38.4,23.1,30.3,35.4,20.9,29.1,36.1,22.6,28.9,38.900000000000006,0.26457513110653125,25.266666666666662,31.900000000000002,0.0,38.34285714285714,0.599603043291046,24.27142857142857,31.271428571428572,0.0,37.771428571428565,1.1717367592452554,23.54285714285714,30.55,0.0,0.8660254037844387,-0.4999999999999998,12.300000000000004,406.09999999999997
2024-04-07,39.5,25.0,32.3,0.0,16.6,31,6,4,98,2,2024,38.7,26.4,32.2,39.2,25.8,32.1,38.8,23.6,31.4,37.6,23.0,29.9,35.4,23.0,29.6,35.8,20.8,28.5,39.13333333333335,0.4041451884327843,25.73333333333333,32.2,0.0,38.614285714285714,0.636209010280394,24.557142857142853,31.614285714285717,0.0,38.06428571428571,1.0381989900094486,23.685714285714283,30.74285714285714,0.0,0.8660254037844387,-0.4999999999999998,14.5,514.6
2024-04-08,37.3,25.8,31.1,0.0,22.8,39,0,4,99,2,2024,39.5,25.0,32.3,38.7,26.4,32.2,39.2,25.8,32.1,38.0,22.7,31.0,35.5,23.0,28.9,36.3,21.7,29.3,38.5,1.1135528725660186,25.73333333333333,31.866666666666664,0.0,38.51428571428572,0.7861903319777616,25.0,31.62857142857143,0.0,38.19285714285714,0.7740644832152567,23.885714285714283,30.9,0.0,0.8660254037844387,-0.4999999999999998,11.499999999999996,889.2
2024-04-09,35.0,23.8,29.4,0.0,21.5,58,1,4,100,2,2024,37.3,25.8,31.1,39.5,25.0,32.3,38.7,26.4,32.2,37.7,23.9,30.9,36.9,22.6,29.7,34.8,23.0,28.3,37.26666666666667,2.250185177565024,24.86666666666666,30.933333333333334,0.0,38.12857142857143,1.5467323467171217,24.985714285714288,31.41428571428571,0.0,38.05714285714286,1.1112808173205155,23.971428571428568,30.878571428571426,0.0,0.8660254037844387,-0.4999999999999998,11.2,1247.0
2024-04-10,35.6,24.2,30.1,0.0,18.4,45,2,4,101,2,2024,35.0,23.8,29.4,37.3,25.8,31.1,39.5,25.0,32.3,38.4,24.5,31.4,37.2,22.4,29.5,35.6,23.0,28.5,35.966666666666676,1.1930353445448765,24.599999999999994,30.2,0.0,37.728571428571435,1.805283251749641,24.942857142857143,31.22857142857143,0.0,37.94285714285714,1.2762410465075649,24.099999999999998,30.92142857142857,0.0,0.8660254037844387,-0.4999999999999998,11.400000000000002,827.9999999999999
2024-04-11,35.4,24.4,29.1,0.0,21.9,45,3,4,102,2,2024,35.6,24.2,30.1,35.0,23.8,29.4,37.3,25.8,31.1,38.8,23.6,31.4,38.3,21.9,30.0,36.3,22.7,29.7,35.33333333333334,0.3055050463303513,24.133333333333326,29.53333333333333,0.0,37.24285714285714,1.9225479125864882,25.057142857142857,30.900000000000002,0.0,37.73571428571428,1.4388067400329985,24.278571428571432,30.857142857142858,0.0,0.8660254037844387,-0.4999999999999998,11.0,985.4999999999999
2024-04-12,31.2,23.7,27.8,6.3,17.3,63,4,4,103,2,2024,35.4,24.4,29.1,35.6,24.2,30.1,35.0,23.8,29.4,39.2,25.8,32.1,38.7,23.7,30.8,37.4,25.9,31.0,34.06666666666667,2.4846193538112225,24.099999999999994,29.0,6.299999999999995,36.1,2.760434748368505,24.757142857142856,30.285714285714285,6.3,37.199999999999996,2.2305570190838546,24.278571428571432,30.642857142857142,6.2999999999999945,0.8660254037844387,-0.4999999999999998,7.5,1089.9
2024-04-13,33.1,22.5,28.0,1.8,17.6,53,5,4,104,2,2024,31.2,23.7,27.8,35.4,24.4,29.1,35.6,24.2,30.1,38.7,26.4,32.2,38.4,23.1,30.3,35.4,23.0,29.4,33.23333333333334,2.103172207246303,23.533333333333328,28.3,8.099999999999996,35.3,2.6919633479427274,24.2,29.685714285714287,8.1,36.82142857142857,2.450173799621436,24.235714285714288,30.47857142857143,8.099999999999994,0.8660254037844387,-0.4999999999999998,10.600000000000001,932.8000000000001
2024-04-14,36.6,23.8,30.0,0.0,13.0,48,6,4,105,2,2024,33.1,22.5,28.0,31.2,23.7,27.8,35.4,24.4,29.1,39.5,25.0,32.3,37.6,23.0,29.9,37.8,22.3,29.6,33.63333333333333,2.739221300540225,23.33333333333333,28.599999999999998,8.099999999999996,34.885714285714286,2.0947780880311937,24.028571428571432,29.357142857142858,8.1,36.75,2.440286868382426,24.292857142857144,30.485714285714288,8.099999999999994,0.8660254037844387,-0.4999999999999998,12.8,624.0
2024-04-15,37.7,23.8,30.7,0.0,14.9,40,0,4,106,2,2024,36.6,23.8,30.0,33.1,22.5,28.0,31.2,23.7,27.8,37.3,25.8,31.1,38.0,22.7,31.0,35.1,22.3,28.5,35.80000000000001,2.402082429892845,23.36666666666666,29.566666666666666,1.7999999999999956,34.94285714285714,2.175513075772593,23.74285714285714,29.3,8.1,36.728571428571435,2.4297605362948786,24.37142857142857,30.464285714285715,8.099999999999994,0.8660254037844387,-0.4999999999999998,13.900000000000002,596.0
2024-04-16,37.8,24.4,31.3,0.0,13.4,37,1,4,107,2,2024,37.7,23.8,30.7,36.6,23.8,30.0,33.1,22.5,28.0,35.0,23.8,29.4,37.7,23.9,30.9,34.9,22.8,27.5,37.366666666666674,0.6658328118478646,23.999999999999996,30.666666666666668,0.0,35.34285714285714,2.4302655155745505,23.828571428571426,29.571428571428573,8.1,36.73571428571429,2.4329808064173695,24.407142857142855,30.492857142857144,8.099999999999994,0.8660254037844387,-0.4999999999999998,13.399999999999999,495.8
2024-04-17,37.8,24.9,31.7,0.1,9.1,41,2,4,108,2,2024,37.8,24.4,31.3,37.7,23.8,30.7,36.6,23.8,30.0,35.6,24.2,30.1,38.4,24.5,31.4,34.3,23.4,27.7,37.76666666666667,0.05773502691810894,24.36666666666666,31.233333333333334,0.09999999999999556,35.65714285714286,2.6050317610714098,23.928571428571427,29.8,8.2,36.692857142857136,2.406550127565024,24.435714285714283,30.514285714285712,8.199999999999994,0.8660254037844387,-0.4999999999999998,12.899999999999999,373.09999999999997
2024-04-18,38.6,26.4,32.1,0.0,11.2,42,3,4,109,2,2024,37.8,24.9,31.7,37.8,24.4,31.3,37.7,23.8,30.7,35.4,24.4,29.1,38.8,23.6,31.4,34.9,22.3,28.5,38.06666666666667,0.4618802153517041,25.23333333333333,31.7,0.09999999999999556,36.114285714285714,2.823962093364961,24.214285714285715,30.228571428571428,8.2,36.67857142857143,2.3936385471714847,24.63571428571429,30.564285714285713,8.199999999999994,0.8660254037844387,-0.4999999999999998,12.200000000000003,470.4
2024-04-19,37.8,26.1,32.0,0.1,19.1,42,4,4,110,2,2024,38.6,26.4,32.1,37.8,24.9,31.7,37.8,24.4,31.3,31.2,23.7,27.8,39.2,25.8,32.1,30.8,21.8,26.1,38.06666666666667,0.4618802153517041,25.799999999999994,31.933333333333337,0.19999999999999557,37.05714285714286,1.8401604484910332,24.557142857142857,30.828571428571426,2.0,36.57857142857143,2.3079056677924057,24.657142857142855,30.557142857142853,8.299999999999995,0.8660254037844387,-0.4999999999999998,11.699999999999996,802.2
2024-04-20,36.4,25.8,30.0,0.5,17.1,52,5,4,111,2,2024,37.8,26.1,32.0,38.6,26.4,32.1,37.8,24.9,31.7,33.1,22.5,28.0,38.7,26.4,32.2,33.1,20.4,26.5,37.6,1.1135528725660035,26.099999999999994,31.366666666666664,0.5999999999999955,37.528571428571425,0.7674943772092636,25.02857142857143,31.11428571428571,0.7,36.41428571428572,2.2256743637886784,24.614285714285717,30.4,8.799999999999995,0.8660254037844387,-0.4999999999999998,10.599999999999998,889.2
2024-04-21,36.9,26.2,30.5,1.7,22.8,50,6,4,112,2,2024,36.4,25.8,30.0,37.8,26.1,32.0,38.6,26.4,32.1,36.6,23.8,30.0,39.5,25.0,32.3,35.1,19.8,27.6,37.03333333333334,0.7094598884597509,26.033333333333328,30.833333333333332,2.2999999999999954,37.57142857142857,0.7134757312255504,25.37142857142857,31.185714285714283,2.4,36.22857142857143,2.049926291893833,24.7,30.27142857142857,10.499999999999995,0.8660254037844387,-0.4999999999999998,10.7,1140.0
2024-04-22,37.0,25.7,30.9,0.0,23.1,44,0,4,113,2,2024,36.9,26.2,30.5,36.4,25.8,30.0,37.8,26.1,32.0,37.7,23.8,30.7,37.3,25.8,31.1,35.4,20.9,29.1,36.76666666666667,0.3214550253664169,25.899999999999995,30.46666666666667,2.1999999999999957,37.47142857142857,0.7409774753984361,25.642857142857142,31.214285714285715,2.4,36.207142857142856,2.039405752707299,24.692857142857143,30.25714285714286,10.499999999999995,0.8660254037844387,-0.4999999999999998,11.3,1016.4000000000001
2024-04-23,39.0,23.4,30.4,0.0,12.3,44,1,4,114,2,2024,37.0,25.7,30.9,36.9,26.2,30.5,36.4,25.8,30.0,37.8,24.4,31.3,35.0,23.8,29.4,35.4,23.0,29.6,37.63333333333333,1.1846237095944523,25.099999999999994,30.599999999999998,1.6999999999999955,37.642857142857146,0.9413769044281282,25.5,31.085714285714285,2.4,36.49285714285714,2.1352226638399037,24.664285714285715,30.32857142857143,10.499999999999995,0.8660254037844387,-0.4999999999999998,15.600000000000001,541.2
2024-04-24,38.7,22.9,30.8,0.0,16.1,33,2,4,115,2,2024,39.0,23.4,30.4,37.0,25.7,30.9,36.9,26.2,30.5,37.8,24.9,31.7,35.6,24.2,30.1,35.5,23.0,28.9,38.23333333333334,1.0785793124908902,23.99999999999999,30.7,0.0,37.771428571428565,1.024230256850392,25.214285714285715,30.957142857142856,2.3,36.714285714285715,2.195399785865875,24.571428571428573,30.37857142857143,10.499999999999995,0.8660254037844387,-0.4999999999999998,15.800000000000004,531.3000000000001
2024-04-25,39.0,25.5,31.7,0.0,12.0,32,3,4,116,2,2024,38.7,22.9,30.8,39.0,23.4,30.4,37.0,25.7,30.9,38.6,26.4,32.1,35.4,24.4,29.1,36.9,22.6,29.7,38.900000000000006,0.17320508075684862,23.933333333333326,30.96666666666667,0.0,37.82857142857143,1.087373419015358,25.085714285714285,30.900000000000002,2.3,36.971428571428575,2.239996075349705,24.65,30.564285714285713,10.499999999999995,0.8660254037844387,-0.4999999999999998,13.5,384.0
2024-04-26,40.4,23.8,32.3,0.0,10.2,34,4,4,117,2,2024,39.0,25.5,31.7,38.7,22.9,30.8,39.0,23.4,30.4,37.8,26.1,32.0,31.2,23.7,27.8,37.2,22.4,29.5,39.366666666666674,0.9073771725877424,24.066666666666663,31.599999999999998,0.0,38.199999999999996,1.4571661996263505,24.757142857142856,30.942857142857143,2.1999999999999997,37.628571428571426,1.7013246293711939,24.657142857142855,30.885714285714283,4.199999999999995,0.8660254037844387,-0.4999999999999998,16.599999999999998,346.79999999999995
2024-04-27,38.7,24.7,32.1,0.0,13.4,36,5,4,118,2,2024,40.4,23.8,32.3,39.0,25.5,31.7,38.7,22.9,30.8,36.4,25.8,30.0,33.1,22.5,28.0,38.3,21.9,30.0,39.366666666666674,0.9073771725877424,24.66666666666666,32.03333333333333,0.0,38.528571428571425,1.2243560017608288,24.6,31.24285714285714,1.7,38.028571428571425,1.1103904867056875,24.814285714285713,31.178571428571427,2.399999999999995,0.8660254037844387,-0.4999999999999998,14.000000000000004,482.40000000000003
2024-04-28,40.5,25.8,33.3,0.0,16.9,34,6,4,119,2,2024,38.7,24.7,32.1,40.4,23.8,32.3,39.0,25.5,31.7,36.9,26.2,30.5,36.6,23.8,30.0,38.7,23.7,30.8,39.866666666666674,1.011599393699569,24.766666666666662,32.56666666666666,0.0,39.042857142857144,1.1816050423853892,24.54285714285714,31.642857142857142,0.0,38.30714285714286,1.209236431493922,24.957142857142856,31.41428571428571,2.399999999999995,0.8660254037844387,-0.4999999999999998,14.7,574.5999999999999
2024-04-29,39.6,25.5,32.9,0.0,14.1,34,0,4,120,2,2024,40.5,25.8,33.3,38.7,24.7,32.1,40.4,23.8,32.3,37.0,25.7,30.9,37.7,23.8,30.7,38.4,23.1,30.3,39.6,0.8999999999999995,25.33333333333333,32.766666666666666,0.0,39.41428571428571,0.7690439333540321,24.514285714285712,31.928571428571427,0.0,38.44285714285714,1.2420295337216194,25.07857142857143,31.571428571428573,2.399999999999995,0.8660254037844387,-0.4999999999999998,14.100000000000001,479.4
2024-04-30,39.9,25.8,33.2,0.0,13.4,36,1,4,121,2,2024,39.6,25.5,32.9,40.5,25.8,33.3,38.7,24.7,32.1,39.0,23.4,30.4,37.8,24.4,31.3,37.6,23.0,29.9,40.00000000000001,0.4582575694955946,25.7,33.13333333333333,0.0,39.542857142857144,0.7634508123364602,24.857142857142858,32.32857142857143,0.0,38.59285714285714,1.2845018703545765,25.178571428571427,31.707142857142856,2.399999999999995,0.8660254037844387,-0.4999999999999998,14.099999999999998,482.40000000000003
2024-05-01,40.5,28.0,33.7,0.0,16.1,29,2,5,122,2,2024,39.9,25.8,33.2,39.6,25.5,32.9,40.5,25.8,33.3,38.7,22.9,30.8,37.8,24.9,31.7,38.0,22.7,31.0,40.00000000000001,0.4582575694955946,26.433333333333326,33.266666666666666,0.0,39.800000000000004,0.7348469228349775,25.585714285714285,32.74285714285715,0.0,38.785714285714285,1.3569519819499853,25.400000000000002,31.849999999999998,2.2999999999999945,0.49999999999999994,-0.8660254037844387,12.5,466.90000000000003
2024-05-02,39.6,25.2,32.5,0.0,17.0,27,3,5,123,2,2024,40.5,28.0,33.7,39.9,25.8,33.2,39.6,25.5,32.9,39.0,25.5,31.7,38.6,26.4,32.1,37.7,23.9,30.9,40.00000000000001,0.4582575694955946,26.33333333333333,33.13333333333333,0.0,39.88571428571429,0.656832224718458,25.54285714285714,32.857142857142854,0.0,38.857142857142854,1.3726528418267754,25.314285714285713,31.87857142857143,2.2999999999999945,0.49999999999999994,-0.8660254037844387,14.400000000000002,459.0
2024-05-03,40.4,24.0,32.5,0.0,13.4,26,4,5,124,2,2024,39.6,25.2,32.5,40.5,28.0,33.7,39.9,25.8,33.2,40.4,23.8,32.3,37.8,26.1,32.0,38.4,24.5,31.4,40.16666666666668,0.4932882862316379,25.73333333333333,32.9,0.0,39.885714285714286,0.656832224718458,25.571428571428573,32.885714285714286,0.0,39.042857142857144,1.3943370554407155,25.164285714285715,31.914285714285715,2.199999999999995,0.49999999999999994,-0.8660254037844387,16.4,348.40000000000003
2024-05-04,41.4,24.9,33.1,0.0,14.7,41,5,5,125,2,2024,40.4,24.0,32.5,39.6,25.2,32.5,40.5,28.0,33.7,38.7,24.7,32.1,36.4,25.8,30.0,38.8,23.6,31.4,40.466666666666676,0.9018499505645909,24.699999999999992,32.699999999999996,0.0,40.271428571428565,0.6369570517030755,25.599999999999998,33.02857142857143,0.0,39.4,1.3026600005075253,25.099999999999998,32.135714285714286,1.6999999999999946,0.49999999999999994,-0.8660254037844387,16.5,602.6999999999999
2024-05-05,40.0,26.0,33.4,0.0,16.0,44,6,5,126,2,2024,41.4,24.9,33.1,40.4,24.0,32.5,39.6,25.2,32.5,40.5,25.8,33.3,36.9,26.2,30.5,39.2,25.8,32.1,40.6,0.7211102550928178,24.966666666666658,33.0,0.0,40.199999999999996,0.6350852961085851,25.62857142857143,33.042857142857144,0.0,39.621428571428574,1.091349603034289,25.085714285714285,32.34285714285714,0.0,0.49999999999999994,-0.8660254037844387,14.0,704.0
2024-05-06,40.8,25.9,33.6,0.0,15.3,44,0,5,127,2,2024,40.0,26.0,33.4,41.4,24.9,33.1,40.4,24.0,32.5,39.6,25.5,32.9,37.0,25.7,30.9,38.7,26.4,32.2,40.733333333333334,0.7023769168568729,25.599999999999994,33.36666666666667,0.0,40.371428571428574,0.6074928962939373,25.685714285714287,33.142857142857146,0.0,39.892857142857146,0.830629312596265,25.1,32.535714285714285,0.0,0.49999999999999994,-0.8660254037844387,14.899999999999999,673.2
2024-05-07,35.1,23.9,29.3,1.6,24.5,64,1,5,128,2,2024,40.8,25.9,33.6,40.0,26.0,33.4,41.4,24.9,33.1,39.9,25.8,33.2,39.0,23.4,30.4,39.5,25.0,32.3,38.63333333333333,3.0859898466024265,25.266666666666662,32.1,1.5999999999999959,39.68571428571429,2.101133480948308,25.414285714285715,32.58571428571429,1.6,39.614285714285714,1.5205551328666314,25.135714285714283,32.45714285714286,1.5999999999999948,0.49999999999999994,-0.8660254037844387,11.200000000000003,1568.0
2024-05-08,36.5,23.4,29.7,0.8,19.7,58,2,5,129,2,2024,35.1,23.9,29.3,40.8,25.9,33.6,40.0,26.0,33.4,40.5,28.0,33.7,38.7,22.9,30.8,37.3,25.8,31.1,37.46666666666667,2.97040962382854,24.399999999999995,30.866666666666664,2.399999999999996,39.114285714285714,2.3695488821212396,24.757142857142856,32.01428571428571,2.4000000000000004,39.457142857142856,1.7225715506915606,25.17142857142857,32.378571428571426,2.399999999999995,0.49999999999999994,-0.8660254037844387,13.100000000000001,1142.6
2024-05-09,36.2,23.6,29.3,0.8,22.9,62,3,5,130,2,2024,36.5,23.4,29.7,35.1,23.9,29.3,40.8,25.9,33.6,39.6,25.2,32.5,39.0,25.5,31.7,35.0,23.8,29.4,35.93333333333334,0.7371114795830608,23.633333333333326,29.433333333333334,3.1999999999999957,38.628571428571426,2.591469522435957,24.528571428571432,31.557142857142857,3.2,39.25714285714285,1.9298123805632101,25.035714285714285,32.20714285714286,3.199999999999995,0.49999999999999994,-0.8660254037844387,12.600000000000001,1419.8
2024-05-10,34.8,22.0,27.7,22.9,15.1,74,4,5,131,2,2024,36.2,23.6,29.3,36.5,23.4,29.7,35.1,23.9,29.3,40.4,24.0,32.5,40.4,23.8,32.3,35.6,24.2,30.1,35.83333333333334,0.9073771725876334,22.999999999999996,28.900000000000002,24.499999999999993,37.82857142857143,2.8087448476228434,24.242857142857144,30.87142857142857,26.099999999999998,38.857142857142854,2.2314928723972534,24.907142857142855,31.87857142857143,26.099999999999994,0.49999999999999994,-0.8660254037844387,12.799999999999997,1117.3999999999999
2024-05-11,37.3,24.2,30.7,0.0,13.8,54,5,5,132,2,2024,34.8,22.0,27.7,36.2,23.6,29.3,36.5,23.4,29.7,41.4,24.9,33.1,38.7,24.7,32.1,35.4,24.4,29.1,36.1,1.2529964086140895,23.266666666666662,29.233333333333334,23.699999999999992,37.24285714285714,2.325838302531825,24.142857142857142,30.52857142857143,26.099999999999998,38.75714285714286,2.2701115817082473,24.87142857142857,31.778571428571432,26.099999999999994,0.49999999999999994,-0.8660254037844387,13.099999999999998,745.2
2024-05-12,35.8,24.2,30.1,5.1,18.4,57,6,5,133,2,2024,37.3,24.2,30.7,34.8,22.0,27.7,36.2,23.6,29.3,40.0,26.0,33.4,40.5,25.8,33.3,31.2,23.7,27.8,35.96666666666667,1.2583057392117114,23.466666666666665,29.5,27.999999999999993,36.642857142857146,2.017306077303139,23.885714285714283,30.057142857142857,31.199999999999996,38.42142857142857,2.3390262837435905,24.757142857142856,31.550000000000004,31.199999999999996,0.49999999999999994,-0.8660254037844387,11.599999999999998,1048.8
2024-05-13,34.9,24.9,29.4,1.6,11.7,58,0,5,134,2,2024,35.8,24.2,30.1,37.3,24.2,30.7,34.8,22.0,27.7,40.8,25.9,33.6,39.6,25.5,32.9,33.1,22.5,28.0,36.00000000000001,1.2124355652981302,24.433333333333326,30.066666666666666,6.699999999999992,35.8,0.9309493362515043,23.74285714285714,29.457142857142856,32.8,38.08571428571428,2.489317837621937,24.714285714285715,31.3,32.8,0.49999999999999994,-0.8660254037844387,10.0,678.5999999999999
2024-05-14,35.0,24.4,29.3,0.5,16.9,59,1,5,135,2,2024,34.9,24.9,29.4,35.8,24.2,30.1,37.3,24.2,30.7,35.1,23.9,29.3,39.9,25.8,33.2,36.6,23.8,30.0,35.23333333333334,0.49328828623137233,24.499999999999996,29.599999999999998,7.199999999999992,35.785714285714285,0.944154950963571,23.814285714285713,29.457142857142856,31.699999999999996,37.73571428571428,2.5581264607150516,24.61428571428571,31.021428571428572,33.3,0.49999999999999994,-0.8660254037844387,10.600000000000001,997.0999999999999
2024-05-15,36.1,24.6,29.7,1.0,14.6,61,2,5,136,2,2024,35.0,24.4,29.3,34.9,24.9,29.4,35.8,24.2,30.1,36.5,23.4,29.7,40.5,28.0,33.7,37.7,23.8,30.7,35.333333333333336,0.6658328118477584,24.633333333333326,29.46666666666667,3.099999999999993,35.72857142857143,0.9050124966253651,23.985714285714288,29.457142857142856,31.9,37.42142857142857,2.460824930924369,24.37142857142857,30.735714285714288,34.3,0.49999999999999994,-0.8660254037844387,11.5,890.6
2024-05-16,32.9,23.7,28.7,13.5,19.2,66,3,5,137,2,2024,36.1,24.6,29.7,35.0,24.4,29.3,34.9,24.9,29.4,36.2,23.6,29.3,39.6,25.2,32.5,37.8,24.4,31.3,34.66666666666667,1.6258331197675389,24.23333333333333,29.23333333333333,14.999999999999993,35.25714285714285,1.3624208146497832,24.0,29.37142857142857,44.599999999999994,36.942857142857136,2.6488645711857726,24.264285714285712,30.464285714285715,47.8,0.49999999999999994,-0.8660254037844387,9.2,1267.2
2024-05-17,32.6,23.1,27.3,2.3,18.7,73,4,5,138,2,2024,32.9,23.7,28.7,36.1,24.6,29.7,35.0,24.4,29.3,34.8,22.0,27.7,40.4,24.0,32.5,37.8,24.9,31.7,33.866666666666674,1.939931270260107,23.799999999999994,28.566666666666666,16.799999999999994,34.94285714285714,1.6978978599602716,24.157142857142855,29.314285714285713,24.0,36.385714285714286,2.6858194975884264,24.2,30.092857142857145,50.099999999999994,0.49999999999999994,-0.8660254037844387,9.5,1365.1
2024-05-18,33.1,24.2,27.1,10.7,19.3,78,5,5,139,2,2024,32.6,23.1,27.3,32.9,23.7,28.7,36.1,24.6,29.7,37.3,24.2,30.7,41.4,24.9,33.1,38.6,26.4,32.1,32.866666666666674,0.251661147841555,23.66666666666666,27.7,26.499999999999993,34.34285714285714,1.4501231474801446,24.157142857142855,28.800000000000004,34.7,35.792857142857144,2.3940516946138404,24.150000000000002,29.664285714285715,60.8,0.49999999999999994,-0.8660254037844387,8.900000000000002,1505.4
2024-05-19,32.8,23.7,27.1,10.3,11.4,80,6,5,140,2,2024,33.1,24.2,27.1,32.6,23.1,27.3,32.9,23.7,28.7,35.8,24.2,30.1,40.0,26.0,33.4,37.8,26.1,32.0,32.833333333333336,0.25166114784155075,23.66666666666666,27.166666666666668,23.299999999999994,33.91428571428572,1.3897584579448274,24.08571428571429,28.37142857142857,39.9,35.278571428571425,2.1849761735819593,23.985714285714288,29.214285714285715,71.1,0.49999999999999994,-0.8660254037844387,9.099999999999998,912.0
2024-05-20,32.7,23.1,28.5,9.2,12.5,74,0,5,141,2,2024,32.8,23.7,27.1,33.1,24.2,27.1,32.6,23.1,27.3,34.9,24.9,29.4,40.8,25.9,33.6,36.4,25.8,30.0,32.86666666666667,0.20816659994564232,23.66666666666666,27.566666666666666,30.199999999999992,33.6,1.3784048752092526,23.82857142857143,28.242857142857144,47.5,34.7,1.6062378404209299,23.785714285714285,28.849999999999998,80.3,0.49999999999999994,-0.8660254037844387,9.600000000000001,925.0
2024-05-21,34.6,24.7,29.7,0.2,14.6,63,1,5,142,2,2024,32.7,23.1,28.5,32.8,23.7,27.1,33.1,24.2,27.1,35.0,24.4,29.3,35.1,23.9,29.3,36.9,26.2,30.5,33.366666666666674,1.0692676621561943,23.83333333333333,28.433333333333334,19.699999999999992,33.542857142857144,1.3176458083229787,23.87142857142857,28.3,47.199999999999996,34.66428571428571,1.6022134414889957,23.842857142857145,28.878571428571426,78.9,0.49999999999999994,-0.8660254037844387,9.900000000000002,919.8
2024-05-22,35.2,24.4,29.3,5.5,15.1,67,2,5,143,2,2024,34.6,24.7,29.7,32.7,23.1,28.5,32.8,23.7,27.1,36.1,24.6,29.7,36.5,23.4,29.7,37.0,25.7,30.9,34.16666666666668,1.3051181300300119,24.066666666666663,29.166666666666668,14.899999999999991,33.41428571428572,1.0415190371580123,23.842857142857145,28.242857142857144,51.699999999999996,34.57142857142857,1.523371044972123,23.914285714285715,28.849999999999998,83.6,0.49999999999999994,-0.8660254037844387,10.800000000000004,1011.6999999999999
2024-05-23,36.3,25.0,30.3,0.0,11.2,60,3,5,144,2,2024,35.2,24.4,29.3,34.6,24.7,29.7,32.7,23.1,28.5,32.9,23.7,28.7,36.2,23.6,29.3,39.0,23.4,30.4,35.366666666666674,0.862167810425051,24.699999999999992,29.76666666666667,5.699999999999993,33.9,1.4674240468705513,24.02857142857143,28.47142857142857,38.2,34.57857142857143,1.5318056571995962,24.014285714285712,28.92142857142857,82.8,0.49999999999999994,-0.8660254037844387,11.299999999999997,672.0
2024-05-24,38.6,26.4,32.1,0.0,17.2,50,4,5,145,2,2024,36.3,25.0,30.3,35.2,24.4,29.3,34.6,24.7,29.7,32.6,23.1,27.3,34.8,22.0,27.7,38.7,22.9,30.8,36.70000000000001,1.7349351572897205,25.266666666666662,30.566666666666666,5.499999999999993,34.75714285714286,2.1670695596106375,24.5,29.157142857142862,35.9,34.85,1.8727807379156158,24.32857142857143,29.235714285714288,59.9,0.49999999999999994,-0.8660254037844387,12.200000000000003,860.0
2024-05-25,37.0,27.3,31.7,0.5,16.9,51,5,5,146,2,2024,38.6,26.4,32.1,36.3,25.0,30.3,35.2,24.4,29.3,33.1,24.2,27.1,37.3,24.2,30.7,39.0,25.5,31.7,37.300000000000004,1.1789826122551426,26.23333333333333,31.36666666666667,0.4999999999999929,35.31428571428571,2.1713502492141705,24.942857142857143,29.814285714285713,25.7,34.82857142857143,1.8440876716304493,24.55,29.307142857142857,60.39999999999999,0.49999999999999994,-0.8660254037844387,9.7,861.9
2024-05-26,37.6,28.2,32.3,0.2,26.6,46,6,5,147,2,2024,37.0,27.3,31.7,38.6,26.4,32.1,36.3,25.0,30.3,32.8,23.7,27.1,35.8,24.2,30.1,40.4,23.8,32.3,37.73333333333334,0.8082903768654672,27.299999999999997,32.03333333333333,0.6999999999999929,36.0,1.9958289839898173,25.585714285714285,30.557142857142853,15.6,34.95714285714286,1.9751199713179324,24.83571428571429,29.464285714285715,55.5,0.49999999999999994,-0.8660254037844387,9.400000000000002,1223.6000000000001
2024-05-27,38.0,27.9,31.5,0.0,24.3,55,0,5,148,2,2024,37.6,28.2,32.3,37.0,27.3,31.7,38.6,26.4,32.1,32.7,23.1,28.5,34.9,24.9,29.4,38.7,24.7,32.1,37.53333333333334,0.5033222956846897,27.799999999999994,31.833333333333332,0.6999999999999929,36.75714285714286,1.4717983816375537,26.27142857142857,30.985714285714284,6.4,35.17857142857143,2.1354799753860334,25.05,29.614285714285717,53.9,0.49999999999999994,-0.8660254037844387,10.100000000000001,1336.5
2024-05-28,37.0,26.8,31.6,0.0,22.3,52,1,5,149,2,2024,38.0,27.9,31.5,37.6,28.2,32.3,37.0,27.3,31.7,34.6,24.7,29.7,35.0,24.4,29.3,40.5,25.8,33.3,37.53333333333334,0.5033222956846897,27.633333333333326,31.8,0.1999999999999929,37.1,1.1239810200060123,26.571428571428573,31.25714285714286,6.2,35.32142857142857,2.188845347676244,25.22142857142857,29.77857142857143,53.4,0.49999999999999994,-0.8660254037844387,10.2,1159.6000000000001
2024-05-29,38.6,27.0,32.4,0.0,24.5,46,2,5,150,2,2024,37.0,26.8,31.6,38.0,27.9,31.5,37.6,28.2,32.3,35.2,24.4,29.3,36.1,24.6,29.7,39.6,25.5,32.9,37.866666666666674,0.8082903768654738,27.23333333333333,31.833333333333332,0.0,37.58571428571429,0.8725987459473932,26.942857142857143,31.699999999999996,0.7,35.5,2.3530667387311874,25.392857142857142,29.97142857142857,52.4,0.49999999999999994,-0.8660254037844387,11.600000000000001,1127.0
2024-05-30,38.4,27.9,32.8,0.0,19.4,42,3,5,151,2,2024,38.6,27.0,32.4,37.0,26.8,31.6,38.0,27.9,31.5,36.3,25.0,30.3,32.9,23.7,28.7,39.9,25.8,33.2,38.00000000000001,0.871779788708137,27.23333333333333,32.266666666666666,0.0,37.885714285714286,0.7010196655079928,27.357142857142858,32.05714285714286,0.7,35.892857142857146,2.3447041098264907,25.692857142857143,30.264285714285712,38.9,0.49999999999999994,-0.8660254037844387,10.5,814.8
2024-05-31,39.5,28.0,33.6,0.0,20.5,38,4,5,152,2,2024,38.4,27.9,32.8,38.6,27.0,32.4,37.0,26.8,31.6,38.6,26.4,32.1,32.6,23.1,27.3,40.5,28.0,33.7,38.83333333333334,0.5859465277082769,27.633333333333326,32.93333333333333,0.0,38.01428571428572,0.9063269671751623,27.585714285714285,32.271428571428565,0.7,36.385714285714286,2.3244046856898484,26.04285714285714,30.714285714285715,36.6,0.49999999999999994,-0.8660254037844387,11.5,779.0
2024-06-01,39.2,27.6,33.8,0.0,15.6,41,5,6,153,2,2024,39.5,28.0,33.6,38.4,27.9,32.8,38.6,27.0,32.4,37.0,27.3,31.7,33.1,24.2,27.1,39.6,25.2,32.5,39.03333333333334,0.5686240703077895,27.83333333333333,33.4,0.0,38.32857142857143,0.8769536014225331,27.62857142857143,32.57142857142857,0.2,36.82142857142857,2.230963424666011,26.285714285714285,31.192857142857143,25.899999999999995,1.2246467991473532e-16,-1.0,11.600000000000001,639.6
2024-06-02,37.2,26.1,29.9,25.2,16.2,65,6,6,154,2,2024,39.2,27.6,33.8,39.5,28.0,33.6,38.4,27.9,32.8,37.6,28.2,32.3,32.8,23.7,27.1,40.4,24.0,32.5,38.63333333333333,1.2503332889007537,27.23333333333333,32.43333333333333,25.199999999999992,38.27142857142858,0.9428932172032819,27.328571428571426,32.22857142857142,25.2,37.13571428571429,1.9073167389966372,26.457142857142856,31.392857142857142,40.8,1.2246467991473532e-16,-1.0,11.100000000000001,1053.0
2024-06-03,33.6,22.7,27.8,11.9,15.5,69,0,6,155,2,2024,37.2,26.1,29.9,39.2,27.6,33.8,39.5,28.0,33.6,38.0,27.9,31.5,32.7,23.1,28.5,41.4,24.9,33.1,36.66666666666667,2.837839553839024,25.466666666666665,30.5,37.099999999999994,37.642857142857146,2.0131709174477774,26.58571428571429,31.699999999999996,37.1,37.199999999999996,1.755431132667435,26.428571428571427,31.342857142857145,43.49999999999999,1.2246467991473532e-16,-1.0,10.900000000000002,1069.5
2024-06-04,33.5,25.2,28.8,7.4,14.4,68,1,6,156,2,2024,33.6,22.7,27.8,37.2,26.1,29.9,39.2,27.6,33.8,37.0,26.8,31.6,34.6,24.7,29.7,40.0,26.0,33.4,34.76666666666667,2.107921567168279,24.66666666666666,28.833333333333332,44.49999999999999,37.142857142857146,2.5598549066026304,26.357142857142858,31.3,44.5,37.121428571428574,1.8994649333342963,26.464285714285715,31.278571428571432,50.69999999999999,1.2246467991473532e-16,-1.0,8.3,979.2
2024-06-05,32.3,24.2,26.7,34.1,14.4,83,2,6,157,2,2024,33.5,25.2,28.8,33.6,22.7,27.8,37.2,26.1,29.9,38.6,27.0,32.4,35.2,24.4,29.3,40.8,25.9,33.6,33.13333333333334,0.7234178138068572,24.033333333333328,27.766666666666666,53.39999999999999,36.24285714285714,3.0270211665691447,25.957142857142856,30.485714285714284,78.6,36.91428571428571,2.2507629963933886,26.45,31.092857142857145,79.3,1.2246467991473532e-16,-1.0,8.099999999999998,1195.2
2024-06-06,34.1,23.6,27.1,38.3,16.5,80,3,6,158,2,2024,32.3,24.2,26.7,33.5,25.2,28.8,33.6,22.7,27.8,38.4,27.9,32.8,36.3,25.0,30.3,35.1,23.9,29.3,33.300000000000004,0.916515138991042,24.33333333333333,27.533333333333335,79.8,35.628571428571426,2.9516742625807257,25.342857142857145,29.67142857142857,116.9,36.75714285714286,2.370561207722794,26.35,30.86428571428571,117.6,1.2246467991473532e-16,-1.0,10.5,1320.0
2024-06-07,32.0,23.3,26.9,4.5,17.8,77,4,6,159,2,2024,34.1,23.6,27.1,32.3,24.2,26.7,33.5,25.2,28.8,39.5,28.0,33.6,38.6,26.4,32.1,36.5,23.4,29.7,32.800000000000004,1.1357816691599418,23.7,26.900000000000002,76.89999999999999,34.55714285714286,2.6588576136236393,24.67142857142857,28.714285714285715,121.4,36.285714285714285,2.6191182141667526,26.128571428571426,30.49285714285714,122.1,1.2246467991473532e-16,-1.0,8.7,1370.6000000000001
2024-06-08,31.3,24.0,26.4,6.3,15.9,79,5,6,160,2,2024,32.0,23.3,26.9,34.1,23.6,27.1,32.3,24.2,26.7,39.2,27.6,33.8,37.0,27.3,31.7,36.2,23.6,29.3,32.466666666666676,1.4571661996261995,23.633333333333326,26.799999999999997,49.099999999999994,33.42857142857143,1.9388263509268366,24.157142857142855,27.657142857142855,127.7,35.878571428571426,2.9247428740182944,25.892857142857142,30.11428571428571,127.89999999999999,1.2246467991473532e-16,-1.0,7.300000000000001,1256.1000000000001
2024-06-09,30.9,23.3,26.4,1.6,14.3,77,6,6,161,2,2024,31.3,24.0,26.4,32.0,23.3,26.9,34.1,23.6,27.1,37.2,26.1,29.9,37.6,28.2,32.3,34.8,22.0,27.7,31.400000000000006,0.5567764362827203,23.53333333333333,26.566666666666666,12.4,32.52857142857143,1.2284329933082756,23.75714285714286,27.157142857142855,104.1,35.4,3.1600876326699985,25.54285714285714,29.692857142857143,129.29999999999998,1.2246467991473532e-16,-1.0,7.599999999999998,1101.1000000000001
2024-06-10,29.2,23.4,25.5,10.6,19.5,83,0,6,162,2,2024,30.9,23.3,26.4,31.3,24.0,26.4,32.0,23.3,26.9,33.6,22.7,27.8,38.0,27.9,31.5,37.3,24.2,30.7,30.46666666666667,1.1150485789116924,23.566666666666663,26.099999999999998,18.5,31.900000000000002,1.6441816606853643,23.857142857142858,26.82857142857143,102.80000000000001,34.771428571428565,3.463752649595898,25.22142857142857,29.264285714285716,139.89999999999998,1.2246467991473532e-16,-1.0,5.800000000000001,1618.5
2024-06-11,31.1,23.1,25.3,6.0,18.9,85,1,6,163,2,2024,29.2,23.4,25.5,30.9,23.3,26.4,31.3,24.0,26.4,33.5,25.2,28.8,37.0,26.8,31.6,35.8,24.2,30.1,30.400000000000006,1.0440306508908872,23.266666666666662,25.733333333333334,18.2,31.557142857142857,1.4987296207759582,23.557142857142857,26.328571428571426,101.4,34.35,3.530035955362797,24.957142857142856,28.814285714285713,145.89999999999998,1.2246467991473532e-16,-1.0,8.0,1606.4999999999998
2024-06-12,31.1,22.6,25.7,6.2,20.2,82,2,6,164,2,2024,31.1,23.1,25.3,29.2,23.4,25.5,30.9,23.3,26.4,32.3,24.2,26.7,38.6,27.0,32.4,34.9,24.9,29.4,30.46666666666667,1.0969655114601304,23.03333333333333,25.5,22.8,31.385714285714283,1.4679107277905858,23.32857142857143,26.185714285714287,73.5,33.81428571428572,3.402229391908379,24.642857142857142,28.33571428571429,152.1,1.2246467991473532e-16,-1.0,8.5,1656.3999999999999
2024-06-13,32.1,23.4,26.1,32.4,20.7,83,3,6,165,2,2024,31.1,22.6,25.7,31.1,23.1,25.3,29.2,23.4,25.5,34.1,23.6,27.1,38.4,27.9,32.8,35.0,24.4,29.3,31.433333333333337,0.5773502691896263,23.033333333333328,25.7,44.599999999999994,31.1,0.9574271077567564,23.3,26.042857142857144,67.6,33.364285714285714,3.156825850526124,24.321428571428573,27.857142857142858,184.5,1.2246467991473532e-16,-1.0,8.700000000000003,1718.1
2024-06-14,30.4,23.2,25.9,8.7,23.7,82,4,6,166,2,2024,32.1,23.4,26.1,31.1,22.6,25.7,31.1,23.1,25.3,32.0,23.3,26.9,39.5,28.0,33.6,36.1,24.6,29.7,31.200000000000006,0.8544003745317545,23.066666666666663,25.900000000000002,47.3,30.871428571428574,0.8957571949930225,23.285714285714285,25.900000000000002,71.8,32.714285714285715,2.7001017481847156,23.978571428571428,27.307142857142857,193.2,1.2246467991473532e-16,-1.0,7.199999999999999,1943.3999999999999
2024-06-15,31.6,23.5,27.2,0.8,21.7,74,5,6,167,2,2024,30.4,23.2,25.9,32.1,23.4,26.1,31.1,22.6,25.7,31.3,24.0,26.4,39.2,27.6,33.8,32.9,23.7,28.7,31.366666666666674,0.8736894948054121,23.36666666666666,26.399999999999995,41.9,30.914285714285715,0.9263343014787107,23.214285714285715,26.014285714285712,66.3,32.17142857142857,1.9577964738368185,23.685714285714283,26.835714285714285,194.0,1.2246467991473532e-16,-1.0,8.100000000000001,1605.8
2024-06-16,31.2,23.9,27.5,2.1,19.1,72,6,6,168,2,2024,31.6,23.5,27.2,30.4,23.2,25.9,32.1,23.4,26.1,30.9,23.3,26.4,37.2,26.1,29.9,32.6,23.1,27.3,31.066666666666674,0.6110100926607802,23.53333333333333,26.866666666666664,11.6,30.957142857142856,0.932482605480992,23.3,26.17142857142857,66.8,31.742857142857144,1.3276435374897604,23.528571428571432,26.664285714285715,170.9,1.2246467991473532e-16,-1.0,7.300000000000001,1375.2
2024-06-17,32.4,23.6,27.8,2.8,17.6,73,0,6,169,2,2024,31.2,23.9,27.5,31.6,23.5,27.2,30.4,23.2,25.9,29.2,23.4,25.5,33.6,22.7,27.8,33.1,24.2,27.1,31.733333333333338,0.6110100926607802,23.66666666666666,27.5,5.7,31.414285714285715,0.6768273325568477,23.328571428571426,26.5,59.0,31.657142857142855,1.2339519288198986,23.592857142857138,26.664285714285715,161.8,1.2246467991473532e-16,-1.0,8.799999999999997,1284.8000000000002
2024-06-18,32.6,23.8,27.9,0.4,18.9,72,1,6,170,2,2024,32.4,23.6,27.8,31.2,23.9,27.5,31.6,23.5,27.2,31.1,23.1,25.3,33.5,25.2,28.8,32.8,23.7,27.1,32.06666666666667,0.7571877794400403,23.766666666666662,27.733333333333334,5.300000000000001,31.62857142857143,0.7889112449329887,23.428571428571427,26.87142857142857,53.4,31.592857142857145,1.1512296340568517,23.49285714285714,26.599999999999998,154.79999999999998,1.2246467991473532e-16,-1.0,8.8,1360.8
2024-06-19,30.3,23.8,27.3,6.5,19.7,72,2,6,171,2,2024,32.6,23.8,27.9,32.4,23.6,27.8,31.2,23.9,27.5,31.1,22.6,25.7,32.3,24.2,26.7,32.7,23.1,28.5,31.76666666666667,1.2741009902410925,23.73333333333333,27.666666666666668,9.7,31.514285714285716,0.9245333443217061,23.599999999999998,27.099999999999998,53.699999999999996,31.449999999999996,1.1804497187354404,23.464285714285715,26.642857142857142,127.2,1.2246467991473532e-16,-1.0,6.5,1418.3999999999999
2024-06-20,32.1,24.5,27.8,0.6,23.7,65,3,6,172,2,2024,30.3,23.8,27.3,32.6,23.8,27.9,32.4,23.6,27.8,32.1,23.4,26.1,34.1,23.6,27.1,34.6,24.7,29.7,31.66666666666667,1.20968315410827,24.03333333333333,27.666666666666668,7.5,31.514285714285712,0.9245333443217061,23.75714285714286,27.342857142857145,21.9,31.307142857142857,0.9294036845162007,23.52857142857143,26.692857142857147,89.5,1.2246467991473532e-16,-1.0,7.600000000000001,1540.5
2024-06-21,32.3,24.5,27.5,2.8,22.8,71,4,6,173,2,2024,32.1,24.5,27.8,30.3,23.8,27.3,32.6,23.8,27.9,30.4,23.2,25.9,32.0,23.3,26.9,35.2,24.4,29.3,31.566666666666674,1.1015141094572183,24.266666666666662,27.53333333333333,9.9,31.785714285714285,0.815329322889014,23.942857142857147,27.571428571428573,16.0,31.32857142857143,0.949840935209089,23.614285714285717,26.735714285714288,87.8,1.2246467991473532e-16,-1.0,7.799999999999997,1618.8
2024-06-22,29.0,23.9,25.7,15.8,16.6,81,5,6,174,2,2024,32.3,24.5,27.5,32.1,24.5,27.8,30.3,23.8,27.3,31.6,23.5,27.2,31.3,24.0,26.4,36.3,25.0,30.3,31.133333333333336,1.8502252115170534,24.299999999999994,27.0,19.200000000000003,31.41428571428571,1.338442591757058,24.0,27.357142857142858,31.0,31.164285714285715,1.1358542314777695,23.607142857142858,26.685714285714287,97.30000000000001,1.2246467991473532e-16,-1.0,5.100000000000001,1344.6000000000001
2024-06-23,31.9,23.2,27.2,2.5,20.5,74,6,6,175,2,2024,29.0,23.9,25.7,32.3,24.5,27.5,32.1,24.5,27.8,31.2,23.9,27.5,30.9,23.3,26.4,38.6,26.4,32.1,31.066666666666666,1.800925687898677,23.86666666666666,26.8,21.1,31.514285714285712,1.3458932243790156,23.900000000000002,27.314285714285713,31.4,31.235714285714288,1.1493189574418259,23.6,26.74285714285714,98.19999999999999,1.2246467991473532e-16,-1.0,8.7,1517.0
2024-06-24,31.5,23.8,27.7,0.1,16.5,67,0,6,176,2,2024,31.9,23.2,27.2,29.0,23.9,25.7,32.3,24.5,27.5,32.4,23.6,27.8,29.2,23.4,25.5,37.0,27.3,31.7,30.8,1.5716233645501672,23.633333333333326,26.866666666666664,18.400000000000002,31.385714285714283,1.2889641466811064,23.928571428571427,27.3,28.700000000000003,31.400000000000002,0.9891721480422876,23.628571428571426,26.9,87.7,1.2246467991473532e-16,-1.0,7.699999999999999,1105.5
2024-06-25,32.5,24.1,27.2,7.9,22.3,74,1,6,177,2,2024,31.5,23.8,27.7,31.9,23.2,27.2,29.0,23.9,25.7,32.6,23.8,27.9,31.1,23.1,25.3,37.6,28.2,32.3,31.96666666666667,0.5033222956847297,23.7,27.366666666666664,10.5,31.37142857142857,1.2737271891506963,23.97142857142857,27.2,36.2,31.5,1.0265700920283924,23.7,27.035714285714285,89.6,1.2246467991473532e-16,-1.0,8.399999999999999,1650.2
2024-06-26,31.7,24.0,26.9,7.4,25.8,77,2,6,178,2,2024,32.5,24.1,27.2,31.5,23.8,27.7,31.9,23.2,27.2,30.3,23.8,27.3,31.1,22.6,25.7,38.0,27.9,31.5,31.900000000000002,0.529150262212929,23.966666666666658,27.266666666666666,15.4,31.571428571428573,1.1842216652222326,24.0,27.142857142857142,37.1,31.54285714285714,1.0210961573908597,23.8,27.12142857142857,90.8,1.2246467991473532e-16,-1.0,7.699999999999999,1986.6000000000001
2024-06-27,27.5,23.5,25.0,28.0,21.8,86,3,6,179,2,2024,31.7,24.0,26.9,32.5,24.1,27.2,31.5,23.8,27.7,32.1,24.5,27.8,32.1,23.4,26.1,37.0,26.8,31.6,30.566666666666674,2.6857649437978215,23.866666666666664,26.366666666666664,43.3,30.914285714285715,1.9012527198567588,23.857142857142858,26.74285714285714,64.5,31.214285714285715,1.469619073019034,23.807142857142857,27.042857142857144,86.4,1.2246467991473532e-16,-1.0,4.0,1874.8
2024-06-28,28.9,23.0,25.2,8.9,25.7,84,4,6,180,2,2024,27.5,23.5,25.0,31.7,24.0,26.9,32.5,24.1,27.2,32.3,24.5,27.5,30.4,23.2,25.9,38.6,27.0,32.4,29.36666666666667,2.138535324312714,23.499999999999996,25.7,44.300000000000004,30.428571428571427,1.9224240650062483,23.642857142857142,26.41428571428571,70.60000000000001,31.107142857142858,1.5837949972795493,23.792857142857144,26.99285714285714,86.6,1.2246467991473532e-16,-1.0,5.899999999999999,2158.7999999999997
2024-06-29,30.0,23.4,26.6,2.2,25.8,75,5,6,181,2,2024,28.9,23.0,25.2,27.5,23.5,25.0,31.7,24.0,26.9,29.0,23.9,25.7,31.6,23.5,27.2,38.4,27.9,32.8,28.8,1.2529964086141414,23.299999999999994,25.600000000000005,39.1,30.571428571428573,1.8336796209757584,23.571428571428573,26.542857142857144,57.00000000000001,30.992857142857144,1.603104817205107,23.785714285714285,26.949999999999996,88.0,1.2246467991473532e-16,-1.0,6.600000000000001,1935.0
2024-06-30,28.6,23.7,25.3,11.8,19.7,85,6,6,182,2,2024,30.0,23.4,26.6,28.9,23.0,25.2,27.5,23.5,25.0,31.9,23.2,27.2,31.2,23.9,27.5,39.5,28.0,33.6,29.166666666666668,0.7371114795831631,23.36666666666666,25.700000000000003,22.900000000000002,30.1,1.8592113023181513,23.642857142857142,26.271428571428572,66.3,30.807142857142853,1.7233528527107467,23.771428571428572,26.79285714285714,97.7,1.2246467991473532e-16,-1.0,4.900000000000002,1674.5
2024-07-01,28.9,23.4,26.0,1.0,26.8,77,0,7,183,3,2024,28.6,23.7,25.3,30.0,23.4,26.6,28.9,23.0,25.2,31.5,23.8,27.7,32.4,23.6,27.8,39.2,27.6,33.8,29.16666666666667,0.7371114795831631,23.499999999999996,25.96666666666667,15.000000000000002,29.728571428571428,1.7913814833944617,23.585714285714285,26.02857142857143,67.2,30.557142857142857,1.7283670753789624,23.75714285714286,26.66428571428571,95.89999999999999,-0.4999999999999997,-0.8660254037844388,5.5,2063.6
2024-07-02,30.9,23.6,26.4,1.8,30.9,72,1,7,184,3,2024,28.9,23.4,26.0,28.6,23.7,25.3,30.0,23.4,26.6,32.5,24.1,27.2,32.6,23.8,27.9,37.2,26.1,29.9,29.46666666666667,1.2503332889007175,23.566666666666663,25.900000000000002,14.600000000000001,29.5,1.447987108598557,23.514285714285716,25.914285714285715,61.1,30.435714285714283,1.6307653431431872,23.742857142857144,26.557142857142857,97.3,-0.4999999999999997,-0.8660254037844388,7.299999999999997,2224.7999999999997
2024-07-03,30.7,23.5,26.6,0.0,25.1,73,2,7,185,3,2024,30.9,23.6,26.4,28.9,23.4,26.0,28.6,23.7,25.3,31.7,24.0,26.9,30.3,23.8,27.3,33.6,22.7,27.8,30.166666666666668,1.1015141094572083,23.499999999999996,26.333333333333332,2.8,29.357142857142858,1.2272695205990538,23.442857142857147,25.87142857142857,53.7,30.464285714285715,1.6317084688981156,23.72142857142857,26.507142857142856,90.8,-0.4999999999999997,-0.8660254037844388,7.199999999999999,1832.3000000000002
2024-07-04,31.3,24.0,27.0,0.1,24.5,71,3,7,186,3,2024,30.7,23.5,26.6,30.9,23.6,26.4,28.9,23.4,26.0,27.5,23.5,25.0,32.1,24.5,27.8,33.5,25.2,28.8,30.96666666666667,0.3055050463303782,23.7,26.666666666666668,1.9000000000000001,29.9,1.1030261405186965,23.514285714285716,26.157142857142855,25.8,30.407142857142855,1.5833092344420443,23.685714285714287,26.449999999999996,90.3,-0.4999999999999997,-0.8660254037844388,7.300000000000001,1739.5
2024-07-05,30.8,23.7,26.2,2.4,25.1,77,4,7,187,3,2024,31.3,24.0,27.0,30.7,23.5,26.6,30.9,23.6,26.4,28.9,23.0,25.2,32.3,24.5,27.5,32.3,24.2,26.7,30.933333333333337,0.32145502536641923,23.73333333333333,26.599999999999998,2.5,30.171428571428574,1.0483547200487517,23.614285714285717,26.300000000000004,19.3,30.3,1.4935759876118058,23.62857142857143,26.357142857142858,89.89999999999999,-0.4999999999999997,-0.8660254037844388,7.100000000000001,1932.7
2024-07-06,29.6,23.2,25.6,9.9,27.6,80,5,7,188,3,2024,30.8,23.7,26.2,31.3,24.0,27.0,30.7,23.5,26.6,30.0,23.4,26.6,29.0,23.9,25.7,34.1,23.6,27.1,30.566666666666674,0.8736894948053977,23.633333333333326,26.26666666666667,12.4,30.114285714285717,1.069935467569324,23.585714285714285,26.157142857142855,27.0,30.342857142857138,1.461671480355574,23.57857142857143,26.349999999999998,84.0,-0.4999999999999997,-0.8660254037844388,6.400000000000002,2208.0
2024-07-07,28.9,22.8,25.2,9.3,19.5,82,6,7,189,3,2024,29.6,23.2,25.6,30.8,23.7,26.2,31.3,24.0,27.0,28.6,23.7,25.3,31.9,23.2,27.2,32.0,23.3,26.9,29.76666666666667,0.960902353693279,23.23333333333333,25.666666666666668,21.6,30.157142857142855,1.0030904626160877,23.457142857142856,26.142857142857142,24.5,30.12857142857143,1.4354996832673759,23.55,26.207142857142856,90.8,-0.4999999999999997,-0.8660254037844388,6.099999999999998,1599.0
2024-07-08,29.1,22.7,24.8,25.9,15.3,86,0,7,190,3,2024,28.9,22.8,25.2,29.6,23.2,25.6,30.8,23.7,26.2,28.9,23.4,26.0,31.5,23.8,27.7,31.3,24.0,26.4,29.200000000000003,0.3605551275463009,22.899999999999995,25.2,45.1,30.185714285714287,0.9633769968688866,23.357142857142858,25.97142857142857,49.4,29.957142857142856,1.4020393310159764,23.47142857142857,26.0,116.60000000000001,-0.4999999999999997,-0.8660254037844388,6.400000000000002,1315.8
2024-07-09,29.3,23.1,25.3,8.6,17.9,83,1,7,191,3,2024,29.1,22.7,24.8,28.9,22.8,25.2,29.6,23.2,25.6,30.9,23.6,26.4,32.5,24.1,27.2,30.9,23.3,26.4,29.100000000000005,0.19999999999981377,22.86666666666666,25.099999999999998,43.800000000000004,29.95714285714286,0.9554355775550979,23.285714285714285,25.814285714285713,56.2,29.728571428571428,1.2021957932367866,23.400000000000002,25.864285714285717,117.3,-0.4999999999999997,-0.8660254037844388,6.199999999999999,1485.6999999999998
2024-07-10,31.2,22.6,26.4,2.1,20.1,73,2,7,192,3,2024,29.3,23.1,25.3,29.1,22.7,24.8,28.9,22.8,25.2,30.7,23.5,26.6,31.7,24.0,26.9,29.2,23.4,25.5,29.86666666666667,1.1590225767142275,22.799999999999997,25.5,36.6,30.02857142857143,1.035558280533667,23.157142857142855,25.785714285714285,58.300000000000004,29.692857142857147,1.1452002080357073,23.3,25.828571428571426,112.0,-0.4999999999999997,-0.8660254037844388,8.599999999999998,1467.3000000000002
2024-07-11,31.0,23.1,26.3,12.0,21.6,76,3,7,193,3,2024,31.2,22.6,26.4,29.3,23.1,25.3,29.1,22.7,24.8,31.3,24.0,27.0,27.5,23.5,25.0,31.1,23.1,25.3,30.5,1.0440306508910464,22.933333333333326,26.0,22.7,29.985714285714288,0.9788233947429614,23.02857142857143,25.685714285714287,70.2,29.942857142857147,1.0028530728455358,23.271428571428572,25.92142857142857,96.0,-0.4999999999999997,-0.8660254037844388,7.899999999999999,1641.6000000000001
2024-07-12,30.9,23.3,26.2,3.3,24.5,76,4,7,194,3,2024,31.0,23.1,26.3,31.2,22.6,26.4,29.3,23.1,25.3,30.8,23.7,26.2,28.9,23.0,25.2,31.1,22.6,25.7,31.033333333333335,0.15275252316521173,23.0,26.3,17.4,30.0,0.9933109617172067,22.97142857142857,25.685714285714287,71.1,30.085714285714285,0.9851646819445274,23.292857142857144,25.99285714285714,90.4,-0.4999999999999997,-0.8660254037844388,7.599999999999998,1862.0
2024-07-13,30.5,23.1,25.9,3.6,28.2,78,5,7,195,3,2024,30.9,23.3,26.2,31.0,23.1,26.3,31.2,22.6,26.4,29.6,23.2,25.6,30.0,23.4,26.6,32.1,23.4,26.1,30.8,0.2645751311064523,23.16666666666666,26.13333333333333,18.9,30.12857142857143,0.9911513266811659,22.95714285714286,25.728571428571428,64.8,30.12142857142857,0.990864868089786,23.271428571428572,25.942857142857143,91.8,-0.4999999999999997,-0.8660254037844388,7.399999999999999,2199.6
2024-07-14,26.2,23.0,24.4,17.7,23.0,88,6,7,196,3,2024,30.5,23.1,25.9,30.9,23.3,26.2,31.0,23.1,26.3,28.9,22.8,25.2,28.6,23.7,25.3,30.4,23.2,25.9,29.200000000000003,2.6057628441590657,23.13333333333333,25.5,24.599999999999998,29.74285714285714,1.769046016791178,22.985714285714288,25.614285714285717,73.19999999999999,29.95,1.398213145411474,23.221428571428568,25.87857142857143,97.7,-0.4999999999999997,-0.8660254037844388,3.1999999999999993,2024.0
2024-07-15,29.1,23.3,24.7,5.4,23.0,87,0,7,197,3,2024,26.2,23.0,24.4,30.5,23.1,25.9,30.9,23.3,26.2,29.1,22.7,24.8,28.9,23.4,26.0,31.6,23.5,27.2,28.600000000000005,2.193171219946114,23.13333333333333,25.0,26.699999999999996,29.74285714285714,1.769046016791178,23.071428571428577,25.599999999999998,52.699999999999996,29.964285714285715,1.3876416866579404,23.214285714285715,25.785714285714285,102.1,-0.4999999999999997,-0.8660254037844388,5.800000000000001,2001.0
2024-07-16,29.8,23.0,25.6,8.8,23.9,81,1,7,198,3,2024,29.1,23.3,24.7,26.2,23.0,24.4,30.5,23.1,25.9,29.3,23.1,25.3,30.9,23.6,26.4,31.2,23.9,27.5,28.36666666666667,1.908751773629367,23.099999999999994,24.900000000000002,31.9,29.814285714285713,1.7582458791163105,23.057142857142857,25.642857142857142,52.9,29.885714285714283,1.361479479693997,23.17142857142857,25.728571428571428,109.10000000000001,-0.4999999999999997,-0.8660254037844388,6.800000000000001,1935.8999999999999
2024-07-17,28.7,22.9,25.1,3.6,28.7,81,2,7,199,3,2024,29.8,23.0,25.6,29.1,23.3,24.7,26.2,23.0,24.4,31.2,22.6,26.4,30.7,23.5,26.6,32.4,23.6,27.8,29.200000000000003,0.5567764362829524,23.066666666666663,25.133333333333336,17.8,29.457142857142856,1.6821188452439264,23.099999999999998,25.457142857142856,54.4,29.742857142857144,1.3743330050583478,23.128571428571426,25.621428571428574,112.7,-0.4999999999999997,-0.8660254037844388,5.800000000000001,2324.7
2024-07-18,27.6,23.1,24.9,10.8,26.7,85,3,7,200,3,2024,28.7,22.9,25.1,29.8,23.0,25.6,29.1,23.3,24.7,31.0,23.1,26.3,31.3,24.0,27.0,32.6,23.8,27.9,28.700000000000003,1.0999999999999661,22.999999999999996,25.2,23.200000000000003,28.97142857142857,1.652991516125219,23.1,25.257142857142856,53.2,29.478571428571428,1.4072223439372658,23.064285714285713,25.47142857142857,123.39999999999999,-0.4999999999999997,-0.8660254037844388,4.5,2269.5
2024-07-19,27.5,22.4,23.9,28.3,27.9,90,4,7,201,3,2024,27.6,23.1,24.9,28.7,22.9,25.1,29.8,23.0,25.6,30.9,23.3,26.2,30.8,23.7,26.2,30.3,23.8,27.3,27.933333333333337,0.6658328118478639,22.799999999999997,24.633333333333336,42.7,28.485714285714288,1.482597463270555,22.971428571428568,24.928571428571427,78.2,29.24285714285714,1.4447327598052084,22.971428571428568,25.307142857142853,149.3,-0.4999999999999997,-0.8660254037844388,5.100000000000001,2511.0
2024-07-20,25.9,22.7,23.4,20.6,34.2,91,5,7,202,3,2024,27.5,22.4,23.9,27.6,23.1,24.9,28.7,22.9,25.1,30.5,23.1,25.9,29.6,23.2,25.6,32.1,24.5,27.8,27.0,0.9539392014168784,22.73333333333333,24.066666666666663,59.7,27.828571428571426,1.4602674249540946,22.914285714285715,24.571428571428573,95.2,28.978571428571428,1.6916894475094657,22.935714285714287,25.150000000000002,160.0,-0.4999999999999997,-0.8660254037844388,3.1999999999999993,3112.2000000000003
2024-07-21,27.7,22.4,24.1,13.5,28.4,86,6,7,203,3,2024,25.9,22.7,23.4,27.5,22.4,23.9,27.6,23.1,24.9,26.2,23.0,24.4,28.9,22.8,25.2,32.3,24.5,27.5,27.033333333333335,0.9865765724631846,22.499999999999996,23.8,62.400000000000006,28.042857142857144,1.280438912843912,22.82857142857143,24.52857142857143,91.0,28.892857142857142,1.7260289175380406,22.907142857142855,25.071428571428573,164.2,-0.4999999999999997,-0.8660254037844388,5.300000000000001,2442.4
2024-07-22,25.8,22.8,24.0,10.2,28.2,88,0,7,204,3,2024,27.7,22.4,24.1,25.9,22.7,23.4,27.5,22.4,23.9,29.1,23.3,24.7,29.1,22.7,24.8,29.0,23.9,25.7,26.46666666666667,1.069267662156293,22.633333333333326,23.833333333333332,44.3,27.571428571428573,1.4256159905044856,22.757142857142856,24.428571428571427,95.8,28.657142857142855,1.9109861673674946,22.914285714285715,25.014285714285712,148.5,-0.4999999999999997,-0.8660254037844388,3.0,2481.6
2024-07-23,26.6,23.0,24.3,11.9,32.2,87,1,7,205,3,2024,25.8,22.8,24.0,27.7,22.4,24.1,25.9,22.7,23.4,29.8,23.0,25.6,29.3,23.1,25.3,31.9,23.2,27.2,26.700000000000003,0.9539392014168715,22.73333333333333,24.133333333333336,35.599999999999994,27.114285714285717,1.057400226071667,22.757142857142856,24.242857142857144,98.9,28.464285714285715,1.9762463031088184,22.907142857142855,24.942857142857143,151.79999999999998,-0.4999999999999997,-0.8660254037844388,3.6000000000000014,2801.4
2024-07-24,24.6,22.4,23.3,25.7,28.4,90,2,7,206,3,2024,26.6,23.0,24.3,25.8,22.8,24.0,27.7,22.4,24.1,28.7,22.9,25.1,31.2,22.6,26.4,31.5,23.8,27.7,25.66666666666667,1.0066445913693436,22.73333333333333,23.866666666666664,47.8,26.528571428571432,1.1629191512664063,22.685714285714287,23.985714285714288,121.0,27.99285714285714,2.0589258908901416,22.892857142857142,24.72142857142857,175.39999999999998,-0.4999999999999997,-0.8660254037844388,2.200000000000003,2556.0
2024-07-25,24.9,22.4,23.2,18.2,28.9,91,3,7,207,3,2024,24.6,22.4,23.3,26.6,23.0,24.3,25.8,22.8,24.0,27.6,23.1,24.9,31.0,23.1,26.3,32.5,24.1,27.2,25.36666666666667,1.0785793124908067,22.599999999999994,23.599999999999998,55.8,26.142857142857142,1.195626952491901,22.585714285714285,23.742857142857144,128.4,27.557142857142853,2.01864931450391,22.842857142857145,24.5,181.6,-0.4999999999999997,-0.8660254037844388,2.5,2629.9
2024-07-26,27.2,22.0,23.9,13.5,29.6,85,4,7,208,3,2024,24.9,22.4,23.2,24.6,22.4,23.3,26.6,23.0,24.3,27.5,22.4,23.9,30.9,23.3,26.2,31.7,24.0,26.9,25.566666666666666,1.4224392195567257,22.266666666666662,23.46666666666667,57.39999999999999,26.099999999999998,1.1430952132993697,22.528571428571432,23.74285714285714,113.6,27.292857142857144,1.7748084558473267,22.75,24.335714285714285,191.8,-0.4999999999999997,-0.8660254037844388,5.199999999999999,2516.0
2024-07-27,25.5,22.9,23.7,10.5,27.8,88,5,7,209,3,2024,27.2,22.0,23.9,24.9,22.4,23.2,24.6,22.4,23.3,25.9,22.7,23.4,30.5,23.1,25.9,27.5,23.5,25.0,25.86666666666667,1.1930353445448134,22.433333333333326,23.599999999999998,42.2,26.042857142857144,1.1645559137249468,22.557142857142853,23.785714285714285,103.5,26.935714285714287,1.571186295010423,22.735714285714288,24.178571428571427,198.7,-0.4999999999999997,-0.8660254037844388,2.6000000000000014,2446.4
2024-07-28,28.7,22.7,25.1,4.8,32.4,81,6,7,210,3,2024,25.5,22.9,23.7,27.2,22.0,23.9,24.9,22.4,23.2,27.7,22.4,24.1,26.2,23.0,24.4,28.9,23.0,25.2,27.133333333333336,1.6010413278030105,22.53333333333333,24.23333333333333,28.8,26.185714285714283,1.4322808982283568,22.6,23.928571428571427,94.8,27.114285714285717,1.622371077186127,22.714285714285715,24.228571428571428,185.79999999999998,-0.4999999999999997,-0.8660254037844388,6.0,2624.4
2024-07-29,29.3,23.3,25.3,3.8,24.0,82,0,7,211,3,2024,28.7,22.7,25.1,25.5,22.9,23.7,27.2,22.0,23.9,25.8,22.8,24.0,29.1,23.3,24.7,30.0,23.4,26.6,27.833333333333332,2.0428737928059255,22.966666666666665,24.700000000000003,19.1,26.685714285714287,1.8306907361511902,22.67142857142857,24.114285714285717,88.4,27.128571428571426,1.641963445404956,22.714285714285715,24.271428571428572,184.2,-0.4999999999999997,-0.8660254037844388,6.0,1968.0
2024-07-30,29.9,23.4,26.0,0.0,25.1,78,1,7,212,3,2024,29.3,23.3,25.3,28.7,22.7,25.1,25.5,22.9,23.7,26.6,23.0,24.3,29.8,23.0,25.6,28.6,23.7,25.3,29.3,0.6000000000000139,23.133333333333326,25.46666666666667,8.6,27.157142857142855,2.1938224957498993,22.728571428571428,24.357142857142858,76.5,27.13571428571429,1.6546471354519363,22.74285714285714,24.3,175.4,-0.4999999999999997,-0.8660254037844388,6.5,1957.8000000000002
2024-07-31,29.6,23.4,26.1,1.5,26.3,77,2,7,213,3,2024,29.9,23.4,26.0,29.3,23.3,25.3,28.7,22.7,25.1,24.6,22.4,23.3,28.7,22.9,25.1,28.9,23.4,26.0,29.600000000000005,0.3000000000000575,23.36666666666666,25.8,5.3,27.87142857142857,2.03036473383037,22.87142857142857,24.75714285714286,52.3,27.199999999999996,1.735600095733413,22.778571428571432,24.371428571428574,173.29999999999998,-0.4999999999999997,-0.8660254037844388,6.200000000000003,2025.1000000000001
2024-08-01,29.0,23.7,25.5,3.7,23.4,81,3,8,214,3,2024,29.6,23.4,26.1,29.9,23.4,26.0,29.3,23.3,25.3,24.9,22.4,23.2,27.6,23.1,24.9,30.9,23.6,26.4,29.5,0.4582575694956164,23.499999999999996,25.86666666666667,5.2,28.457142857142856,1.5693492736985641,23.057142857142853,25.085714285714285,37.8,27.300000000000004,1.799572598831082,22.821428571428573,24.414285714285715,166.2,-0.8660254037844385,-0.5000000000000004,5.300000000000001,1895.3999999999999
2024-08-02,27.4,22.9,24.5,11.5,29.2,85,4,8,215,3,2024,29.0,23.7,25.5,29.6,23.4,26.1,29.9,23.4,26.0,27.2,22.0,23.9,27.5,22.4,23.9,30.7,23.5,26.6,28.666666666666668,1.1372481406154615,23.333333333333325,25.36666666666667,16.7,28.485714285714288,1.5442674330448631,23.185714285714283,25.171428571428574,35.8,27.292857142857144,1.7989160350336029,22.857142857142858,24.45714285714286,149.39999999999998,-0.8660254037844385,-0.5000000000000004,4.5,2482.0
2024-08-03,28.2,23.1,25.4,0.4,30.3,77,5,8,216,3,2024,27.4,22.9,24.5,29.0,23.7,25.5,29.6,23.4,26.1,25.5,22.9,23.7,25.9,22.7,23.4,31.3,24.0,27.0,28.200000000000003,0.799999999999979,23.23333333333333,25.13333333333333,15.6,28.87142857142857,0.8596787882974982,23.214285714285715,25.414285714285715,25.7,27.457142857142856,1.766663211000042,22.885714285714283,24.599999999999998,129.2,-0.8660254037844385,-0.5000000000000004,5.099999999999998,2333.1
2024-08-04,29.0,22.9,25.2,4.9,24.9,80,6,8,217,3,2024,28.2,23.1,25.4,27.4,22.9,24.5,29.0,23.7,25.5,28.7,22.7,25.1,27.7,22.4,24.1,30.8,23.7,26.2,28.200000000000003,0.799999999999979,22.966666666666658,25.03333333333333,16.799999999999997,28.914285714285715,0.8571825387646069,23.24285714285714,25.428571428571427,25.8,27.55,1.8139417342865982,22.92142857142857,24.678571428571427,120.6,-0.8660254037844385,-0.5000000000000004,6.100000000000001,1992.0
2024-08-05,30.2,22.7,25.8,0.5,21.4,77,0,8,218,3,2024,29.0,22.9,25.2,28.2,23.1,25.4,27.4,22.9,24.5,29.3,23.3,25.3,25.8,22.8,24.0,29.6,23.2,25.6,29.133333333333336,1.0066445913694406,22.899999999999995,25.466666666666665,5.799999999999999,29.042857142857144,0.9829498848829974,23.157142857142855,25.5,22.5,27.86428571428571,1.8677864903752661,22.91428571428571,24.807142857142857,110.89999999999999,-0.8660254037844385,-0.5000000000000004,7.5,1647.8
2024-08-06,29.1,22.5,25.2,5.5,21.5,82,1,8,219,3,2024,30.2,22.7,25.8,29.0,22.9,25.2,28.2,23.1,25.4,29.9,23.4,26.0,26.6,23.0,24.3,28.9,22.8,25.2,29.433333333333337,0.6658328118479617,22.699999999999992,25.400000000000002,10.899999999999999,28.928571428571427,0.9105205209376945,23.02857142857143,25.385714285714283,28.0,28.042857142857144,1.8570921379385423,22.878571428571426,24.87142857142857,104.5,-0.8660254037844385,-0.5000000000000004,6.600000000000001,1763.0
2024-08-07,25.1,22.6,23.5,22.2,18.9,92,2,8,220,3,2024,29.1,22.5,25.2,30.2,22.7,25.8,29.0,22.9,25.2,29.6,23.4,26.1,24.6,22.4,23.3,29.1,22.7,24.8,28.133333333333336,2.68390263112008,22.599999999999994,24.833333333333332,28.199999999999996,28.285714285714285,1.6476534540864427,22.914285714285715,25.014285714285712,48.7,28.07857142857143,1.7893611113509522,22.892857142857142,24.885714285714283,101.0,-0.8660254037844385,-0.5000000000000004,2.5,1738.8
2024-08-08,29.0,22.0,24.6,7.9,18.5,83,3,8,221,3,2024,25.1,22.6,23.5,29.1,22.5,25.2,30.2,22.7,25.8,29.0,23.7,25.5,24.9,22.4,23.2,29.3,23.1,25.3,27.733333333333338,2.2810816147900685,22.36666666666666,24.433333333333337,35.6,28.285714285714285,1.6476534540864427,22.671428571428574,24.885714285714283,52.900000000000006,28.371428571428574,1.548412870517509,22.86428571428571,24.985714285714288,90.7,-0.8660254037844385,-0.5000000000000004,7.0,1535.5
2024-08-09,30.3,21.9,25.3,3.6,15.6,81,4,8,222,3,2024,29.0,22.0,24.6,25.1,22.6,23.5,29.1,22.5,25.2,27.4,22.9,24.5,27.2,22.0,23.9,31.2,22.6,26.4,28.133333333333336,2.706165799305963,22.16666666666666,24.46666666666667,33.7,28.7,1.7492855684538895,22.52857142857143,25.0,45.00000000000001,28.592857142857138,1.5891285883563577,22.857142857142854,25.08571428571429,80.8,-0.8660254037844385,-0.5000000000000004,8.400000000000002,1263.6
2024-08-10,30.3,22.8,26.0,0.4,14.8,78,5,8,223,3,2024,30.3,21.9,25.3,29.0,22.0,24.6,25.1,22.6,23.5,28.2,23.1,25.4,25.5,22.9,23.7,31.0,23.1,26.3,29.86666666666667,0.750555349946535,22.23333333333333,25.3,11.9,29.0,1.8275666882499864,22.485714285714288,25.085714285714285,45.0,28.935714285714283,1.3737131840706873,22.849999999999998,25.25,70.7,-0.8660254037844385,-0.5000000000000004,7.5,1154.4
2024-08-11,29.4,22.9,25.8,0.2,16.1,76,6,8,224,3,2024,30.3,22.8,26.0,30.3,21.9,25.3,29.0,22.0,24.6,29.0,22.9,25.2,28.7,22.7,25.1,30.9,23.3,26.2,30.0,0.5196152422706645,22.53333333333333,25.7,4.2,29.057142857142857,1.8338094619829404,22.485714285714288,25.17142857142857,40.3,28.985714285714284,1.3772085160588423,22.864285714285717,25.300000000000004,66.1,-0.8660254037844385,-0.5000000000000004,6.5,1223.6000000000001
2024-08-12,28.2,23.1,24.9,39.0,11.7,85,0,8,225,3,2024,29.4,22.9,25.8,30.3,22.8,26.0,30.3,21.9,25.3,30.2,22.7,25.8,29.3,23.3,25.3,30.5,23.1,25.9,29.3,1.0535653752852756,22.933333333333326,25.566666666666666,39.6,28.77142857142857,1.7811178940154395,22.542857142857144,25.04285714285714,78.8,28.907142857142862,1.3892246236468657,22.849999999999998,25.271428571428572,101.30000000000001,-0.8660254037844385,-0.5000000000000004,5.099999999999998,994.4999999999999
2024-08-13,30.4,22.6,26.2,2.2,10.2,82,1,8,226,3,2024,28.2,23.1,24.9,29.4,22.9,25.8,30.3,22.8,26.0,29.1,22.5,25.2,29.9,23.4,26.0,26.2,23.0,24.4,29.333333333333332,1.1015141094572214,22.866666666666664,25.633333333333336,41.400000000000006,28.957142857142856,1.8857864344064792,22.557142857142857,25.185714285714287,75.5,28.942857142857143,1.4227353317386673,22.792857142857144,25.285714285714285,103.5,-0.8660254037844385,-0.5000000000000004,7.799999999999997,836.4
2024-08-14,30.8,23.6,27.0,0.2,10.1,80,2,8,227,3,2024,30.4,22.6,26.2,28.2,23.1,24.9,29.4,22.9,25.8,25.1,22.6,23.5,29.6,23.4,26.1,29.1,23.3,24.7,29.8,1.4000000000000024,23.099999999999994,26.03333333333333,41.4,29.771428571428572,0.9322272357363209,22.699999999999996,25.685714285714287,53.49999999999999,29.028571428571432,1.499450448782266,22.807142857142853,25.349999999999998,102.2,-0.8660254037844385,-0.5000000000000004,7.199999999999999,808.0
2024-08-15,31.0,23.3,26.5,1.1,11.4,83,3,8,228,3,2024,30.8,23.6,27.0,30.4,22.6,26.2,28.2,23.1,24.9,29.0,22.0,24.6,29.0,23.7,25.5,29.8,23.0,25.6,30.733333333333334,0.3055050463304129,23.16666666666666,26.566666666666666,3.5,30.057142857142857,0.9623879031821917,22.885714285714283,25.95714285714286,46.699999999999996,29.17142857142857,1.5891113004684028,22.77857142857143,25.42142857142857,99.60000000000001,-0.8660254037844385,-0.5000000000000004,7.699999999999999,946.2
2024-08-16,31.2,23.1,25.4,26.6,20.0,88,4,8,229,3,2024,31.0,23.3,26.5,30.8,23.6,27.0,30.4,22.6,26.2,30.3,21.9,25.3,27.4,22.9,24.5,28.7,22.9,25.1,31.000000000000004,0.2000000000000367,23.33333333333333,26.299999999999997,27.900000000000002,30.185714285714283,1.0558228567154782,23.057142857142857,25.971428571428568,69.69999999999999,29.442857142857143,1.5877968702263154,22.792857142857144,25.485714285714284,114.7,-0.8660254037844385,-0.5000000000000004,8.099999999999998,1760.0
2024-08-17,30.4,22.8,26.4,3.2,10.8,82,5,8,230,3,2024,31.2,23.1,25.4,31.0,23.3,26.5,30.8,23.6,27.0,30.3,22.8,26.0,28.2,23.1,25.4,27.6,23.1,24.9,30.86666666666667,0.4163331998932458,23.066666666666663,26.099999999999998,30.900000000000002,30.2,1.058300524426274,23.057142857142857,26.02857142857143,72.5,29.599999999999998,1.564018492907097,22.771428571428572,25.557142857142857,117.5,-0.8660254037844385,-0.5000000000000004,7.599999999999998,885.6
2024-08-18,31.2,23.6,26.5,7.8,9.3,83,6,8,231,3,2024,30.4,22.8,26.4,31.2,23.1,25.4,31.0,23.3,26.5,29.4,22.9,25.8,29.0,22.9,25.2,27.5,22.4,23.9,30.933333333333337,0.46188021535171764,23.166666666666668,26.099999999999998,37.6,30.457142857142856,1.0501700542569503,23.157142857142855,26.128571428571426,80.1,29.75714285714286,1.6089720969590209,22.821428571428573,25.650000000000002,120.4,-0.8660254037844385,-0.5000000000000004,7.599999999999998,771.9000000000001
2024-08-19,28.8,23.6,25.2,17.3,8.0,90,0,8,232,3,2024,31.2,23.6,26.5,30.4,22.8,26.4,31.2,23.1,25.4,28.2,23.1,24.9,30.2,22.7,25.8,25.9,22.7,23.4,30.133333333333336,1.2220201853215635,23.33333333333333,26.03333333333333,28.3,30.542857142857144,0.8383657572074596,23.22857142857143,26.17142857142857,58.400000000000006,29.657142857142855,1.6227774318766326,22.88571428571429,25.607142857142858,137.20000000000002,-0.8660254037844385,-0.5000000000000004,5.199999999999999,720.0
2024-08-20,29.9,23.1,25.5,8.2,7.6,85,1,8,233,3,2024,28.8,23.6,25.2,31.2,23.6,26.5,30.4,22.8,26.4,30.4,22.6,26.2,29.1,22.5,25.2,27.7,22.4,24.1,29.96666666666667,1.2013880860626798,23.433333333333326,25.73333333333333,33.3,30.47142857142857,0.8731442906999122,23.300000000000004,26.071428571428573,64.4,29.714285714285715,1.6157194838680884,22.928571428571434,25.62857142857143,139.9,-0.8660254037844385,-0.5000000000000004,6.799999999999997,646.0
2024-08-21,31.2,23.0,26.7,7.4,12.0,81,2,8,234,3,2024,29.9,23.1,25.5,28.8,23.6,25.2,31.2,23.6,26.5,30.8,23.6,27.0,25.1,22.6,23.5,25.8,22.8,24.0,29.96666666666667,1.2013880860626798,23.23333333333333,25.799999999999997,32.9,30.52857142857143,0.9105205209376197,23.214285714285715,26.02857142857143,71.6,30.15,0.9685437125284152,22.95714285714286,25.857142857142858,125.10000000000001,-0.8660254037844385,-0.5000000000000004,8.2,972.0
2024-08-22,30.1,22.7,25.7,6.9,17.5,82,3,8,235,3,2024,31.2,23.0,26.7,29.9,23.1,25.5,28.8,23.6,25.2,31.0,23.3,26.5,29.0,22.0,24.6,26.6,23.0,24.3,30.400000000000006,0.700000000000013,22.933333333333326,25.96666666666667,22.5,30.4,0.8962886439837555,23.12857142857143,25.91428571428571,77.4,30.22857142857143,0.9109830458858674,23.00714285714286,25.935714285714283,124.1,-0.8660254037844385,-0.5000000000000004,7.400000000000002,1435.0
2024-08-23,28.4,23.2,25.5,0.2,22.2,79,4,8,236,3,2024,30.1,22.7,25.7,31.2,23.0,26.7,29.9,23.1,25.5,31.2,23.1,25.4,30.3,21.9,25.3,24.6,22.4,23.3,29.900000000000002,1.410673597966595,22.966666666666658,25.96666666666667,14.5,30.0,1.0847426730186334,23.142857142857142,25.928571428571427,51.0,30.092857142857145,1.0328930883056333,23.1,25.949999999999996,120.7,-0.8660254037844385,-0.5000000000000004,5.199999999999999,1753.8
2024-08-24,27.3,22.9,24.3,12.7,27.2,85,5,8,237,3,2024,28.4,23.2,25.5,30.1,22.7,25.7,31.2,23.0,26.7,30.4,22.8,26.4,30.3,22.8,26.0,24.9,22.4,23.2,28.600000000000005,1.410673597966595,22.933333333333326,25.166666666666668,19.799999999999997,29.557142857142857,1.461571235414634,23.157142857142855,25.62857142857143,60.5,29.87857142857143,1.2704805701475126,23.107142857142858,25.828571428571426,133.0,-0.8660254037844385,-0.5000000000000004,4.400000000000002,2312.0
2024-08-25,27.0,22.1,24.1,9.1,26.9,85,6,8,238,3,2024,27.3,22.9,24.3,28.4,23.2,25.5,30.1,22.7,25.7,31.2,23.6,26.5,29.4,22.9,25.8,27.2,22.0,23.9,27.566666666666666,0.737111479583212,22.73333333333333,24.633333333333336,22.0,28.95714285714286,1.534988754418583,22.942857142857147,25.285714285714285,61.8,29.707142857142856,1.4839989040610035,23.05,25.707142857142856,141.9,-0.8660254037844385,-0.5000000000000004,4.899999999999999,2286.5
2024-08-26,29.2,22.4,25.0,1.8,28.0,80,0,8,239,3,2024,27.0,22.1,24.1,27.3,22.9,24.3,28.4,23.2,25.5,28.8,23.6,25.2,28.2,23.1,24.9,25.5,22.9,23.7,27.833333333333332,1.1930353445448938,22.466666666666658,24.46666666666667,23.599999999999998,29.014285714285712,1.535609077238172,22.77142857142857,25.25714285714286,46.300000000000004,29.77857142857143,1.4289202870750632,23.0,25.714285714285715,104.7,-0.8660254037844385,-0.5000000000000004,6.800000000000001,2240.0
2024-08-27,29.7,22.4,25.1,4.0,26.4,79,1,8,240,3,2024,29.2,22.4,25.0,27.0,22.1,24.1,27.3,22.9,24.3,29.9,23.1,25.5,30.4,22.6,26.2,28.7,22.7,25.1,28.633333333333336,1.436430761761024,22.299999999999994,24.733333333333334,14.899999999999999,28.985714285714284,1.5181442305535202,22.67142857142857,25.2,42.1,29.728571428571428,1.4177059320929772,22.985714285714288,25.635714285714283,106.5,-0.8660254037844385,-0.5000000000000004,7.300000000000001,2085.6
2024-08-28,29.3,22.4,25.3,3.3,27.4,78,2,8,241,3,2024,29.7,22.4,25.1,29.2,22.4,25.0,27.0,22.1,24.1,31.2,23.0,26.7,30.8,23.6,27.0,29.3,23.3,25.3,29.400000000000006,0.2645751311065031,22.4,25.133333333333336,9.1,28.714285714285715,1.1908380402457328,22.585714285714285,25.0,38.0,29.62142857142857,1.3868495406327181,22.900000000000002,25.514285714285712,109.6,-0.8660254037844385,-0.5000000000000004,6.900000000000002,2137.2
2024-08-29,29.2,22.3,25.1,1.0,22.2,78,3,8,242,3,2024,29.3,22.4,25.3,29.7,22.4,25.1,29.2,22.4,25.0,30.1,22.7,25.7,31.0,23.3,26.5,29.9,23.4,26.0,29.400000000000002,0.2645751311065031,22.36666666666666,25.166666666666668,8.3,28.585714285714285,1.0574002260716173,22.52857142857143,24.914285714285715,32.099999999999994,29.49285714285714,1.331548714100818,22.82857142857143,25.414285714285715,109.5,-0.8660254037844385,-0.5000000000000004,6.899999999999999,1731.6
2024-08-30,24.8,22.9,23.8,15.9,19.8,90,4,8,243,3,2024,29.2,22.3,25.1,29.3,22.4,25.3,29.7,22.4,25.1,28.4,23.2,25.5,31.2,23.1,25.4,29.6,23.4,26.1,27.76666666666667,2.569695182961075,22.533333333333328,24.733333333333334,20.2,28.071428571428573,1.7867235243266009,22.485714285714288,24.671428571428574,47.8,29.035714285714285,1.7371980724312406,22.814285714285713,25.300000000000004,98.8,-0.8660254037844385,-0.5000000000000004,1.9000000000000021,1782.0
2024-08-31,25.1,21.9,23.1,25.0,27.1,91,5,8,244,3,2024,24.8,22.9,23.8,29.2,22.3,25.1,29.3,22.4,25.3,27.3,22.9,24.3,30.4,22.8,26.4,29.0,23.7,25.5,26.36666666666667,2.4583192089989754,22.36666666666666,24.0,41.9,27.757142857142856,2.1093894399861193,22.342857142857145,24.5,60.099999999999994,28.657142857142862,1.9778443143659965,22.75,25.064285714285713,120.6,-0.8660254037844385,-0.5000000000000004,3.200000000000003,2466.1
2024-09-01,23.1,21.7,22.4,72.0,28.3,92,6,9,245,3,2024,25.1,21.9,23.1,24.8,22.9,23.8,29.2,22.3,25.1,27.0,22.1,24.1,31.2,23.6,26.5,27.4,22.9,24.5,24.333333333333332,1.0785793124909064,22.16666666666666,23.099999999999998,112.9,27.199999999999996,2.7580186124585633,22.285714285714285,24.25714285714286,123.0,28.078571428571426,2.330129930820898,22.614285714285717,24.771428571428572,184.8,-1.0,-1.8369701987210297e-16,1.4000000000000021,2603.6
2024-09-02,25.1,22.0,23.5,19.6,26.8,86,0,9,246,3,2024,23.1,21.7,22.4,25.1,21.9,23.1,24.8,22.9,23.8,29.2,22.4,25.0,28.8,23.6,25.2,28.2,23.1,25.4,24.433333333333337,1.1547005383792621,21.86666666666666,23.0,116.6,26.614285714285717,2.6971766543486075,22.228571428571428,24.042857142857144,140.8,27.814285714285717,2.448816713579289,22.5,24.650000000000002,187.1,-1.0,-1.8369701987210297e-16,3.1000000000000014,2304.8
2024-09-03,27.6,22.8,24.6,8.8,25.0,84,1,9,247,3,2024,25.1,22.0,23.5,23.1,21.7,22.4,25.1,21.9,23.1,29.7,22.4,25.1,29.9,23.1,25.5,29.0,22.9,25.2,25.26666666666667,2.254624876411452,22.16666666666666,23.5,100.4,26.314285714285717,2.3968232944385317,22.285714285714285,23.97142857142857,145.6,27.650000000000002,2.374139520234747,22.478571428571428,24.585714285714285,187.7,-1.0,-1.8369701987210297e-16,4.800000000000001,2100.0
2024-09-04,28.1,22.6,24.4,7.9,28.2,86,2,9,248,3,2024,27.6,22.8,24.6,25.1,22.0,23.5,23.1,21.7,22.4,29.3,22.4,25.3,31.2,23.0,26.7,30.2,22.7,25.8,26.933333333333337,1.6072751268321657,22.466666666666665,24.166666666666668,36.300000000000004,26.142857142857142,2.180869201990748,22.314285714285713,23.842857142857145,150.2,27.428571428571427,2.1517179438514185,22.449999999999996,24.421428571428574,188.2,-1.0,-1.8369701987210297e-16,5.5,2425.2
2024-09-05,29.4,22.6,25.1,3.7,23.2,83,3,9,249,3,2024,28.1,22.6,24.4,27.6,22.8,24.6,25.1,22.0,23.5,29.2,22.3,25.1,30.1,22.7,25.7,29.1,22.5,25.2,28.36666666666667,0.9291573243177675,22.66666666666666,24.700000000000003,20.400000000000002,26.171428571428574,2.2283882708620526,22.357142857142858,23.842857142857145,152.9,27.378571428571426,2.0921753755839587,22.442857142857143,24.37857142857143,185.0,-1.0,-1.8369701987210297e-16,6.799999999999997,1925.6
2024-09-06,29.0,22.6,25.2,2.9,21.4,83,4,9,250,3,2024,29.4,22.6,25.1,28.1,22.6,24.4,27.6,22.8,24.6,24.8,22.9,23.8,28.4,23.2,25.5,25.1,22.6,23.5,28.833333333333332,0.6658328118479551,22.6,24.899999999999995,14.5,26.771428571428572,2.359176611810891,22.314285714285717,24.042857142857144,139.89999999999998,27.42142857142857,2.1206597563493936,22.400000000000002,24.357142857142858,187.7,-1.0,-1.8369701987210297e-16,6.399999999999999,1776.1999999999998
2024-09-07,26.5,22.8,24.0,10.3,21.7,89,5,9,251,3,2024,29.0,22.6,25.2,29.4,22.6,25.1,28.1,22.6,24.4,25.1,21.9,23.1,27.3,22.9,24.3,29.0,22.0,24.6,28.3,1.5716233645501765,22.66666666666666,24.76666666666667,16.9,26.97142857142857,2.250714172371849,22.442857142857143,24.17142857142857,125.2,27.364285714285717,2.1349138490485333,22.392857142857142,24.33571428571429,185.3,-1.0,-1.8369701987210297e-16,3.6999999999999993,1931.3
2024-09-08,26.4,22.7,23.7,16.1,18.4,91,6,9,252,3,2024,26.5,22.8,24.0,29.0,22.6,25.2,29.4,22.6,25.1,23.1,21.7,22.4,27.0,22.1,24.1,30.3,21.9,25.3,27.3,1.4730919862656278,22.7,24.299999999999997,29.3,27.442857142857143,1.5371587890840404,22.58571428571429,24.357142857142858,69.30000000000001,27.321428571428573,2.1487665769459214,22.435714285714287,24.307142857142857,192.29999999999998,-1.0,-1.8369701987210297e-16,3.6999999999999993,1674.3999999999999
2024-09-09,25.0,22.7,23.5,12.9,22.0,91,0,9,253,3,2024,26.4,22.7,23.7,26.5,22.8,24.0,29.0,22.6,25.2,25.1,22.0,23.5,29.2,22.4,25.0,30.3,22.8,26.0,25.96666666666667,0.8386497083606095,22.73333333333333,23.733333333333334,39.3,27.428571428571427,1.5628118736374268,22.685714285714287,24.357142857142858,62.6,27.021428571428572,2.1594794855135375,22.45714285714286,24.2,203.4,-1.0,-1.8369701987210297e-16,2.3000000000000007,2002.0
2024-09-10,29.3,22.4,25.1,2.5,24.2,81,1,9,254,3,2024,25.0,22.7,23.5,26.4,22.7,23.7,26.5,22.8,24.0,27.6,22.8,24.6,29.7,22.4,25.1,29.4,22.9,25.8,26.900000000000002,2.1931712199461333,22.599999999999994,24.099999999999998,31.5,27.67142857142857,1.718249385968784,22.62857142857143,24.428571428571427,56.3,26.992857142857144,2.1236631218126916,22.457142857142856,24.2,201.9,-1.0,-1.8369701987210297e-16,6.900000000000002,1960.2
2024-09-11,29.4,22.0,25.1,0.1,24.9,76,2,9,255,3,2024,29.3,22.4,25.1,25.0,22.7,23.5,26.4,22.7,23.7,28.1,22.6,24.4,29.3,22.4,25.3,28.2,23.1,24.9,27.900000000000002,2.511971337416096,22.36666666666666,24.566666666666666,15.5,27.857142857142858,1.8383481197871485,22.542857142857144,24.52857142857143,48.5,27.0,2.1321711578004274,22.428571428571427,24.185714285714287,198.7,-1.0,-1.8369701987210297e-16,7.399999999999999,1892.3999999999999
2024-09-12,28.7,22.1,25.1,0.0,23.8,75,3,9,256,3,2024,29.4,22.0,25.1,29.3,22.4,25.1,25.0,22.7,23.5,29.4,22.6,25.1,29.2,22.3,25.1,30.4,22.6,26.2,29.133333333333336,0.3785938897200396,22.16666666666666,25.1,2.6,27.75714285714286,1.7577041302576928,22.47142857142857,24.528571428571432,44.800000000000004,26.964285714285715,2.096373110823166,22.414285714285715,24.185714285714287,197.7,-1.0,-1.8369701987210297e-16,6.599999999999998,1785.0
2024-09-13,28.7,21.9,24.8,0.0,21.5,73,4,9,257,3,2024,28.7,22.1,25.1,29.4,22.0,25.1,29.3,22.4,25.1,29.0,22.6,25.2,24.8,22.9,23.8,30.8,23.6,27.0,28.933333333333337,0.4041451884327566,21.999999999999996,25.0,0.1,27.714285714285715,1.725715862503554,22.37142857142857,24.471428571428568,41.9,27.24285714285714,2.0451497164362986,22.342857142857145,24.257142857142856,181.79999999999998,-1.0,-1.8369701987210297e-16,6.800000000000001,1569.5
2024-09-14,29.2,21.7,24.9,0.0,21.9,74,5,9,258,3,2024,28.7,21.9,24.8,28.7,22.1,25.1,29.4,22.0,25.1,26.5,22.8,24.0,25.1,21.9,23.1,31.0,23.3,26.5,28.866666666666664,0.28867513459481237,21.899999999999995,24.933333333333334,0.0,28.099999999999998,1.710750322714504,22.214285714285715,24.6,31.6,27.535714285714285,2.007910181433755,22.328571428571426,24.38571428571429,156.8,-1.0,-1.8369701987210297e-16,7.5,1620.6
2024-09-15,29.4,21.8,25.2,0.0,20.8,73,6,9,259,3,2024,29.2,21.7,24.9,28.7,21.9,24.8,28.7,22.1,25.1,26.4,22.7,23.7,23.1,21.7,22.4,31.2,23.1,25.4,29.100000000000005,0.3605551275463962,21.799999999999994,24.96666666666667,0.0,28.52857142857143,1.585049195571553,22.085714285714285,24.814285714285713,15.5,27.985714285714288,1.6023334632574,22.335714285714285,24.585714285714285,84.80000000000001,-1.0,-1.8369701987210297e-16,7.599999999999998,1518.4
2024-09-16,27.8,22.2,24.5,0.8,21.2,76,0,9,260,3,2024,29.4,21.8,25.2,29.2,21.7,24.9,28.7,21.9,24.8,25.0,22.7,23.5,25.1,22.0,23.5,30.4,22.8,26.4,28.8,0.8717797887081351,21.899999999999995,24.866666666666664,0.8,28.928571428571427,0.5822779568630954,22.014285714285712,24.957142857142856,3.4,28.178571428571427,1.3745928468122381,22.349999999999998,24.657142857142855,66.00000000000001,-1.0,-1.8369701987210297e-16,5.600000000000001,1611.2
2024-09-17,29.8,22.1,25.2,0.0,21.7,72,1,9,261,3,2024,27.8,22.2,24.5,29.4,21.8,25.2,29.2,21.7,24.9,29.3,22.4,25.1,27.6,22.8,24.6,31.2,23.6,26.5,29.0,1.058300524425835,22.033333333333328,24.96666666666667,0.8,29.0,0.6608075867207508,21.971428571428568,24.97142857142857,0.9,28.335714285714285,1.4280740892535806,22.3,24.7,57.199999999999996,-1.0,-1.8369701987210297e-16,7.699999999999999,1562.3999999999999
2024-09-18,29.5,21.0,24.8,0.1,14.7,74,2,9,262,3,2024,29.8,22.1,25.2,27.8,22.2,24.5,29.4,21.8,25.2,29.4,22.0,25.1,28.1,22.6,24.4,28.8,23.6,25.2,29.033333333333335,1.078579312490894,21.766666666666662,24.833333333333332,0.9,29.014285714285712,0.6718843437896185,21.828571428571426,24.928571428571427,0.9,28.435714285714287,1.4589812793960681,22.185714285714287,24.728571428571428,49.4,-1.0,-1.8369701987210297e-16,8.5,1087.8
2024-09-19,30.4,21.1,25.5,0.0,8.5,74,3,9,263,3,2024,29.5,21.0,24.8,29.8,22.1,25.2,27.8,22.2,24.5,28.7,22.1,25.1,29.4,22.6,25.1,29.9,23.1,25.5,29.900000000000006,0.45825756949555563,21.399999999999995,25.166666666666668,0.1,29.257142857142856,0.8283661486272178,21.685714285714287,24.985714285714284,0.9,28.50714285714286,1.5324511716228968,22.07857142857143,24.75714285714286,45.7,-1.0,-1.8369701987210297e-16,9.299999999999997,629.0
2024-09-20,30.9,22.1,25.8,0.4,14.7,77,4,9,264,3,2024,30.4,21.1,25.5,29.5,21.0,24.8,29.8,22.1,25.2,28.7,21.9,24.8,29.0,22.6,25.2,31.2,23.0,26.7,30.26666666666667,0.7094598884597324,21.399999999999995,25.366666666666664,0.5,29.571428571428573,0.9844021632689594,21.714285714285715,25.12857142857143,1.3,28.642857142857142,1.658411791543774,22.04285714285714,24.8,43.199999999999996,-1.0,-1.8369701987210297e-16,8.799999999999997,1131.8999999999999
2024-09-21,29.5,22.3,24.9,6.1,16.1,85,5,9,265,3,2024,30.9,22.1,25.8,30.4,21.1,25.5,29.5,21.0,24.8,29.2,21.7,24.9,26.5,22.8,24.0,30.1,22.7,25.7,30.26666666666667,0.7094598884597324,21.833333333333332,25.400000000000002,6.5,29.614285714285717,0.9719886340708358,21.800000000000004,25.12857142857143,7.3999999999999995,28.857142857142858,1.5505404942075935,22.00714285714286,24.864285714285717,39.0,-1.0,-1.8369701987210297e-16,7.199999999999999,1368.5000000000002
2024-09-22,29.3,22.2,24.7,2.4,17.3,86,6,9,266,3,2024,29.5,22.3,24.9,30.9,22.1,25.8,30.4,21.1,25.5,29.4,21.8,25.2,26.4,22.7,23.7,28.4,23.2,25.5,29.900000000000002,0.8717797887081206,22.199999999999992,25.133333333333336,8.9,29.599999999999998,0.9763879010589586,21.857142857142858,25.057142857142857,9.799999999999999,29.064285714285713,1.381530446145876,21.971428571428568,24.935714285714283,25.3,-1.0,-1.8369701987210297e-16,7.100000000000001,1487.8
2024-09-23,29.2,22.2,24.8,20.0,11.7,88,0,9,267,3,2024,29.3,22.2,24.7,29.5,22.3,24.9,30.9,22.1,25.8,27.8,22.2,24.5,25.0,22.7,23.5,27.3,22.9,24.3,29.333333333333332,0.15275252316519278,22.23333333333333,24.8,28.5,29.8,0.6271629240749997,21.857142857142858,25.1,29.0,29.36428571428571,0.7365273433309163,21.935714285714283,25.02857142857143,32.4,-1.0,-1.8369701987210297e-16,7.0,1029.6
2024-09-24,29.3,22.5,25.2,13.6,11.1,85,1,9,268,3,2024,29.2,22.2,24.8,29.3,22.2,24.7,29.5,22.3,24.9,29.8,22.1,25.2,29.3,22.4,25.1,27.0,22.1,24.1,29.26666666666667,0.05773502691898139,22.299999999999994,24.900000000000002,36.0,29.728571428571428,0.6550172662217351,21.914285714285715,25.099999999999998,42.6,29.36428571428571,0.7365273433309163,21.942857142857143,25.035714285714285,43.5,-1.0,-1.8369701987210297e-16,6.800000000000001,943.5
2024-09-25,28.7,22.7,24.7,14.6,13.9,88,2,9,269,3,2024,29.3,22.5,25.2,29.2,22.2,24.8,29.3,22.2,24.7,29.5,21.0,24.8,29.4,22.0,25.1,29.2,22.4,25.0,29.066666666666674,0.3214550253664488,22.466666666666658,24.899999999999995,48.2,29.614285714285717,0.7625146368625046,22.157142857142862,25.08571428571429,57.099999999999994,29.314285714285713,0.7573812604150942,21.992857142857144,25.00714285714286,58.0,-1.0,-1.8369701987210297e-16,6.0,1223.2
2024-09-26,27.8,22.9,24.8,8.6,20.2,85,3,9,270,3,2024,28.7,22.7,24.7,29.3,22.5,25.2,29.2,22.2,24.8,30.4,21.1,25.5,28.7,22.1,25.1,29.7,22.4,25.1,28.600000000000005,0.7549834435270956,22.699999999999992,24.900000000000002,36.8,29.24285714285714,0.9306935457987724,22.41428571428571,24.985714285714288,65.7,29.25,0.8464859488143092,22.05,24.985714285714284,66.6,-1.0,-1.8369701987210297e-16,4.900000000000002,1717.0
2024-09-27,29.0,22.8,25.3,0.0,18.8,79,4,9,271,3,2024,27.8,22.9,24.8,28.7,22.7,24.7,29.3,22.5,25.2,30.9,22.1,25.8,28.7,21.9,24.8,29.3,22.4,25.3,28.500000000000004,0.6244997998398681,22.799999999999994,24.933333333333334,23.199999999999996,28.971428571428568,0.5765248931156305,22.514285714285712,24.914285714285715,65.30000000000001,29.271428571428572,0.8352139950839017,22.114285714285717,25.021428571428572,66.6,-1.0,-1.8369701987210297e-16,6.199999999999999,1485.2
2024-09-28,29.6,22.2,25.5,0.0,13.9,79,5,9,272,3,2024,29.0,22.8,25.3,27.8,22.9,24.8,28.7,22.7,24.7,29.5,22.3,24.9,29.2,21.7,24.9,29.2,22.3,25.1,28.8,0.9165151389911812,22.633333333333326,25.2,8.6,28.985714285714288,0.5928141120364859,22.5,25.0,59.199999999999996,29.3,0.839413714813483,22.150000000000002,25.064285714285713,66.6,-1.0,-1.8369701987210297e-16,7.400000000000002,1098.1000000000001
2024-09-29,30.7,22.1,26.1,0.8,6.1,79,6,9,273,3,2024,29.6,22.2,25.5,29.0,22.8,25.3,27.8,22.9,24.8,29.3,22.2,24.7,29.4,21.8,25.2,24.8,22.9,23.8,29.76666666666667,0.8621678104251607,22.366666666666664,25.633333333333336,0.8,29.185714285714287,0.8820970684092867,22.485714285714288,25.2,57.6,29.392857142857142,0.9194181150767222,22.171428571428574,25.12857142857143,67.39999999999999,-1.0,-1.8369701987210297e-16,8.599999999999998,481.9
2024-09-30,29.9,22.5,25.8,3.7,8.3,85,0,9,274,3,2024,30.7,22.1,26.1,29.6,22.2,25.5,29.0,22.8,25.3,29.2,22.2,24.8,27.8,22.2,24.5,25.1,21.9,23.1,30.066666666666674,0.5686240703077072,22.266666666666662,25.8,4.5,29.285714285714285,0.9227288721122706,22.528571428571432,25.342857142857145,41.3,29.54285714285714,0.8035634920252474,22.192857142857147,25.22142857142857,70.3,-1.0,-1.8369701987210297e-16,7.399999999999999,705.5000000000001
2024-10-01,31.2,22.7,26.4,2.7,11.2,82,1,10,275,4,2024,29.9,22.5,25.8,30.7,22.1,26.1,29.6,22.2,25.5,29.3,22.5,25.2,29.8,22.1,25.2,23.1,21.7,22.4,30.599999999999998,0.6557438524301628,22.433333333333326,26.099999999999998,7.2,29.557142857142857,1.1731114508824236,22.557142857142857,25.514285714285712,30.4,29.642857142857142,0.917114442749867,22.235714285714288,25.307142857142857,73.0,-0.8660254037844386,0.5000000000000001,8.5,918.4
2024-10-02,31.8,22.4,26.4,3.1,19.5,81,2,10,276,4,2024,31.2,22.7,26.4,29.9,22.5,25.8,30.7,22.1,26.1,28.7,22.7,24.7,29.5,21.0,24.8,25.1,22.0,23.5,30.96666666666667,0.9712534856221992,22.53333333333333,26.2,9.5,30.0,1.3650396819632336,22.514285714285712,25.757142857142856,18.9,29.807142857142853,1.080928579235487,22.335714285714285,25.42142857142857,75.99999999999999,-0.8660254037844386,0.5000000000000001,9.400000000000002,1579.5
2024-10-03,31.5,22.5,26.1,1.1,14.8,81,3,10,277,4,2024,31.8,22.4,26.4,31.2,22.7,26.4,29.9,22.5,25.8,27.8,22.9,24.8,30.4,21.1,25.5,27.6,22.8,24.6,31.5,0.2999999999998582,22.53333333333333,26.3,6.9,30.528571428571432,1.0515294982620287,22.45714285714286,25.942857142857143,11.4,29.885714285714283,1.1641154732956134,22.435714285714283,25.464285714285715,77.1,-0.8660254037844386,0.5000000000000001,9.0,1198.8
2024-10-04,30.7,22.4,25.8,0.1,12.3,81,4,10,278,4,2024,31.5,22.5,26.1,31.8,22.4,26.4,31.2,22.7,26.4,29.0,22.8,25.3,30.9,22.1,25.8,28.1,22.6,24.4,31.333333333333332,0.5686240703076637,22.433333333333326,26.099999999999998,4.3,30.771428571428572,0.8077010290830641,22.400000000000002,26.014285714285712,11.5,29.871428571428574,1.1518737720838277,22.457142857142856,25.464285714285715,76.8,-0.8660254037844386,0.5000000000000001,8.3,996.3000000000001
2024-10-05,30.4,22.3,24.9,2.2,18.2,85,5,10,279,4,2024,30.7,22.4,25.8,31.5,22.5,26.1,31.8,22.4,26.4,29.6,22.2,25.5,29.5,22.3,24.9,29.4,22.6,25.1,30.86666666666667,0.5686240703076794,22.399999999999995,25.600000000000005,3.4000000000000004,30.885714285714283,0.6568322247191066,22.414285714285715,25.928571428571427,13.700000000000001,29.935714285714287,1.1546608845211568,22.457142857142856,25.464285714285715,72.89999999999999,-0.8660254037844386,0.5000000000000001,8.099999999999998,1547.0
2024-10-06,30.7,22.3,25.6,1.4,19.8,82,6,10,280,4,2024,30.4,22.3,24.9,30.7,22.4,25.8,31.5,22.5,26.1,30.7,22.1,26.1,29.3,22.2,24.7,29.0,22.6,25.2,30.600000000000005,0.17320508075673946,22.33333333333333,25.433333333333334,3.7,30.885714285714283,0.6568322247191066,22.442857142857143,25.857142857142858,14.3,30.035714285714285,1.1559925091972165,22.464285714285715,25.528571428571432,71.9,-0.8660254037844386,0.5000000000000001,8.399999999999999,1623.6000000000001
2024-10-07,30.0,21.7,25.4,2.1,15.3,79,0,10,281,4,2024,30.7,22.3,25.6,30.4,22.3,24.9,30.7,22.4,25.8,29.9,22.5,25.8,29.2,22.2,24.8,26.5,22.8,24.0,30.366666666666664,0.35118845842836344,22.099999999999994,25.3,5.7,30.9,0.6324555320343701,22.328571428571426,25.8,12.700000000000001,30.092857142857145,1.131006553551837,22.428571428571427,25.571428571428573,54.0,-0.8660254037844386,0.5000000000000001,8.3,1208.7
2024-10-08,29.7,21.6,25.2,0.2,12.2,79,1,10,282,4,2024,30.0,21.7,25.4,30.7,22.3,25.6,30.4,22.3,24.9,31.2,22.7,26.4,29.3,22.5,25.2,26.4,22.7,23.7,30.133333333333336,0.513160143944654,21.866666666666664,25.400000000000002,3.7,30.685714285714287,0.7559289460190478,22.17142857142857,25.62857142857143,10.2,30.12142857142857,1.1143667200767258,22.364285714285717,25.571428571428573,40.6,-0.8660254037844386,0.5000000000000001,8.099999999999998,963.8
2024-10-09,30.2,22.4,25.2,2.7,15.7,82,2,10,283,4,2024,29.7,21.6,25.2,30.0,21.7,25.4,30.7,22.3,25.6,31.8,22.4,26.4,28.7,22.7,24.7,25.0,22.7,23.5,29.96666666666667,0.25166114784229937,21.899999999999995,25.266666666666666,5.0,30.457142857142856,0.5855400437699024,22.17142857142857,25.457142857142856,9.8,30.22857142857143,1.0365835685109226,22.342857142857138,25.607142857142858,28.7,-0.8660254037844386,0.5000000000000001,7.800000000000001,1287.3999999999999
2024-10-10,29.2,22.5,25.0,1.4,16.3,83,3,10,284,4,2024,30.2,22.4,25.2,29.7,21.6,25.2,30.0,21.7,25.4,31.5,22.5,26.1,27.8,22.9,24.8,29.3,22.4,25.1,29.700000000000003,0.4999999999999783,22.16666666666666,25.133333333333336,4.300000000000001,30.128571428571426,0.5468524655229823,22.17142857142857,25.300000000000004,10.100000000000001,30.32857142857143,0.8315218406210925,22.314285714285713,25.621428571428574,21.500000000000004,-0.8660254037844386,0.5000000000000001,6.699999999999999,1352.9
2024-10-11,29.7,22.6,24.9,1.7,19.7,85,4,10,285,4,2024,29.2,22.5,25.0,30.2,22.4,25.2,29.7,21.6,25.2,30.7,22.4,25.8,29.0,22.8,25.3,29.4,22.0,25.1,29.7,0.4999999999999783,22.499999999999996,25.03333333333333,5.8,29.985714285714288,0.5014265364233624,22.2,25.17142857142857,11.700000000000001,30.37857142857143,0.763774605726685,22.3,25.592857142857145,23.2,-0.8660254037844386,0.5000000000000001,7.099999999999998,1674.5
2024-10-12,29.5,22.3,24.9,4.4,16.1,85,5,10,286,4,2024,29.7,22.6,24.9,29.2,22.5,25.0,30.2,22.4,25.2,30.4,22.3,24.9,29.6,22.2,25.5,28.7,22.1,25.1,29.46666666666667,0.25166114784233085,22.466666666666658,24.933333333333334,7.5,29.857142857142858,0.49280538030556487,22.2,25.17142857142857,13.9,30.37142857142857,0.7720388306589656,22.307142857142857,25.55,27.6,-0.8660254037844386,0.5000000000000001,7.199999999999999,1368.5000000000002
2024-10-13,29.7,22.2,25.2,2.7,13.8,83,6,10,287,4,2024,29.5,22.3,24.9,29.7,22.6,24.9,29.2,22.5,25.0,30.7,22.3,25.6,30.7,22.1,26.1,28.7,21.9,24.8,29.633333333333336,0.11547005383783629,22.36666666666666,25.0,8.8,29.714285714285715,0.3236694374865912,22.185714285714283,25.11428571428571,15.2,30.3,0.7854445091312329,22.314285714285713,25.485714285714284,29.500000000000004,-0.8660254037844386,0.5000000000000001,7.5,1145.4
2024-10-14,28.6,21.0,25.1,0.2,10.6,83,0,10,288,4,2024,29.7,22.2,25.2,29.5,22.3,24.9,29.7,22.6,24.9,30.0,21.7,25.4,29.9,22.5,25.8,29.2,21.7,24.9,29.26666666666667,0.585946527708228,21.83333333333333,25.066666666666666,7.300000000000001,29.514285714285712,0.5014265364234027,22.085714285714285,25.071428571428573,13.3,30.20714285714286,0.9042330245233878,22.207142857142856,25.435714285714283,26.000000000000004,-0.8660254037844386,0.5000000000000001,7.600000000000001,879.8
2024-10-15,29.4,22.1,24.6,11.0,15.0,85,1,10,289,4,2024,28.6,21.0,25.1,29.7,22.2,25.2,29.5,22.3,24.9,29.7,21.6,25.2,31.2,22.7,26.4,29.4,21.8,25.2,29.233333333333334,0.56862407030773,21.766666666666662,24.96666666666667,13.9,29.471428571428568,0.49569575922665315,22.157142857142862,24.985714285714288,24.1,30.078571428571426,0.8798413942991461,22.164285714285715,25.307142857142857,34.3,-0.8660254037844386,0.5000000000000001,7.299999999999997,1275.0
2024-10-16,29.4,21.9,24.8,6.6,15.9,86,2,10,290,4,2024,29.4,22.1,24.6,28.6,21.0,25.1,29.7,22.2,25.2,30.2,22.4,25.2,31.8,22.4,26.4,27.8,22.2,24.5,29.133333333333336,0.4618802153517037,21.66666666666666,24.833333333333332,17.799999999999997,29.357142857142858,0.37796447301056585,22.085714285714285,24.928571428571427,28.0,29.907142857142855,0.7415828038368251,22.12857142857143,25.192857142857147,37.800000000000004,-0.8660254037844386,0.5000000000000001,7.5,1367.4
2024-10-17,29.0,22.7,25.0,7.8,20.5,86,3,10,291,4,2024,29.4,21.9,24.8,29.4,22.1,24.6,28.6,21.0,25.1,29.2,22.5,25.0,31.5,22.5,26.1,29.8,22.1,25.2,29.26666666666667,0.2309401076758495,22.23333333333333,24.8,25.4,29.32857142857143,0.3988077469767022,22.114285714285717,24.928571428571427,34.4,29.728571428571428,0.6194644975603872,22.142857142857142,25.114285714285717,44.5,-0.8660254037844386,0.5000000000000001,6.300000000000001,1763.0
2024-10-18,28.8,23.0,25.1,2.6,18.4,86,4,10,292,4,2024,29.0,22.7,25.0,29.4,21.9,24.8,29.4,22.1,24.6,29.7,22.6,24.9,30.7,22.4,25.8,29.5,21.0,24.8,29.066666666666666,0.3055050463303883,22.53333333333333,24.96666666666667,17.0,29.199999999999996,0.4041451884340061,22.171428571428574,24.95714285714286,35.300000000000004,29.592857142857138,0.5980278945324193,22.185714285714287,25.064285714285713,47.0,-0.8660254037844386,0.5000000000000001,5.800000000000001,1582.3999999999999
2024-10-19,30.3,22.0,25.3,0.9,19.1,83,5,10,293,4,2024,28.8,23.0,25.1,29.0,22.7,25.0,29.4,21.9,24.8,29.5,22.3,24.9,30.4,22.3,24.9,30.4,21.1,25.5,29.36666666666667,0.8144527815247083,22.566666666666663,25.133333333333336,11.3,29.314285714285713,0.5785861256225564,22.12857142857143,25.014285714285712,31.799999999999997,29.585714285714285,0.588161598487681,22.164285714285715,25.092857142857145,45.7,-0.8660254037844386,0.5000000000000001,8.3,1585.3000000000002
2024-10-20,29.4,21.4,24.4,5.9,14.3,85,6,10,294,4,2024,30.3,22.0,25.3,28.8,23.0,25.1,29.0,22.7,25.0,29.7,22.2,25.2,30.7,22.3,25.6,30.9,22.1,25.8,29.500000000000004,0.7549834435270755,22.133333333333326,24.933333333333334,9.4,29.271428571428572,0.5559205150456659,22.014285714285716,24.900000000000002,35.0,29.49285714285714,0.49375217345623107,22.099999999999998,25.007142857142856,50.199999999999996,-0.8660254037844386,0.5000000000000001,8.0,1215.5
2024-10-21,29.6,20.8,24.8,1.2,11.6,83,0,10,295,4,2024,29.4,21.4,24.4,30.3,22.0,25.3,28.8,23.0,25.1,28.6,21.0,25.1,30.0,21.7,25.4,29.5,22.3,24.9,29.76666666666667,0.472581562625262,21.399999999999995,24.833333333333332,8.0,29.414285714285715,0.47759317216250796,21.985714285714288,24.857142857142858,36.0,29.464285714285715,0.4732979917689701,22.035714285714285,24.964285714285715,49.300000000000004,-0.8660254037844386,0.5000000000000001,8.8,962.8
2024-10-22,29.5,20.9,24.2,6.1,10.0,86,1,10,296,4,2024,29.6,20.8,24.8,29.4,21.4,24.4,30.3,22.0,25.3,29.4,22.1,24.6,29.7,21.6,25.2,29.3,22.2,24.7,29.500000000000004,0.10000000000001309,21.033333333333328,24.46666666666667,13.2,29.428571428571427,0.47858919654399523,21.814285714285713,24.8,31.1,29.45,0.46863139525317715,21.985714285714288,24.892857142857142,55.2,-0.8660254037844386,0.5000000000000001,8.600000000000001,860.0
2024-10-23,30.5,21.0,24.9,0.0,13.3,73,2,10,297,4,2024,29.5,20.9,24.2,29.6,20.8,24.8,29.4,21.4,24.4,29.4,21.9,24.8,30.2,22.4,25.2,29.2,22.2,24.8,29.86666666666667,0.550757054728609,20.899999999999995,24.63333333333333,7.3,29.585714285714285,0.6256425268710303,21.685714285714287,24.814285714285717,24.5,29.47142857142857,0.5105480786966985,21.88571428571429,24.87142857142857,52.5,-0.8660254037844386,0.5000000000000001,9.5,970.9000000000001
2024-10-24,30.7,19.5,24.3,0.0,11.3,70,3,10,298,4,2024,30.5,21.0,24.9,29.5,20.9,24.2,29.6,20.8,24.8,29.0,22.7,25.0,29.2,22.5,25.0,29.3,22.5,25.2,30.233333333333338,0.6429100507328588,20.466666666666665,24.46666666666667,6.1,29.82857142857143,0.6872997543880919,21.228571428571428,24.714285714285715,16.700000000000003,29.578571428571426,0.5989459606156345,21.671428571428574,24.821428571428573,51.1,-0.8660254037844386,0.5000000000000001,11.2,791.0
2024-10-25,30.1,19.9,24.2,0.0,15.1,62,4,10,299,4,2024,30.7,19.5,24.3,30.5,21.0,24.9,29.5,20.9,24.2,28.8,23.0,25.1,29.7,22.6,24.9,28.7,22.7,24.7,30.433333333333337,0.30550504633037434,20.133333333333326,24.466666666666665,0.0,30.014285714285712,0.5177791402675512,20.785714285714285,24.585714285714285,14.1,29.607142857142858,0.6145220603354097,21.478571428571428,24.771428571428572,49.400000000000006,-0.8660254037844386,0.5000000000000001,10.200000000000003,936.1999999999999
2024-10-26,30.2,20.3,24.4,0.4,19.2,65,5,10,300,4,2024,30.1,19.9,24.2,30.7,19.5,24.3,30.5,21.0,24.9,30.3,22.0,25.3,29.5,22.3,24.9,27.8,22.9,24.8,30.33333333333334,0.32145502536642184,19.899999999999995,24.3,0.4,30.0,0.509901951360227,20.54285714285714,24.45714285714286,13.6,29.657142857142855,0.6333236937778361,21.335714285714285,24.735714285714288,45.4,-0.8660254037844386,0.5000000000000001,9.899999999999999,1248.0
2024-10-27,30.5,18.7,24.5,0.0,12.5,66,6,10,301,4,2024,30.2,20.3,24.4,30.1,19.9,24.2,30.7,19.5,24.3,29.4,21.4,24.4,29.7,22.2,25.2,29.0,22.8,25.3,30.26666666666667,0.2081665999466028,19.63333333333333,24.366666666666664,0.4,30.157142857142855,0.4613644360568978,20.157142857142855,24.47142857142857,7.7,29.714285714285715,0.6723748300534449,21.085714285714285,24.685714285714287,42.7,-0.8660254037844386,0.5000000000000001,11.8,825.0
2024-10-28,30.3,19.5,24.7,0.0,7.2,66,0,10,302,4,2024,30.5,18.7,24.5,30.2,20.3,24.4,30.1,19.9,24.2,29.6,20.8,24.8,28.6,21.0,25.1,29.6,22.2,25.5,30.333333333333332,0.15275252316517468,19.499999999999996,24.53333333333333,0.4,30.25714285714286,0.3909694909556149,19.97142857142857,24.457142857142856,6.5,29.835714285714285,0.6058778029350209,20.978571428571428,24.657142857142855,42.5,-0.8660254037844386,0.5000000000000001,10.8,475.2
2024-10-29,30.5,20.0,25.4,0.1,8.3,68,1,10,303,4,2024,30.3,19.5,24.7,30.5,18.7,24.5,30.2,20.3,24.4,29.5,20.9,24.2,29.4,22.1,24.6,30.7,22.1,26.1,30.433333333333337,0.11547005383788696,19.399999999999995,24.866666666666664,0.1,30.400000000000002,0.20816659994887007,19.842857142857145,24.62857142857143,0.5,29.914285714285715,0.6162631092168791,20.828571428571426,24.714285714285715,31.6,-0.8660254037844386,0.5000000000000001,10.5,564.4000000000001
2024-10-30,30.2,21.5,24.4,6.5,16.4,82,2,10,304,4,2024,30.5,20.0,25.4,30.3,19.5,24.7,30.5,18.7,24.5,30.5,21.0,24.9,29.4,21.9,24.8,29.9,22.5,25.8,30.333333333333332,0.15275252316517468,20.33333333333333,24.833333333333332,6.6,30.357142857142858,0.2149196970764169,19.914285714285715,24.557142857142853,7.0,29.97142857142857,0.6018287150005577,20.8,24.685714285714287,31.5,-0.8660254037844386,0.5000000000000001,8.7,1344.8
2024-10-31,28.7,21.1,24.4,11.3,10.4,84,3,10,305,4,2024,30.2,21.5,24.4,30.5,20.0,25.4,30.3,19.5,24.7,30.7,19.5,24.3,29.0,22.7,25.0,31.2,22.7,26.4,29.8,0.9643650760993019,20.86666666666666,24.73333333333333,17.9,30.071428571428573,0.6237368187373425,20.142857142857142,24.571428571428566,18.3,29.95,0.6430097498972817,20.685714285714287,24.642857142857142,35.0,-0.8660254037844386,0.5000000000000001,7.599999999999998,873.6
2024-11-01,30.1,21.3,24.4,6.1,12.2,84,4,11,306,4,2024,28.7,21.1,24.4,30.2,21.5,24.4,30.5,20.0,25.4,30.1,19.9,24.2,28.8,23.0,25.1,31.8,22.4,26.4,29.666666666666668,0.8386497083606188,21.299999999999994,24.4,23.9,30.071428571428573,0.6237368187373425,20.342857142857145,24.599999999999998,24.4,30.042857142857144,0.5515213723666798,20.564285714285713,24.592857142857145,38.5,-0.5000000000000004,0.8660254037844384,8.8,1024.8
2024-11-02,29.2,20.7,24.4,1.6,14.1,83,5,11,307,4,2024,30.1,21.3,24.4,28.7,21.1,24.4,30.2,21.5,24.4,30.2,20.3,24.4,30.3,22.0,25.3,31.5,22.5,26.1,29.333333333333332,0.7094598884597805,21.03333333333333,24.4,19.0,29.928571428571427,0.699319397020124,20.4,24.599999999999998,25.6,29.964285714285715,0.5891416740388806,20.47142857142857,24.52857142857143,39.2,-0.5000000000000004,0.8660254037844384,8.5,1170.3
2024-11-03,28.4,20.6,24.3,1.2,14.2,79,6,11,308,4,2024,29.2,20.7,24.4,30.1,21.3,24.4,28.7,21.1,24.4,30.5,18.7,24.5,29.4,21.4,24.4,30.7,22.4,25.8,29.233333333333334,0.8504900548115587,20.86666666666666,24.366666666666664,8.9,29.62857142857143,0.8479667558628752,20.671428571428574,24.571428571428566,26.8,29.892857142857142,0.7108654375696652,20.414285714285715,24.521428571428572,34.5,-0.5000000000000004,0.8660254037844384,7.799999999999997,1121.8
2024-11-04,29.5,20.4,24.5,0.0,10.5,73,0,11,309,4,2024,28.4,20.6,24.3,29.2,20.7,24.4,30.1,21.3,24.4,30.3,19.5,24.7,29.6,20.8,24.8,30.4,22.3,24.9,29.033333333333335,0.568624070307768,20.566666666666663,24.400000000000002,2.8,29.514285714285712,0.7946247991533917,20.8,24.54285714285714,26.8,29.885714285714283,0.7145274316293908,20.38571428571429,24.5,33.3,-0.5000000000000004,0.8660254037844384,9.100000000000001,766.5
2024-11-05,29.7,18.5,24.1,0.0,11.2,67,1,11,310,4,2024,29.5,20.4,24.5,28.4,20.6,24.3,29.2,20.7,24.4,30.5,20.0,25.4,29.5,20.9,24.2,30.7,22.3,25.6,29.2,0.7000000000000248,19.83333333333333,24.3,1.2,29.4,0.6782329983132667,20.585714285714285,24.357142857142858,26.7,29.900000000000002,0.7081938022461797,20.214285714285715,24.492857142857144,27.2,-0.5000000000000004,0.8660254037844384,11.2,750.4
2024-11-06,30.2,18.1,23.8,0.0,12.7,61,2,11,311,4,2024,29.7,18.5,24.1,29.5,20.4,24.5,28.4,20.6,24.3,30.2,21.5,24.4,30.5,21.0,24.9,30.0,21.7,25.4,29.8,0.3605551275464187,18.999999999999996,24.133333333333336,0.0,29.400000000000002,0.6782329983132667,20.1,24.271428571428572,20.2,29.87857142857143,0.6930185605567648,20.007142857142856,24.41428571428571,27.200000000000003,-0.5000000000000004,0.8660254037844384,12.099999999999998,774.6999999999999
2024-11-07,29.8,17.8,23.3,0.0,9.5,61,3,11,312,4,2024,30.2,18.1,23.8,29.7,18.5,24.1,29.5,20.4,24.5,28.7,21.1,24.4,30.7,19.5,24.3,29.7,21.6,25.2,29.900000000000006,0.2645751311064796,18.13333333333333,23.733333333333334,0.0,29.557142857142857,0.6133436852136571,19.62857142857143,24.114285714285717,8.9,29.814285714285717,0.6514565253315577,19.885714285714283,24.342857142857145,27.200000000000003,-0.5000000000000004,0.8660254037844384,12.0,579.5
2024-11-08,29.6,17.6,23.8,0.0,10.3,65,4,11,313,4,2024,29.8,17.8,23.3,30.2,18.1,23.8,29.7,18.5,24.1,30.1,21.3,24.4,30.1,19.9,24.2,30.2,22.4,25.2,29.86666666666667,0.30550504633040887,17.833333333333332,23.633333333333336,0.0,29.485714285714284,0.5669467095147211,19.099999999999998,24.02857142857143,2.8,29.77857142857143,0.6482859903439196,19.72142857142857,24.314285714285713,27.200000000000003,-0.5000000000000004,0.8660254037844384,12.0,669.5
2024-11-09,29.8,18.2,23.7,0.0,11.0,66,5,11,314,4,2024,29.6,17.6,23.8,29.8,17.8,23.3,30.2,18.1,23.8,29.2,20.7,24.4,30.2,20.3,24.4,29.2,22.5,25.0,29.733333333333334,0.11547005383800503,17.866666666666664,23.599999999999998,0.0,29.571428571428573,0.5618845839808011,18.74285714285714,23.928571428571427,1.2,29.75,0.6370001811386791,19.571428571428573,24.264285714285712,26.8,-0.5000000000000004,0.8660254037844384,11.600000000000001,726.0
2024-11-10,29.9,18.5,24.1,0.0,12.4,59,6,11,315,4,2024,29.8,18.2,23.7,29.6,17.6,23.8,29.8,17.8,23.3,28.4,20.6,24.3,30.5,18.7,24.5,29.7,22.6,24.9,29.76666666666667,0.15275252316524843,18.099999999999994,23.86666666666667,0.0,29.785714285714285,0.22677868380768956,18.442857142857143,23.900000000000002,0.0,29.707142857142856,0.6018743616854251,19.557142857142857,24.235714285714288,26.8,-0.5000000000000004,0.8660254037844384,11.399999999999999,731.6
2024-11-11,29.3,18.8,23.7,0.0,14.5,61,0,11,316,4,2024,29.9,18.5,24.1,29.8,18.2,23.7,29.6,17.6,23.8,29.5,20.4,24.5,30.3,19.5,24.7,29.5,22.3,24.9,29.666666666666668,0.32145502536646414,18.499999999999996,23.833333333333332,0.0,29.75714285714286,0.2760262237387144,18.214285714285715,23.785714285714285,0.0,29.635714285714283,0.5852115237023592,19.50714285714286,24.164285714285715,26.8,-0.5000000000000004,0.8660254037844384,10.5,884.5
2024-11-12,29.9,20.5,25.4,0.0,12.9,59,1,11,317,4,2024,29.3,18.8,23.7,29.9,18.5,24.1,29.8,18.2,23.7,29.7,18.5,24.1,30.5,20.0,25.4,29.7,22.2,25.2,29.700000000000003,0.346410161513803,19.266666666666662,24.399999999999995,0.0,29.785714285714285,0.27945525240405594,18.5,23.971428571428568,0.0,29.592857142857145,0.5370350020325624,19.542857142857144,24.16428571428571,26.7,-0.5000000000000004,0.8660254037844384,9.399999999999999,761.1
2024-11-13,30.3,22.5,26.3,0.0,11.8,57,2,11,318,4,2024,29.9,20.5,25.4,29.3,18.8,23.7,29.9,18.5,24.1,30.2,18.1,23.8,30.2,21.5,24.4,28.6,21.0,25.1,29.833333333333332,0.5033222956847296,20.599999999999994,25.133333333333336,0.0,29.8,0.30550504633198594,19.12857142857143,24.32857142857143,0.0,29.599999999999998,0.5463163355264582,19.614285714285717,24.3,20.200000000000003,-0.5000000000000004,0.8660254037844384,7.800000000000001,672.6
2024-11-14,29.5,21.9,25.1,1.0,11.6,76,3,11,319,4,2024,30.3,22.5,26.3,29.9,20.5,25.4,29.3,18.8,23.7,29.8,17.8,23.3,28.7,21.1,24.4,29.4,22.1,24.6,29.900000000000002,0.4000000000000129,21.633333333333326,25.599999999999998,1.0,29.75714285714286,0.3258688021143711,19.714285714285715,24.585714285714285,1.0,29.657142857142855,0.48312171697005873,19.671428571428574,24.35,9.9,-0.5000000000000004,0.8660254037844384,7.600000000000001,881.6
2024-11-15,30.7,21.6,26.1,1.4,10.1,67,4,11,320,4,2024,29.5,21.9,25.1,30.3,22.5,26.3,29.9,20.5,25.4,29.6,17.6,23.8,30.1,21.3,24.4,29.4,21.9,24.8,30.166666666666668,0.6110100926607747,21.999999999999996,25.833333333333332,2.4,29.91428571428571,0.47056197405818645,20.285714285714285,24.914285714285715,2.4,29.7,0.5477225575065289,19.692857142857143,24.471428571428568,5.2,-0.5000000000000004,0.8660254037844384,9.099999999999998,676.6999999999999
2024-11-16,30.6,21.9,26.0,0.0,9.9,49,5,11,321,4,2024,30.7,21.6,26.1,29.5,21.9,25.1,30.3,22.5,26.3,29.8,18.2,23.7,29.2,20.7,24.4,29.0,22.7,25.0,30.26666666666667,0.6658328118479313,21.799999999999994,25.733333333333334,2.4,30.02857142857143,0.5313952882571589,20.814285714285713,25.24285714285714,2.4,29.8,0.5764613536995863,19.778571428571432,24.585714285714285,3.5999999999999996,-0.5000000000000004,0.8660254037844384,8.700000000000003,485.1
2024-11-17,29.5,20.8,24.8,0.0,10.0,47,6,11,322,4,2024,30.6,21.9,26.0,30.7,21.6,26.1,29.5,21.9,25.1,29.9,18.5,24.1,28.4,20.6,24.3,28.8,23.0,25.1,30.26666666666667,0.6658328118479313,21.433333333333326,25.633333333333336,1.4,29.97142857142857,0.567786009322098,21.142857142857142,25.342857142857145,2.4,29.87857142857143,0.42639557551015195,19.79285714285714,24.62142857142857,2.3999999999999995,-0.5000000000000004,0.8660254037844384,8.7,470.0
2024-11-18,28.6,19.9,23.9,0.0,9.8,50,0,11,323,4,2024,29.5,20.8,24.8,30.6,21.9,26.0,30.7,21.6,26.1,29.3,18.8,23.7,29.5,20.4,24.5,30.3,22.0,25.3,29.566666666666674,1.0016652800877976,20.86666666666666,24.900000000000002,0.0,29.87142857142857,0.7409774753989408,21.3,25.37142857142857,2.4,29.814285714285717,0.5404515816327816,19.75714285714286,24.57857142857143,2.3999999999999995,-0.5000000000000004,0.8660254037844384,8.700000000000003,490.00000000000006
2024-11-19,28.3,19.6,23.6,0.0,10.2,49,1,11,324,4,2024,28.6,19.9,23.9,29.5,20.8,24.8,30.6,21.9,26.0,29.9,20.5,25.4,29.7,18.5,24.1,29.4,21.4,24.4,28.8,0.6244997998399041,20.099999999999994,24.100000000000005,0.0,29.642857142857142,0.9484322904271008,21.171428571428574,25.114285714285717,2.4,29.714285714285715,0.6757982662783221,19.835714285714285,24.54285714285714,2.3999999999999995,-0.5000000000000004,0.8660254037844384,8.7,499.79999999999995
2024-11-20,28.1,18.8,23.3,0.0,8.6,49,2,11,325,4,2024,28.3,19.6,23.6,28.6,19.9,23.9,29.5,20.8,24.8,30.3,22.5,26.3,30.2,18.1,23.8,29.6,20.8,24.8,28.33333333333334,0.2516611478425759,19.43333333333333,23.599999999999998,0.0,29.32857142857143,1.0531132982963567,20.642857142857142,24.685714285714287,2.4,29.564285714285713,0.7840792177973782,19.885714285714283,24.50714285714286,2.3999999999999995,-0.5000000000000004,0.8660254037844384,9.3,421.4
2024-11-21,28.3,19.2,23.6,0.0,7.5,49,3,11,326,4,2024,28.1,18.8,23.3,28.3,19.6,23.6,28.6,19.9,23.9,29.5,21.9,25.1,29.8,17.8,23.3,29.5,20.9,24.2,28.233333333333338,0.11547005383842378,19.2,23.5,0.0,29.157142857142855,1.1163290178936955,20.257142857142856,24.47142857142857,1.4,29.457142857142856,0.8491754242207307,19.985714285714284,24.528571428571432,2.3999999999999995,-0.5000000000000004,0.8660254037844384,9.100000000000001,367.5
2024-11-22,28.6,19.1,23.6,0.0,9.6,49,4,11,327,4,2024,28.3,19.2,23.6,28.1,18.8,23.3,28.3,19.6,23.6,30.7,21.6,26.1,29.6,17.6,23.8,30.5,21.0,24.9,28.33333333333334,0.2516611478425759,19.033333333333328,23.5,0.0,28.857142857142858,0.8922950611717674,19.900000000000002,24.114285714285717,0.0,29.38571428571429,0.8778094614157597,20.092857142857145,24.514285714285712,2.3999999999999995,-0.5000000000000004,0.8660254037844384,9.5,470.4
2024-11-23,28.3,19.0,23.4,0.0,8.3,51,5,11,328,4,2024,28.6,19.1,23.6,28.3,19.2,23.6,28.1,18.8,23.3,30.6,21.9,26.0,29.8,18.2,23.7,30.7,19.5,24.3,28.400000000000002,0.17320508075719296,19.099999999999994,23.533333333333335,0.0,28.52857142857143,0.4644505202014144,19.485714285714288,23.742857142857144,0.0,29.278571428571432,0.914144048091407,20.150000000000002,24.492857142857144,2.3999999999999995,-0.5000000000000004,0.8660254037844384,9.3,423.3
2024-11-24,28.4,19.4,23.5,0.0,9.6,53,6,11,329,4,2024,28.3,19.0,23.4,28.6,19.1,23.6,28.3,19.2,23.6,29.5,20.8,24.8,29.9,18.5,24.1,30.1,19.9,24.2,28.433333333333337,0.15275252316553473,19.16666666666666,23.5,0.0,28.37142857142857,0.17994708217152158,19.285714285714285,23.557142857142857,0.0,29.171428571428574,0.923562143533756,20.214285714285715,24.45,2.3999999999999995,-0.5000000000000004,0.8660254037844384,9.0,508.79999999999995
2024-11-25,27.5,18.6,22.7,0.0,10.4,52,0,11,330,4,2024,28.4,19.4,23.5,28.3,19.0,23.4,28.6,19.1,23.6,28.6,19.9,23.9,29.3,18.8,23.7,30.2,20.3,24.4,28.066666666666666,0.49328828623175264,18.999999999999996,23.2,0.0,28.214285714285715,0.348466026220172,19.1,23.385714285714283,0.0,29.042857142857144,1.0241050770271944,20.2,24.37857142857143,2.3999999999999995,-0.5000000000000004,0.8660254037844384,8.899999999999999,540.8000000000001
2024-11-26,28.8,18.6,23.3,0.0,12.2,50,1,11,331,4,2024,27.5,18.6,22.7,28.4,19.4,23.5,28.3,19.0,23.4,28.3,19.6,23.6,29.9,20.5,25.4,30.5,18.7,24.5,28.233333333333338,0.665832811848026,18.866666666666664,23.166666666666668,0.0,28.285714285714285,0.4140393356067408,18.957142857142856,23.342857142857145,0.0,28.964285714285715,0.995070266446809,20.064285714285717,24.22857142857143,2.3999999999999995,-0.5000000000000004,0.8660254037844384,10.2,610.0
2024-11-27,27.5,18.9,22.8,0.0,10.7,45,2,11,332,4,2024,28.8,18.6,23.3,27.5,18.6,22.7,28.4,19.4,23.5,28.1,18.8,23.3,30.3,22.5,26.3,30.3,19.5,24.7,27.933333333333337,0.750555349946604,18.699999999999992,22.933333333333334,0.0,28.199999999999996,0.5099019513603648,18.97142857142857,23.27142857142857,0.0,28.764285714285716,0.9873095865947833,19.807142857142857,23.97857142857143,2.3999999999999995,-0.5000000000000004,0.8660254037844384,8.600000000000001,481.49999999999994
2024-11-28,26.9,18.0,22.0,0.0,15.7,44,3,11,333,4,2024,27.5,18.9,22.8,28.8,18.6,23.3,27.5,18.6,22.7,28.3,19.2,23.6,29.5,21.9,25.1,30.5,20.0,25.4,27.733333333333334,0.9712534856223087,18.499999999999996,22.7,0.0,28.0,0.7023769168576514,18.8,23.042857142857144,0.0,28.57857142857143,1.0785878028020905,19.528571428571432,23.75714285714286,1.4,-0.5000000000000004,0.8660254037844384,8.899999999999999,690.8
2024-11-29,29.0,17.9,23.3,0.0,10.8,53,4,11,334,4,2024,26.9,18.0,22.0,27.5,18.9,22.8,28.8,18.6,23.3,28.6,19.1,23.6,30.7,21.6,26.1,30.2,21.5,24.4,27.8,1.0816653826392644,18.266666666666662,22.700000000000003,0.0,28.057142857142853,0.7721337165229851,18.62857142857143,23.0,0.0,28.457142857142856,0.9027430725000778,19.264285714285712,23.557142857142857,0.0,-0.5000000000000004,0.8660254037844384,11.100000000000001,572.4000000000001
2024-11-30,29.1,21.1,24.7,0.0,14.9,64,5,11,335,4,2024,29.0,17.9,23.3,26.9,18.0,22.0,27.5,18.9,22.8,28.3,19.0,23.4,30.6,21.9,26.0,28.7,21.1,24.4,28.333333333333332,1.242309676905661,18.999999999999996,23.333333333333332,0.0,28.17142857142857,0.8673989580245435,18.928571428571427,23.185714285714287,0.0,28.35,0.6936525399331425,19.20714285714286,23.464285714285715,0.0,-0.5000000000000004,0.8660254037844384,8.0,953.6
2024-12-01,28.1,22.1,24.7,0.7,14.5,76,6,12,336,4,2024,29.1,21.1,24.7,29.0,17.9,23.3,26.9,18.0,22.0,28.4,19.4,23.5,29.5,20.8,24.8,30.1,21.3,24.4,28.733333333333338,0.5507570547286886,20.366666666666664,24.233333333333334,0.7,28.12857142857143,0.8616153157773297,19.314285714285713,23.357142857142858,0.7,28.25,0.6111149961041852,19.3,23.45714285714286,0.7,-2.4492935982947064e-16,1.0,6.0,1102.0
2024-12-02,27.3,21.7,23.7,4.2,12.8,85,0,12,337,4,2024,28.1,22.1,24.7,29.1,21.1,24.7,29.0,17.9,23.3,27.5,18.6,22.7,28.6,19.9,23.9,29.2,20.7,24.4,28.16666666666667,0.9018499505646473,21.633333333333326,24.366666666666664,4.9,28.099999999999998,0.8888194417321877,19.75714285714286,23.5,4.9,28.157142857142855,0.651287819767672,19.428571428571427,23.442857142857143,4.9,-2.4492935982947064e-16,1.0,5.600000000000001,1088.0
2024-12-03,27.4,21.3,23.6,3.5,13.5,86,1,12,338,4,2024,27.3,21.7,23.7,28.1,22.1,24.7,29.1,21.1,24.7,28.8,18.6,23.3,28.3,19.6,23.6,28.4,20.6,24.3,27.600000000000005,0.4358898943542493,21.7,24.0,8.4,27.9,0.8621678104258301,20.142857142857142,23.542857142857144,8.4,28.092857142857145,0.679891717301121,19.55,23.442857142857147,8.4,-2.4492935982947064e-16,1.0,6.099999999999998,1161.0
2024-12-04,28.3,21.8,24.7,0.8,11.2,80,2,12,339,4,2024,27.4,21.3,23.6,27.3,21.7,23.7,28.1,22.1,24.7,27.5,18.9,22.8,28.1,18.8,23.3,29.5,20.4,24.5,27.666666666666668,0.5507570547287505,21.599999999999994,24.0,8.5,28.014285714285716,0.8532849688681761,20.557142857142857,23.814285714285713,9.200000000000001,28.107142857142858,0.6821507680356205,19.764285714285712,23.542857142857144,9.200000000000001,-2.4492935982947064e-16,1.0,6.5,896.0
2024-12-05,27.4,21.1,23.9,12.2,8.7,85,3,12,340,4,2024,28.3,21.8,24.7,27.4,21.3,23.6,27.3,21.7,23.7,26.9,18.0,22.0,28.3,19.2,23.6,29.7,18.5,24.1,27.700000000000003,0.5196152422708111,21.399999999999995,24.066666666666666,16.5,28.08571428571429,0.7603257447281114,21.0,24.085714285714285,21.4,28.042857142857144,0.7046158644860685,19.900000000000002,23.564285714285713,21.4,-2.4492935982947064e-16,1.0,6.299999999999997,739.4999999999999
2024-12-06,29.1,21.6,24.7,3.1,10.3,78,4,12,341,4,2024,27.4,21.1,23.9,28.3,21.8,24.7,27.4,21.3,23.6,29.0,17.9,23.3,28.6,19.1,23.6,30.2,18.1,23.8,28.26666666666667,0.850490054811609,21.5,24.433333333333334,16.1,28.1,0.7810249675913812,21.52857142857143,24.285714285714285,24.5,28.078571428571426,0.7464568321073405,20.078571428571426,23.642857142857142,24.5,-2.4492935982947064e-16,1.0,7.5,803.4000000000001
2024-12-07,30.0,21.1,25.1,1.4,8.7,73,5,12,342,4,2024,29.1,21.6,24.7,27.4,21.1,23.9,28.3,21.8,24.7,29.1,21.1,24.7,28.3,19.0,23.4,29.8,17.8,23.3,28.833333333333332,1.3203534880225902,21.266666666666662,24.566666666666663,16.7,28.22857142857143,1.0127755357014658,21.528571428571432,24.342857142857145,25.9,28.199999999999996,0.9063875890259941,20.228571428571428,23.764285714285712,25.9,-2.4492935982947064e-16,1.0,8.899999999999999,635.0999999999999
2024-12-08,28.7,21.8,24.5,1.1,8.3,78,6,12,343,4,2024,30.0,21.1,25.1,29.1,21.6,24.7,27.4,21.1,23.9,28.1,22.1,24.7,28.4,19.4,23.5,29.6,17.6,23.8,29.26666666666667,0.6658328118479827,21.499999999999996,24.76666666666667,5.6,28.314285714285713,1.025391911139184,21.485714285714288,24.314285714285713,26.3,28.22142857142857,0.914985137693334,20.400000000000002,23.835714285714285,27.0,-2.4492935982947064e-16,1.0,6.899999999999999,647.4000000000001
2024-12-09,27.8,21.4,24.3,1.0,8.3,77,0,12,344,4,2024,28.7,21.8,24.5,30.0,21.1,25.1,29.1,21.6,24.7,27.3,21.7,23.7,27.5,18.6,22.7,29.8,18.2,23.7,28.833333333333332,1.1060440015358415,21.433333333333326,24.633333333333336,3.5,28.38571428571429,0.9581728644124337,21.442857142857143,24.400000000000002,23.1,28.24285714285714,0.9001831315524369,20.599999999999998,23.95,28.0,-2.4492935982947064e-16,1.0,6.400000000000002,639.1
2024-12-10,28.2,21.0,23.8,0.6,13.0,72,1,12,345,4,2024,27.8,21.4,24.3,28.7,21.8,24.5,30.0,21.1,25.1,27.4,21.3,23.6,28.8,18.6,23.3,29.9,18.5,24.1,28.233333333333334,0.45092497528242087,21.399999999999995,24.2,2.7,28.5,0.8640987597883389,21.400000000000002,24.428571428571427,20.200000000000003,28.2,0.8857851797232088,20.771428571428572,23.985714285714284,28.6,-2.4492935982947064e-16,1.0,7.199999999999999,936.0
2024-12-11,27.2,18.6,22.5,0.0,9.3,56,2,12,346,4,2024,28.2,21.0,23.8,27.8,21.4,24.3,28.7,21.8,24.5,28.3,21.8,24.7,27.5,18.9,22.8,29.3,18.8,23.7,27.733333333333334,0.5033222956848633,20.33333333333333,23.53333333333333,1.6,28.342857142857138,0.9964221709989375,20.942857142857143,24.114285714285717,19.400000000000002,28.178571428571427,0.9073872648178102,20.75,23.964285714285715,28.6,-2.4492935982947064e-16,1.0,8.599999999999998,520.8000000000001
2024-12-12,27.4,17.5,22.2,0.0,7.7,53,3,12,347,4,2024,27.2,18.6,22.5,28.2,21.0,23.8,27.8,21.4,24.3,27.4,21.1,23.9,26.9,18.0,22.0,29.9,20.5,25.4,27.600000000000005,0.529150262213065,19.033333333333328,22.833333333333332,0.6,28.342857142857145,0.9964221709989375,20.428571428571427,23.87142857142857,7.2,28.214285714285715,0.8618916073724304,20.714285714285715,23.97857142857143,28.6,-2.4492935982947064e-16,1.0,9.899999999999999,408.1
2024-12-13,26.9,18.0,22.2,0.0,8.8,53,4,12,348,4,2024,27.4,17.5,22.2,27.2,18.6,22.5,28.2,21.0,23.8,29.1,21.6,24.7,29.0,17.9,23.3,30.3,22.5,26.3,27.166666666666668,0.2516611478427191,18.033333333333328,22.3,0.0,28.02857142857143,1.0625665245285776,19.914285714285715,23.514285714285712,4.1,28.064285714285713,0.8966665985821689,20.72142857142857,23.900000000000002,28.6,-2.4492935982947064e-16,1.0,8.899999999999999,466.40000000000003
2024-12-14,26.6,17.5,21.7,0.0,8.8,54,5,12,349,4,2024,26.9,18.0,22.2,27.4,17.5,22.2,27.2,18.6,22.5,30.0,21.1,25.1,29.1,21.1,24.7,29.5,21.9,25.1,26.96666666666667,0.40414518843297587,17.66666666666666,22.03333333333333,0.0,27.54285714285714,0.7390470054006316,19.400000000000002,23.028571428571432,2.7,27.885714285714283,0.9230860805417254,20.464285714285715,23.685714285714283,28.6,-2.4492935982947064e-16,1.0,9.100000000000001,475.20000000000005
2024-12-15,26.6,16.9,21.3,0.0,8.0,51,6,12,350,4,2024,26.6,17.5,21.7,26.9,18.0,22.2,27.4,17.5,22.2,28.7,21.8,24.5,28.1,22.1,24.7,30.7,21.6,26.1,26.700000000000003,0.17320508075748917,17.466666666666665,21.73333333333333,0.0,27.24285714285714,0.6051367417300569,18.7,22.571428571428573,1.6,27.778571428571432,0.9815047877385253,20.092857142857145,23.442857142857143,27.900000000000002,-2.4492935982947064e-16,1.0,9.700000000000003,408.0
2024-12-16,27.0,15.5,20.9,0.0,7.1,47,0,12,351,4,2024,26.6,16.9,21.3,26.6,17.5,21.7,26.9,18.0,22.2,27.8,21.4,24.3,27.3,21.7,23.7,30.6,21.9,26.0,26.733333333333338,0.23094010767629858,16.63333333333333,21.3,0.0,27.128571428571426,0.5559205150458321,17.857142857142858,22.085714285714285,0.6,27.75714285714286,0.995925766244722,19.650000000000002,23.24285714285714,23.700000000000003,-2.4492935982947064e-16,1.0,11.5,333.7
2024-12-17,27.5,15.3,21.2,0.0,7.5,53,1,12,352,4,2024,27.0,15.5,20.9,26.6,16.9,21.3,26.6,17.5,21.7,28.2,21.0,23.8,27.4,21.3,23.6,29.5,20.8,24.8,27.033333333333335,0.4509249752825025,15.899999999999997,21.133333333333336,0.0,27.02857142857143,0.35923198500249515,17.042857142857144,21.714285714285715,0.0,27.764285714285712,0.9935229801519011,19.22142857142857,23.071428571428566,20.200000000000003,-2.4492935982947064e-16,1.0,12.2,397.5
2024-12-18,28.0,16.7,22.3,0.0,8.3,53,2,12,353,4,2024,27.5,15.3,21.2,27.0,15.5,20.9,26.6,16.9,21.3,27.2,18.6,22.5,28.3,21.8,24.7,28.6,19.9,23.9,27.5,0.5000000000001725,15.833333333333329,21.46666666666667,0.0,27.142857142857142,0.5159365040309513,16.77142857142857,21.685714285714287,0.0,27.742857142857144,0.9842719181167453,18.857142857142858,22.9,19.400000000000002,-2.4492935982947064e-16,1.0,11.3,439.90000000000003
2024-12-19,28.9,18.5,23.6,0.0,9.6,58,3,12,354,4,2024,28.0,16.7,22.3,27.5,15.3,21.2,27.0,15.5,20.9,27.4,17.5,22.2,27.4,21.1,23.9,28.3,19.6,23.6,28.133333333333336,0.7094598884598605,16.83333333333333,22.366666666666664,0.0,27.357142857142858,0.8462803768206261,16.914285714285715,21.885714285714283,0.0,27.849999999999998,1.024882732504844,18.671428571428574,22.87857142857143,7.2,-2.4492935982947064e-16,1.0,10.399999999999999,556.8
2024-12-20,29.4,20.9,24.7,0.0,8.1,72,4,12,355,4,2024,28.9,18.5,23.6,28.0,16.7,22.3,27.5,15.3,21.2,26.9,18.0,22.2,29.1,21.6,24.7,28.1,18.8,23.3,28.76666666666667,0.7094598884598415,18.699999999999996,23.53333333333333,0.0,27.714285714285715,1.1081945849427306,17.32857142857143,22.242857142857144,0.0,27.871428571428574,1.0557014229920638,18.62142857142857,22.87857142857143,4.1,-2.4492935982947064e-16,1.0,8.5,583.1999999999999
2024-12-21,29.9,20.0,24.6,0.0,9.3,69,5,12,356,4,2024,29.4,20.9,24.7,28.9,18.5,23.6,28.0,16.7,22.3,26.6,17.5,21.7,30.0,21.1,25.1,28.3,19.2,23.6,29.400000000000002,0.5000000000000915,19.799999999999994,24.3,0.0,28.185714285714287,1.2482368517618565,17.685714285714287,22.657142857142855,0.0,27.864285714285717,1.0404193997972657,18.54285714285714,22.842857142857145,2.7,-2.4492935982947064e-16,1.0,9.899999999999999,641.7
2024-12-22,28.5,20.2,24.0,0.0,10.9,65,6,12,357,4,2024,29.9,20.0,24.6,29.4,20.9,24.7,28.9,18.5,23.6,26.6,16.9,21.3,28.7,21.8,24.5,28.6,19.1,23.6,29.26666666666667,0.7094598884598264,20.36666666666666,24.433333333333334,0.0,28.457142857142856,1.0341778423099677,18.157142857142855,23.042857142857144,0.0,27.849999999999998,1.0293762114102714,18.428571428571427,22.807142857142857,1.6,-2.4492935982947064e-16,1.0,8.3,708.5
2024-12-23,28.6,19.8,24.0,0.0,8.9,63,0,12,358,4,2024,28.5,20.2,24.0,29.9,20.0,24.6,29.4,20.9,24.7,27.0,15.5,20.9,27.8,21.4,24.3,28.3,19.0,23.4,29.0,0.7810249675907337,19.999999999999996,24.2,0.0,28.685714285714283,0.8112306935122146,18.771428571428572,23.485714285714288,0.0,27.907142857142862,1.0484158641387438,18.314285714285713,22.785714285714285,0.6,-2.4492935982947064e-16,1.0,8.8,560.7
2024-12-24,28.5,21.0,24.3,0.0,13.2,59,1,12,359,4,2024,28.6,19.8,24.0,28.5,20.2,24.0,29.9,20.0,24.6,27.5,15.3,21.2,28.2,21.0,23.8,28.4,19.4,23.5,28.533333333333335,0.05773502692007539,20.33333333333333,24.100000000000005,0.0,28.82857142857143,0.6369570517039144,19.585714285714285,23.928571428571427,0.0,27.928571428571427,1.05788509731579,18.314285714285713,22.821428571428573,0.0,-2.4492935982947064e-16,1.0,7.5,778.8
2024-12-25,27.7,20.0,23.1,0.1,12.1,75,2,12,360,4,2024,28.5,21.0,24.3,28.6,19.8,24.0,28.5,20.2,24.0,28.0,16.7,22.3,27.2,18.6,22.5,27.5,18.6,22.7,28.26666666666667,0.49328828623176924,20.266666666666662,23.8,0.1,28.785714285714285,0.7081162132232481,20.057142857142857,24.042857142857144,0.1,27.964285714285715,1.0396797900969397,18.414285714285715,22.864285714285717,0.1,-2.4492935982947064e-16,1.0,7.699999999999999,907.5
2024-12-26,25.9,20.6,22.4,0.5,14.1,84,3,12,361,4,2024,27.7,20.0,23.1,28.5,21.0,24.3,28.6,19.8,24.0,28.9,18.5,23.6,27.4,17.5,22.2,28.8,18.6,23.3,27.36666666666667,1.3316656236959483,20.533333333333328,23.26666666666667,0.6,28.357142857142858,1.2933897876735554,20.357142857142858,23.871428571428574,0.6,27.857142857142858,1.1712677455945368,18.63571428571429,22.878571428571426,0.6,-2.4492935982947064e-16,1.0,5.299999999999997,1184.3999999999999
2024-12-27,26.4,20.6,22.8,1.9,17.2,77,4,12,362,4,2024,25.9,20.6,22.4,27.7,20.0,23.1,28.5,21.0,24.3,29.4,20.9,24.7,26.9,18.0,22.2,27.5,18.9,22.8,26.666666666666668,0.9291573243178737,20.399999999999995,22.766666666666666,2.5,27.928571428571427,1.3840933081679967,20.314285714285713,23.599999999999998,2.5,27.821428571428573,1.2096907242570865,18.821428571428573,22.92142857142857,2.5,-2.4492935982947064e-16,1.0,5.799999999999997,1324.3999999999999
2024-12-28,27.9,18.8,23.0,0.0,12.1,72,5,12,363,4,2024,26.4,20.6,22.8,25.9,20.6,22.4,27.7,20.0,23.1,29.9,20.0,24.6,26.6,17.5,21.7,26.9,18.0,22.0,26.733333333333334,1.0408329997331687,19.999999999999996,22.733333333333334,2.4,27.642857142857142,1.0829852920784817,20.142857142857142,23.37142857142857,2.5,27.914285714285715,1.1574887557908211,18.914285714285715,23.014285714285712,2.5,-2.4492935982947064e-16,1.0,9.099999999999998,871.1999999999999
2024-12-29,28.9,19.3,23.7,0.0,9.4,67,6,12,364,4,2024,27.9,18.8,23.0,26.4,20.6,22.8,25.9,20.6,22.4,28.5,20.2,24.0,26.6,16.9,21.3,29.0,17.9,23.3,27.733333333333334,1.2583057392118564,19.566666666666663,23.166666666666668,1.9,27.699999999999996,1.1445523142264686,20.014285714285716,23.32857142857143,2.5,28.078571428571426,1.1191882851354102,19.085714285714285,23.185714285714287,2.5,-2.4492935982947064e-16,1.0,9.599999999999998,629.8000000000001
2024-12-30,30.0,19.4,24.5,0.0,9.0,54,0,12,365,4,2024,28.9,19.3,23.7,27.9,18.8,23.0,26.4,20.6,22.8,28.6,19.8,24.0,27.0,15.5,20.9,29.1,21.1,24.7,28.933333333333334,1.050396750439299,19.16666666666666,23.733333333333334,0.0,27.9,1.4177446878761866,19.957142857142856,23.400000000000002,2.5,28.29285714285714,1.1822171385321876,19.364285714285717,23.442857142857147,2.5,-2.4492935982947064e-16,1.0,10.600000000000001,486.0
2024-12-31,28.7,19.9,24.5,0.0,8.2,57,1,12,366,4,2024,30.0,19.4,24.5,28.9,19.3,23.7,27.9,18.8,23.0,28.5,21.0,24.3,27.5,15.3,21.2,28.1,22.1,24.7,29.200000000000003,0.7000000000000666,19.533333333333328,24.233333333333334,0.0,27.928571428571427,1.433776232790678,19.8,23.428571428571427,2.5,28.378571428571426,1.1636669966630184,19.692857142857143,23.678571428571427,2.5,-2.4492935982947064e-16,1.0,8.8,467.4
2025-01-01,28.6,20.5,24.3,0.0,10.2,57,2,1,1,1,2025,28.7,19.9,24.5,30.0,19.4,24.5,28.9,19.3,23.7,27.7,20.0,23.1,28.0,16.7,22.3,27.3,21.7,23.7,29.100000000000005,0.781024967590728,19.933333333333326,24.433333333333334,0.0,28.057142857142857,1.450123147480335,19.87142857142857,23.599999999999998,2.4,28.42142857142857,1.1596939725168662,19.964285714285715,23.821428571428573,2.5,0.49999999999999994,0.8660254037844387,8.100000000000001,581.4
2025-01-02,28.2,18.6,23.0,0.0,9.7,48,3,1,2,1,2025,28.6,20.5,24.3,28.7,19.9,24.5,30.0,19.4,24.5,25.9,20.6,22.4,28.9,18.5,23.6,27.4,21.3,23.6,28.5,0.26457513110670694,19.66666666666666,23.933333333333334,0.0,28.385714285714283,1.0976164652386557,19.585714285714285,23.685714285714287,1.9,28.37142857142857,1.1525413868289072,19.97142857142857,23.77857142857143,2.5,0.49999999999999994,0.8660254037844387,9.599999999999998,465.59999999999997
2025-01-03,28.9,18.2,23.1,0.0,9.4,40,4,1,3,1,2025,28.2,18.6,23.0,28.6,20.5,24.3,28.7,19.9,24.5,26.4,20.6,22.8,29.4,20.9,24.7,28.3,21.8,24.7,28.566666666666666,0.3511884584286058,19.099999999999994,23.46666666666667,0.0,28.74285714285714,0.665475125649488,19.24285714285714,23.728571428571428,0.0,28.335714285714285,1.1256499953759045,19.778571428571432,23.664285714285715,2.5,0.49999999999999994,0.8660254037844387,10.7,376.0
2025-01-04,28.9,18.5,23.3,0.0,9.9,40,5,1,4,1,2025,28.9,18.2,23.1,28.2,18.6,23.0,28.6,20.5,24.3,27.9,18.8,23.0,29.9,20.0,24.6,27.4,21.1,23.9,28.666666666666668,0.40414518843288894,18.433333333333326,23.133333333333336,0.0,28.885714285714283,0.5520524474748292,19.2,23.771428571428572,0.0,28.264285714285712,1.0477867831095322,19.671428571428574,23.571428571428573,2.5,0.49999999999999994,0.8660254037844387,10.399999999999999,396.0
2025-01-05,28.2,16.4,22.4,0.0,9.5,56,6,1,5,1,2025,28.9,18.5,23.3,28.9,18.2,23.1,28.2,18.6,23.0,28.9,19.3,23.7,28.5,20.2,24.0,29.1,21.6,24.7,28.666666666666668,0.40414518843288894,17.699999999999992,22.933333333333337,0.0,28.785714285714285,0.609449400220909,18.785714285714285,23.585714285714285,0.0,28.24285714285714,1.045660840525492,19.400000000000002,23.457142857142856,2.5,0.49999999999999994,0.8660254037844387,11.8,532.0
2025-01-06,27.5,17.7,22.6,0.0,8.8,57,0,1,6,1,2025,28.2,16.4,22.4,28.9,18.5,23.3,28.9,18.2,23.1,30.0,19.4,24.5,28.6,19.8,24.0,30.0,21.1,25.1,28.200000000000003,0.7000000000001043,17.533333333333328,22.766666666666666,0.0,28.428571428571427,0.5023753102831002,18.54285714285714,23.314285714285717,0.0,28.16428571428571,1.0580149358102222,19.25,23.357142857142858,2.5,0.49999999999999994,0.8660254037844387,9.8,501.6
2025-01-07,28.6,18.0,23.1,0.0,10.4,53,1,1,7,1,2025,27.5,17.7,22.6,28.2,16.4,22.4,28.9,18.5,23.3,28.7,19.9,24.5,28.5,21.0,24.3,28.7,21.8,24.5,28.100000000000005,0.5567764362831391,17.36666666666666,22.7,0.0,28.41428571428571,0.49473417585911234,18.271428571428572,23.11428571428571,0.0,28.17142857142857,1.06078967061177,19.035714285714285,23.271428571428572,2.5,0.49999999999999994,0.8660254037844387,10.600000000000001,551.2
2025-01-08,27.2,18.7,22.6,0.0,9.2,46,2,1,8,1,2025,28.6,18.0,23.1,27.5,17.7,22.6,28.2,16.4,22.4,28.6,20.5,24.3,27.7,20.0,23.1,27.8,21.4,24.3,27.76666666666667,0.7371114795833166,18.13333333333333,22.76666666666667,0.0,28.214285714285715,0.6618876325301362,18.014285714285712,22.871428571428574,0.0,28.135714285714283,1.085999817862561,18.942857142857143,23.235714285714288,2.4,0.49999999999999994,0.8660254037844387,8.5,423.2
2025-01-09,25.8,17.0,21.6,0.0,11.3,50,3,1,9,1,2025,27.2,18.7,22.6,28.6,18.0,23.1,27.5,17.7,22.6,28.2,18.6,23.0,25.9,20.6,22.4,28.2,21.0,23.8,27.200000000000003,1.4000000000000736,17.899999999999995,22.433333333333337,0.0,27.871428571428574,1.127998649104731,17.785714285714285,22.671428571428574,0.0,28.12857142857143,1.1020460491773503,18.685714285714287,23.178571428571427,1.9,0.49999999999999994,0.8660254037844387,8.8,565.0
2025-01-10,26.4,17.3,22.0,0.0,12.5,60,4,1,10,1,2025,25.8,17.0,21.6,27.2,18.7,22.6,28.6,18.0,23.1,28.9,18.2,23.1,26.4,20.6,22.8,27.2,18.6,22.5,26.46666666666667,0.7023769168570255,17.66666666666666,22.066666666666666,0.0,27.514285714285712,1.1437199124332942,17.65714285714286,22.514285714285716,0.0,28.12857142857143,1.1020460491773503,18.45,23.121428571428574,0.0,0.49999999999999994,0.8660254037844387,9.099999999999998,750.0
2025-01-11,26.8,17.8,22.2,0.0,12.5,62,5,1,11,1,2025,26.4,17.3,22.0,25.8,17.0,21.6,27.2,18.7,22.6,28.9,18.5,23.3,27.9,18.8,23.0,27.4,17.5,22.2,26.333333333333332,0.5033222956849713,17.36666666666666,21.933333333333334,0.0,27.214285714285715,0.9839183086498866,17.557142857142857,22.357142857142858,0.0,28.05,1.1574175498139456,18.37857142857143,23.064285714285717,0.0,0.49999999999999994,0.8660254037844387,9.0,775.0
2025-01-12,27.7,18.0,22.6,0.0,11.0,65,6,1,12,1,2025,26.8,17.8,22.2,26.4,17.3,22.0,25.8,17.0,21.6,28.2,16.4,22.4,28.9,19.3,23.7,26.9,18.0,22.2,26.96666666666667,0.6658328118481034,17.699999999999992,22.266666666666666,0.0,27.142857142857142,0.9162553189613867,17.785714285714285,22.385714285714283,0.0,27.964285714285715,1.1338207312231532,18.285714285714285,22.985714285714288,0.0,0.49999999999999994,0.8660254037844387,9.7,715.0
2025-01-13,28.7,19.0,23.5,0.0,11.7,58,0,1,13,1,2025,27.7,18.0,22.6,26.8,17.8,22.2,26.4,17.3,22.0,27.5,17.7,22.6,30.0,19.4,24.5,26.6,17.5,21.7,27.733333333333334,0.9504384952923078,18.266666666666662,22.766666666666666,0.0,27.314285714285717,1.0899978156383818,17.97142857142857,22.514285714285712,0.0,27.87142857142857,0.999560342912252,18.25714285714286,22.91428571428571,0.0,0.49999999999999994,0.8660254037844387,9.7,678.5999999999999
2025-01-14,28.5,18.4,23.4,0.0,10.8,61,1,1,14,1,2025,28.7,19.0,23.5,27.7,18.0,22.6,26.8,17.8,22.2,28.6,18.0,23.1,28.7,19.9,24.5,26.6,16.9,21.3,28.3,0.5291502622130525,18.466666666666665,23.166666666666668,0.0,27.300000000000004,1.0708252269478309,18.02857142857143,22.557142857142857,0.0,27.857142857142858,0.9881718051459978,18.15,22.835714285714285,0.0,0.49999999999999994,0.8660254037844387,10.100000000000001,658.8000000000001
2025-01-15,28.1,18.7,23.1,0.0,12.2,65,2,1,15,1,2025,28.5,18.4,23.4,28.7,19.0,23.5,27.7,18.0,22.6,27.2,18.7,22.6,28.6,20.5,24.3,27.0,15.5,20.9,28.433333333333337,0.30550504633060904,18.699999999999996,23.333333333333332,0.0,27.428571428571427,1.1101265479134115,18.02857142857143,22.62857142857143,0.0,27.821428571428573,0.9680897697010309,18.021428571428572,22.75,0.0,0.49999999999999994,0.8660254037844387,9.400000000000002,793.0
2025-01-16,28.2,18.9,23.4,0.0,10.8,63,3,1,16,1,2025,28.1,18.7,23.1,28.5,18.4,23.4,28.7,19.0,23.5,25.8,17.0,21.6,28.2,18.6,23.0,27.5,15.3,21.2,28.26666666666667,0.20816659994696227,18.66666666666666,23.3,0.0,27.77142857142857,0.8673989580245727,18.3,22.885714285714283,0.0,27.821428571428573,0.9680897697010309,18.04285714285714,22.778571428571432,0.0,0.49999999999999994,0.8660254037844387,9.3,680.4000000000001
2025-01-17,28.4,18.9,23.2,0.0,12.0,62,4,1,17,1,2025,28.2,18.9,23.4,28.1,18.7,23.1,28.5,18.4,23.4,26.4,17.3,22.0,28.9,18.2,23.1,28.0,16.7,22.3,28.233333333333334,0.15275252316567664,18.833333333333325,23.23333333333333,0.0,28.057142857142857,0.6399404734230693,18.52857142857143,23.057142857142853,0.0,27.785714285714285,0.9338564729603337,18.09285714285714,22.785714285714285,0.0,0.49999999999999994,0.8660254037844387,9.5,744.0
2025-01-18,26.9,18.5,22.6,0.0,10.9,63,5,1,18,1,2025,28.4,18.9,23.2,28.2,18.9,23.4,28.1,18.7,23.1,26.8,17.8,22.2,28.9,18.5,23.3,28.9,18.5,23.6,27.833333333333332,0.8144527815248116,18.766666666666662,23.066666666666666,0.0,28.071428571428573,0.6074928962948872,18.62857142857143,23.114285714285717,0.0,27.642857142857142,0.9027430725001969,18.09285714285714,22.735714285714288,0.0,0.49999999999999994,0.8660254037844387,8.399999999999999,686.7
2025-01-19,29.3,19.0,23.7,0.0,9.7,51,6,1,19,1,2025,26.9,18.5,22.6,28.4,18.9,23.2,28.2,18.9,23.4,27.7,18.0,22.6,28.2,16.4,22.4,29.4,20.9,24.7,28.200000000000003,1.2124355652982766,18.799999999999994,23.166666666666668,0.0,28.3,0.732575365861954,18.771428571428572,23.271428571428572,0.0,27.72142857142857,0.9978273100398489,18.27857142857143,22.82857142857143,0.0,0.49999999999999994,0.8660254037844387,10.3,494.7
2025-01-20,29.5,19.2,23.8,0.0,9.7,44,0,1,20,1,2025,29.3,19.0,23.7,26.9,18.5,22.6,28.4,18.9,23.2,28.7,19.0,23.5,27.5,17.7,22.6,29.9,20.0,24.6,28.566666666666666,1.4468356276140928,18.899999999999995,23.366666666666664,0.0,28.41428571428571,0.8571825387646452,18.8,23.314285714285717,0.0,27.864285714285717,1.1014725408487223,18.385714285714283,22.914285714285715,0.0,0.49999999999999994,0.8660254037844387,10.3,426.79999999999995
2025-01-21,30.5,18.2,24.1,0.0,9.6,38,1,1,21,1,2025,29.5,19.2,23.8,29.3,19.0,23.7,26.9,18.5,22.6,28.5,18.4,23.4,28.6,18.0,23.1,28.5,20.2,24.0,29.76666666666667,0.642910050732915,18.799999999999994,23.866666666666664,0.0,28.699999999999996,1.1676186592095912,18.77142857142857,23.414285714285715,0.0,28.0,1.2985198674474687,18.4,22.985714285714288,0.0,0.49999999999999994,0.8660254037844387,12.3,364.8
2025-01-22,30.1,18.6,24.0,0.0,9.9,47,2,1,22,1,2025,30.5,18.2,24.1,29.5,19.2,23.8,29.3,19.0,23.7,28.1,18.7,23.1,27.2,18.7,22.6,28.6,19.8,24.0,30.033333333333335,0.5033222956847695,18.66666666666666,23.96666666666667,0.0,28.985714285714288,1.2388550781923398,18.75714285714286,23.542857142857144,0.0,28.207142857142856,1.3892246236469266,18.392857142857142,23.085714285714285,0.0,0.49999999999999994,0.8660254037844387,11.5,465.3
2025-01-23,29.6,18.5,23.4,0.0,11.6,61,3,1,23,1,2025,30.1,18.6,24.0,30.5,18.2,24.1,29.5,19.2,23.8,28.2,18.9,23.4,25.8,17.0,21.6,28.5,21.0,24.3,30.066666666666674,0.45092497528234626,18.433333333333326,23.833333333333332,0.0,29.185714285714287,1.2033682886366346,18.7,23.542857142857144,0.0,28.478571428571428,1.2466438461415899,18.5,23.214285714285715,0.0,0.49999999999999994,0.8660254037844387,11.100000000000001,707.6
2025-01-24,30.6,19.0,24.1,0.0,10.1,57,4,1,24,1,2025,29.6,18.5,23.4,30.1,18.6,24.0,30.5,18.2,24.1,28.4,18.9,23.2,26.4,17.3,22.0,27.7,20.0,23.1,30.100000000000005,0.5000000000000497,18.699999999999996,23.833333333333332,0.0,29.5,1.250333288901135,18.714285714285715,23.671428571428574,0.0,28.778571428571432,1.2128660091064019,18.62142857142857,23.36428571428571,0.0,0.49999999999999994,0.8660254037844387,11.600000000000001,575.6999999999999
2025-01-25,31.3,18.3,24.3,0.0,9.8,52,5,1,25,1,2025,30.6,19.0,24.1,29.6,18.5,23.4,30.1,18.6,24.0,26.9,18.5,22.6,26.8,17.8,22.2,25.9,20.6,22.4,30.5,0.8544003745317682,18.599999999999994,23.933333333333334,0.0,30.12857142857143,0.7181324987181839,18.685714285714287,23.914285714285715,0.0,29.099999999999998,1.2440628230495254,18.657142857142855,23.514285714285712,0.0,0.49999999999999994,0.8660254037844387,13.0,509.6
2025-01-26,30.1,19.6,24.9,0.0,9.5,46,6,1,26,1,2025,31.3,18.3,24.3,30.6,19.0,24.1,29.6,18.5,23.4,29.3,19.0,23.7,27.7,18.0,22.6,26.4,20.6,22.8,30.66666666666667,0.6027713773341843,18.966666666666665,24.433333333333334,0.0,30.242857142857144,0.6214422549130386,18.771428571428572,24.085714285714285,0.0,29.271428571428572,1.200915401766254,18.77142857142857,23.678571428571427,0.0,0.49999999999999994,0.8660254037844387,10.5,437.0
2025-01-27,31.2,19.2,25.0,0.0,9.9,49,0,1,27,1,2025,30.1,19.6,24.9,31.3,18.3,24.3,30.6,19.0,24.1,29.5,19.2,23.8,28.7,19.0,23.5,27.9,18.8,23.0,30.86666666666667,0.6658328118479417,19.033333333333328,24.733333333333334,0.0,30.485714285714288,0.6148944934670818,18.771428571428572,24.257142857142856,0.0,29.45,1.2918382847120247,18.785714285714285,23.785714285714285,0.0,0.49999999999999994,0.8660254037844387,12.0,485.1
2025-01-28,31.0,19.3,25.1,0.0,10.9,47,1,1,28,1,2025,31.2,19.2,25.0,30.1,19.6,24.9,31.3,18.3,24.3,30.5,18.2,24.1,28.5,18.4,23.4,28.9,19.3,23.7,30.76666666666667,0.5859465277082393,19.36666666666666,25.0,0.0,30.557142857142857,0.6451282633642477,18.928571428571427,24.400000000000002,0.0,29.62857142857143,1.3228341203233356,18.849999999999998,23.907142857142855,0.0,0.49999999999999994,0.8660254037844387,11.7,512.3000000000001
2025-01-29,30.5,19.8,24.7,0.0,10.9,51,2,1,29,1,2025,31.0,19.3,25.1,31.2,19.2,25.0,30.1,19.6,24.9,30.1,18.6,24.0,28.1,18.7,23.1,30.0,19.4,24.5,30.900000000000002,0.3605551275463996,19.43333333333333,24.933333333333334,0.0,30.61428571428571,0.6148944934670716,19.1,24.5,0.0,29.8,1.2636942181257833,18.928571428571427,24.021428571428572,0.0,0.49999999999999994,0.8660254037844387,10.7,555.9
2025-01-30,31.0,19.3,24.8,0.0,9.2,53,3,1,30,1,2025,30.5,19.8,24.7,31.0,19.3,25.1,31.2,19.2,25.0,29.6,18.5,23.4,28.2,18.9,23.4,28.7,19.9,24.5,30.833333333333332,0.28867513459482236,19.466666666666665,24.866666666666664,0.0,30.814285714285713,0.4298393941494595,19.214285714285715,24.7,0.0,30.0,1.2114835152381196,18.95714285714286,24.12142857142857,0.0,0.49999999999999994,0.8660254037844387,11.7,487.59999999999997
2025-01-31,32.4,19.6,25.6,0.0,10.7,48,4,1,31,1,2025,31.0,19.3,24.8,30.5,19.8,24.7,31.0,19.3,25.1,30.6,19.0,24.1,28.4,18.9,23.2,28.6,20.5,24.3,31.3,0.9848857801795962,19.566666666666663,25.033333333333335,0.0,31.071428571428573,0.7204495950782842,19.300000000000004,24.914285714285715,0.0,30.285714285714285,1.2751211965673663,19.00714285714286,24.292857142857144,0.0,0.49999999999999994,0.8660254037844387,12.799999999999997,513.5999999999999
2025-02-01,32.2,21.0,26.4,0.0,9.7,44,5,2,32,1,2025,32.4,19.6,25.6,31.0,19.3,24.8,30.5,19.8,24.7,31.3,18.3,24.3,26.9,18.5,22.6,28.2,18.6,23.0,31.86666666666667,0.7571877794399946,19.966666666666665,25.599999999999998,0.0,31.199999999999996,0.838649708361105,19.685714285714287,25.214285714285715,0.0,30.664285714285715,0.933650521718123,19.185714285714287,24.564285714285713,0.0,0.8660254037844386,0.5000000000000001,11.200000000000003,426.79999999999995
2025-02-02,32.3,21.3,26.5,0.0,11.0,42,6,2,33,1,2025,32.2,21.0,26.4,32.4,19.6,25.6,31.0,19.3,24.8,30.1,19.6,24.9,29.3,19.0,23.7,28.9,18.2,23.1,32.300000000000004,0.09999999999954097,20.63333333333333,26.166666666666668,0.0,31.514285714285712,0.7668736780565886,19.928571428571427,25.442857142857147,0.0,30.878571428571426,0.9406859783643428,19.35,24.764285714285712,0.0,0.8660254037844386,0.5000000000000001,10.999999999999996,462.0
2025-02-03,32.2,20.9,26.5,0.0,11.2,42,0,2,34,1,2025,32.3,21.3,26.5,32.2,21.0,26.4,32.4,19.6,25.6,31.2,19.2,25.0,29.5,19.2,23.8,28.9,18.5,23.3,32.23333333333334,0.057735026918201246,21.06666666666666,26.466666666666665,0.0,31.657142857142862,0.7913219801011883,20.17142857142857,25.657142857142862,0.0,31.071428571428573,0.9126702761502398,19.47142857142857,24.957142857142856,0.0,0.8660254037844386,0.5000000000000001,11.300000000000004,470.4
2025-02-04,33.1,20.0,26.6,0.0,10.2,42,1,2,35,1,2025,32.2,20.9,26.5,32.3,21.3,26.5,32.2,21.0,26.4,31.0,19.3,25.1,30.5,18.2,24.1,28.2,16.4,22.4,32.53333333333334,0.4932882862315192,20.73333333333333,26.533333333333335,0.0,31.95714285714286,0.8922950611716044,20.271428571428572,25.87142857142857,0.0,31.257142857142856,1.0427141253736911,19.599999999999998,25.13571428571429,0.0,0.8660254037844386,0.5000000000000001,13.100000000000001,428.4
2025-02-05,33.4,22.1,27.6,0.0,12.4,38,2,2,36,1,2025,33.1,20.0,26.6,32.2,20.9,26.5,32.3,21.3,26.5,30.5,19.8,24.7,30.1,18.6,24.0,27.5,17.7,22.6,32.900000000000006,0.6244997998397364,20.999999999999996,26.900000000000002,0.0,32.371428571428574,0.7674943772095932,20.6,26.285714285714285,0.0,31.492857142857144,1.130326219566005,19.85,25.392857142857142,0.0,0.8660254037844386,0.5000000000000001,11.299999999999997,471.2
2025-02-06,32.4,21.6,26.9,0.0,12.7,41,3,2,37,1,2025,33.4,22.1,27.6,33.1,20.0,26.6,32.2,20.9,26.5,31.0,19.3,24.8,29.6,18.5,23.4,28.6,18.0,23.1,32.96666666666667,0.5131601439445606,21.23333333333333,27.033333333333335,0.0,32.57142857142857,0.47858919654367876,20.928571428571427,26.585714285714285,0.0,31.692857142857143,1.011065154801465,20.071428571428573,25.642857142857142,0.0,0.8660254037844386,0.5000000000000001,10.799999999999997,520.6999999999999
2025-02-07,32.1,21.9,26.8,0.0,10.7,46,4,2,38,1,2025,32.4,21.6,26.9,33.4,22.1,27.6,33.1,20.0,26.6,32.4,19.6,25.6,30.6,19.0,24.1,27.2,18.7,22.6,32.63333333333334,0.6806859285553173,21.866666666666664,27.099999999999998,0.0,32.528571428571425,0.5089672082249782,21.25714285714286,26.75714285714286,0.0,31.8,0.9647638212382175,20.278571428571432,25.83571428571429,0.0,0.8660254037844386,0.5000000000000001,10.200000000000003,492.2
2025-02-08,32.3,22.2,27.1,0.0,11.2,45,5,2,39,1,2025,32.1,21.9,26.8,32.4,21.6,26.9,33.4,22.1,27.6,32.2,21.0,26.4,31.3,18.3,24.3,25.8,17.0,21.6,32.26666666666667,0.1527525231648603,21.899999999999995,26.933333333333337,0.0,32.542857142857144,0.49952358255093204,21.428571428571427,26.857142857142858,0.0,31.871428571428574,0.9619120153504911,20.557142857142857,26.035714285714285,0.0,0.8660254037844386,0.5000000000000001,10.099999999999998,503.99999999999994
2025-02-09,31.6,22.1,27.0,0.0,10.3,42,6,2,40,1,2025,32.3,22.2,27.1,32.1,21.9,26.8,32.4,21.6,26.9,32.3,21.3,26.5,30.1,19.6,24.9,26.4,17.3,22.0,32.0,0.36055512754627067,22.066666666666663,26.96666666666667,0.0,32.44285714285714,0.6133436852134323,21.54285714285714,26.928571428571427,0.0,31.978571428571428,0.8229202890916556,20.735714285714288,26.185714285714287,0.0,0.8660254037844386,0.5000000000000001,9.5,432.6
2025-02-10,32.3,21.4,26.7,0.0,12.2,48,0,2,41,1,2025,31.6,22.1,27.0,32.3,22.2,27.1,32.1,21.9,26.8,32.2,20.9,26.5,31.2,19.2,25.0,26.8,17.8,22.2,32.06666666666667,0.40414518843261976,21.899999999999995,26.933333333333334,0.0,32.457142857142856,0.6078847008475589,21.614285714285717,26.957142857142856,0.0,32.05714285714286,0.7949013346755711,20.892857142857142,26.307142857142857,0.0,0.8660254037844386,0.5000000000000001,10.899999999999999,585.5999999999999
2025-02-11,33.7,21.5,27.3,0.0,12.0,44,1,2,42,1,2025,32.3,21.4,26.7,31.6,22.1,27.0,32.3,22.2,27.1,33.1,20.0,26.6,31.0,19.3,25.1,27.7,18.0,22.6,32.53333333333334,1.0692676621563124,21.66666666666666,27.0,0.0,32.54285714285714,0.7412987316355787,21.82857142857143,27.057142857142857,0.0,32.25,0.8446665250040185,21.050000000000004,26.464285714285715,0.0,0.8660254037844386,0.5000000000000001,12.200000000000003,528.0
2025-02-12,34.4,22.0,28.0,0.0,10.9,41,2,2,43,1,2025,33.7,21.5,27.3,32.3,21.4,26.7,31.6,22.1,27.0,33.4,22.1,27.6,30.5,19.8,24.7,28.7,19.0,23.5,33.466666666666676,1.0692676621562993,21.63333333333333,27.333333333333332,0.0,32.68571428571428,0.9889869756958041,21.814285714285713,27.114285714285717,0.0,32.528571428571425,0.865961956376183,21.20714285714286,26.7,0.0,0.8660254037844386,0.5000000000000001,12.399999999999999,446.90000000000003
2025-02-13,33.6,21.5,27.7,0.0,9.8,39,3,2,44,1,2025,34.4,22.0,28.0,33.7,21.5,27.3,32.3,21.4,26.7,32.4,21.6,26.9,31.0,19.3,24.8,28.5,18.4,23.4,33.900000000000006,0.4358898943538932,21.66666666666666,27.666666666666668,0.0,32.857142857142854,1.034177842309769,21.8,27.228571428571428,0.0,32.714285714285715,0.7882377061010158,21.364285714285717,26.907142857142855,0.0,0.8660254037844386,0.5000000000000001,12.100000000000001,382.20000000000005
2025-02-14,32.8,22.4,27.1,0.0,6.4,37,4,2,45,1,2025,33.6,21.5,27.7,34.4,22.0,28.0,33.7,21.5,27.3,32.1,21.9,26.8,32.4,19.6,25.6,28.1,18.7,23.1,33.6,0.7999999999999087,21.966666666666658,27.599999999999998,0.0,32.957142857142856,0.9812528434903075,21.87142857142857,27.271428571428572,0.0,32.74285714285715,0.7832027792387463,21.564285714285713,27.014285714285712,0.0,0.8660254037844386,0.5000000000000001,10.399999999999999,236.8
2025-02-15,32.9,20.6,27.0,0.0,10.9,35,5,2,46,1,2025,32.8,22.4,27.1,33.6,21.5,27.7,34.4,22.0,28.0,32.3,22.2,27.1,32.2,21.0,26.4,28.2,18.9,23.4,33.1,0.4358898943539045,21.499999999999996,27.266666666666666,0.0,33.042857142857144,0.9396047801378016,21.642857142857142,27.257142857142856,0.0,32.79285714285714,0.7680788077702347,21.535714285714285,27.057142857142857,0.0,0.8660254037844386,0.5000000000000001,12.299999999999997,381.5
2025-02-16,33.5,20.4,27.2,0.0,8.8,33,6,2,47,1,2025,32.9,20.6,27.0,32.8,22.4,27.1,33.6,21.5,27.7,31.6,22.1,27.0,32.3,21.3,26.5,28.4,18.9,23.2,33.06666666666667,0.37859388971982894,21.133333333333326,27.099999999999998,0.0,33.31428571428571,0.6962484504561216,21.400000000000002,27.285714285714285,0.0,32.878571428571426,0.7757661933945394,21.471428571428568,27.107142857142858,0.0,0.8660254037844386,0.5000000000000001,13.100000000000001,290.40000000000003
2025-02-17,34.3,21.4,27.8,0.0,11.6,32,0,2,48,1,2025,33.5,20.4,27.2,32.9,20.6,27.0,32.8,22.4,27.1,32.3,21.4,26.7,32.2,20.9,26.5,26.9,18.5,22.6,33.56666666666667,0.702376916856742,20.799999999999997,27.333333333333332,0.0,33.6,0.6164414002974032,21.400000000000002,27.442857142857143,0.0,33.028571428571425,0.8352139950833226,21.50714285714286,27.2,0.0,0.8660254037844386,0.5000000000000001,12.899999999999999,371.2
2025-02-18,34.7,21.9,28.1,0.0,11.8,38,1,2,49,1,2025,34.3,21.4,27.8,33.5,20.4,27.2,32.9,20.6,27.0,33.7,21.5,27.3,33.1,20.0,26.6,29.3,19.0,23.7,34.16666666666667,0.6110100926606502,21.233333333333324,27.700000000000003,0.0,33.74285714285714,0.7457817885890546,21.457142857142856,27.557142857142857,0.0,33.142857142857146,0.9476402154945595,21.642857142857142,27.307142857142857,0.0,0.8660254037844386,0.5000000000000001,12.800000000000004,448.40000000000003
2025-02-19,34.0,23.0,28.6,0.0,9.3,37,2,2,50,1,2025,34.7,21.9,28.1,34.3,21.4,27.8,33.5,20.4,27.2,34.4,22.0,28.0,33.4,22.1,27.6,29.5,19.2,23.8,34.333333333333336,0.3511884584281968,22.099999999999994,28.166666666666668,0.0,33.68571428571429,0.7010196655081719,21.599999999999998,27.642857142857142,0.0,33.18571428571428,0.9733820049051211,21.707142857142856,27.37857142857143,0.0,0.8660254037844386,0.5000000000000001,11.0,344.1
2025-02-20,33.9,23.4,28.3,0.5,8.6,42,3,2,51,1,2025,34.0,23.0,28.6,34.7,21.9,28.1,34.3,21.4,27.8,33.6,21.5,27.7,32.4,21.6,26.9,30.5,18.2,24.1,34.20000000000001,0.43588989435388625,22.766666666666662,28.333333333333332,0.5,33.72857142857143,0.7040698017348138,21.87142857142857,27.72857142857143,0.5,33.292857142857144,0.9627399087337599,21.835714285714285,27.478571428571428,0.5,0.8660254037844386,0.5000000000000001,10.5,361.2
2025-02-21,32.8,23.3,27.8,0.0,9.6,48,4,2,52,1,2025,33.9,23.4,28.3,34.0,23.0,28.6,34.7,21.9,28.1,32.8,22.4,27.1,32.1,21.9,26.8,30.1,18.6,24.0,33.56666666666667,0.6658328118478251,23.23333333333333,28.233333333333334,0.5,33.72857142857143,0.7040698017348138,22.0,27.82857142857143,0.5,33.34285714285714,0.9129110544884081,21.935714285714283,27.55,0.5,0.8660254037844386,0.5000000000000001,9.499999999999996,460.79999999999995
2025-02-22,33.9,22.3,28.1,0.0,11.0,41,5,2,53,1,2025,32.8,23.3,27.8,33.9,23.4,28.3,34.0,23.0,28.6,32.9,20.6,27.0,32.3,22.2,27.1,29.6,18.5,23.4,33.53333333333334,0.635085296108468,22.999999999999996,28.066666666666666,0.5,33.87142857142857,0.6019808571554035,22.24285714285714,27.985714285714288,0.5,33.45714285714286,0.87152764704337,21.942857142857143,27.62142857142857,0.5,0.8660254037844386,0.5000000000000001,11.599999999999998,451.0
2025-02-23,33.2,23.0,27.8,0.0,12.9,36,6,2,54,1,2025,33.9,22.3,28.1,32.8,23.3,27.8,33.9,23.4,28.3,33.5,20.4,27.2,31.6,22.1,27.0,30.6,19.0,24.1,33.300000000000004,0.5567764362828685,22.86666666666666,27.900000000000002,0.0,33.82857142857143,0.642168943800273,22.61428571428571,28.071428571428573,0.5,33.57142857142857,0.6966166271883046,22.00714285714286,27.678571428571427,0.5,0.8660254037844386,0.5000000000000001,10.200000000000003,464.40000000000003
2025-02-24,32.3,22.7,27.7,0.0,10.9,29,0,2,55,1,2025,33.2,23.0,27.8,33.9,22.3,28.1,32.8,23.3,27.8,34.3,21.4,27.8,32.3,21.4,26.7,31.3,18.3,24.3,33.13333333333334,0.802080627700975,22.66666666666666,27.86666666666667,0.0,33.542857142857144,0.8182443458554699,22.8,28.057142857142857,0.5,33.57142857142857,0.6966166271883046,22.099999999999998,27.75,0.5,0.8660254037844386,0.5000000000000001,9.599999999999998,316.1
2025-02-25,31.8,21.1,26.5,0.0,10.8,43,1,2,56,1,2025,32.3,22.7,27.7,33.2,23.0,27.8,33.9,22.3,28.1,34.7,21.9,28.1,33.7,21.5,27.3,30.1,19.6,24.9,32.43333333333334,0.7094598884596717,22.266666666666662,27.333333333333332,0.0,33.128571428571426,0.8673989580242938,22.685714285714287,27.828571428571426,0.5,33.43571428571429,0.8399699105027328,22.071428571428573,27.692857142857143,0.5,0.8660254037844386,0.5000000000000001,10.7,464.40000000000003
2025-02-26,31.8,21.7,26.9,0.0,10.7,44,2,2,57,1,2025,31.8,21.1,26.5,32.3,22.7,27.7,33.2,23.0,27.8,34.0,23.0,28.6,34.4,22.0,28.0,31.2,19.2,25.0,31.96666666666667,0.288675134594616,21.83333333333333,27.03333333333333,0.0,32.81428571428571,0.8970852271454587,22.5,27.585714285714285,0.5,33.25,0.8959309726161232,22.05,27.614285714285717,0.5,0.8660254037844386,0.5000000000000001,10.100000000000001,470.79999999999995
2025-02-27,32.4,21.6,27.0,0.0,10.2,44,3,2,58,1,2025,31.8,21.7,26.9,31.8,21.1,26.5,32.3,22.7,27.7,33.9,23.4,28.3,33.6,21.5,27.7,31.0,19.3,25.1,32.00000000000001,0.34641016151377424,21.466666666666665,26.799999999999997,0.0,32.6,0.763762615826459,22.24285714285714,27.400000000000002,0.0,33.16428571428572,0.9170245721542316,22.057142857142853,27.564285714285717,0.5,0.8660254037844386,0.5000000000000001,10.799999999999997,448.79999999999995
2025-02-28,32.5,21.7,27.2,0.0,10.1,48,4,2,59,1,2025,32.4,21.6,27.0,31.8,21.7,26.9,31.8,21.1,26.5,32.8,23.3,27.8,32.8,22.4,27.1,30.5,19.8,24.7,32.23333333333334,0.3785938897200167,21.66666666666666,27.03333333333333,0.0,32.55714285714286,0.7590721152770817,22.014285714285712,27.314285714285713,0.0,33.142857142857146,0.9296105766268017,22.00714285714286,27.571428571428573,0.5,0.8660254037844386,0.5000000000000001,10.8,484.79999999999995
2025-03-01,32.8,21.6,27.2,0.0,11.6,44,5,3,60,1,2025,32.5,21.7,27.2,32.4,21.6,27.0,31.8,21.7,26.9,33.9,22.3,28.1,32.9,20.6,27.0,31.0,19.3,24.8,32.56666666666667,0.20816659994660497,21.633333333333326,27.133333333333336,0.0,32.4,0.506622805119778,21.914285714285715,27.185714285714287,0.0,33.135714285714286,0.9320012734041547,22.078571428571426,27.585714285714285,0.5,1.0,6.123233995736766e-17,11.199999999999996,510.4
2025-03-02,34.5,22.5,28.5,0.0,11.7,37,6,3,61,1,2025,32.8,21.6,27.2,32.5,21.7,27.2,32.4,21.6,27.0,33.2,23.0,27.8,33.5,20.4,27.2,32.4,19.6,25.6,33.26666666666667,1.0785793124908893,21.933333333333326,27.633333333333336,0.0,32.58571428571428,0.9191092996823881,21.842857142857145,27.285714285714285,0.0,33.207142857142856,0.9980475445085151,22.228571428571428,27.678571428571427,0.5,1.0,6.123233995736766e-17,12.0,432.9
2025-03-03,35.6,23.5,29.9,0.0,11.9,29,0,3,62,1,2025,34.5,22.5,28.5,32.8,21.6,27.2,32.5,21.7,27.2,32.3,22.7,27.7,34.3,21.4,27.8,32.2,21.0,26.4,34.300000000000004,1.4106735979665797,22.53333333333333,28.53333333333333,0.0,33.05714285714286,1.44436507718484,21.957142857142856,27.6,0.0,33.3,1.1555884281980195,22.378571428571426,27.82857142857143,0.5,1.0,6.123233995736766e-17,12.100000000000001,345.1
2025-03-04,36.0,22.8,29.9,0.0,13.5,32,1,3,63,1,2025,35.6,23.5,29.9,34.5,22.5,28.5,32.8,21.6,27.2,31.8,21.1,26.5,34.7,21.9,28.1,32.3,21.3,26.5,35.366666666666674,0.7767453465153701,22.933333333333326,29.433333333333334,0.0,33.65714285714286,1.687065640747597,22.2,28.085714285714285,0.0,33.392857142857146,1.3176110583550187,22.442857142857143,27.957142857142856,0.5,1.0,6.123233995736766e-17,13.2,432.0
2025-03-05,33.7,23.9,28.7,0.0,11.5,31,2,3,64,1,2025,36.0,22.8,29.9,35.6,23.5,29.9,34.5,22.5,28.5,31.8,21.7,26.9,34.0,23.0,28.6,32.2,20.9,26.5,35.1,1.2288205727444308,23.399999999999995,29.5,0.0,33.92857142857143,1.4784161409139438,22.514285714285716,28.342857142857145,0.0,33.371428571428574,1.3093912686840519,22.50714285714286,27.964285714285715,0.5,1.0,6.123233995736766e-17,9.800000000000004,356.5
2025-03-06,32.5,21.1,26.9,0.0,11.1,23,3,3,65,1,2025,33.7,23.9,28.7,36.0,22.8,29.9,35.6,23.5,29.9,32.4,21.6,27.0,33.9,23.4,28.3,33.1,20.0,26.6,34.06666666666667,1.7785762095938704,22.599999999999994,28.5,0.0,33.94285714285714,1.4615712354144992,22.442857142857143,28.32857142857143,0.0,33.271428571428565,1.3193404945880733,22.342857142857145,27.864285714285717,0.0,1.0,6.123233995736766e-17,11.399999999999999,255.29999999999998
2025-03-07,33.4,19.3,27.2,0.0,9.7,27,4,3,66,1,2025,32.5,21.1,26.9,33.7,23.9,28.7,36.0,22.8,29.9,32.5,21.7,27.2,32.8,23.3,27.8,33.4,22.1,27.6,33.20000000000001,0.6244997998398217,21.433333333333326,27.599999999999998,0.0,34.07142857142857,1.3487207342694016,22.099999999999998,28.32857142857143,0.0,33.31428571428572,1.3125765283813715,22.057142857142857,27.821428571428573,0.0,1.0,6.123233995736766e-17,14.099999999999998,261.9
2025-03-08,35.8,19.8,28.3,0.0,9.9,28,5,3,67,1,2025,33.4,19.3,27.2,32.5,21.1,26.9,33.7,23.9,28.7,32.8,21.6,27.2,33.9,22.3,28.1,32.4,21.6,26.9,33.9,1.7058722109231892,20.066666666666663,27.46666666666667,0.0,34.5,1.3540064007728518,21.842857142857145,28.485714285714284,0.0,33.449999999999996,1.4669434470774911,21.87857142857143,27.83571428571429,0.0,1.0,6.123233995736766e-17,15.999999999999996,277.2
2025-03-09,34.7,22.6,28.8,0.0,12.7,34,6,3,68,1,2025,35.8,19.8,28.3,33.4,19.3,27.2,32.5,21.1,26.9,34.5,22.5,28.5,33.2,23.0,27.8,32.1,21.9,26.8,34.63333333333334,1.2013880860626633,20.566666666666663,28.099999999999998,0.0,34.528571428571425,1.3561148989109055,21.857142857142858,28.52857142857143,0.0,33.55714285714286,1.5016474469546917,21.849999999999998,27.907142857142855,0.0,1.0,6.123233995736766e-17,12.100000000000001,431.79999999999995
2025-03-10,32.6,20.7,27.1,0.0,12.2,53,0,3,69,1,2025,34.7,22.6,28.8,35.8,19.8,28.3,33.4,19.3,27.2,35.6,23.5,29.9,32.3,22.7,27.7,32.3,22.2,27.1,34.366666666666674,1.625833119767618,21.033333333333328,28.066666666666666,0.0,34.1,1.4329456840138404,21.45714285714286,28.128571428571426,0.0,33.57857142857143,1.4843691078542867,21.70714285714286,27.864285714285717,0.0,1.0,6.123233995736766e-17,11.900000000000002,646.5999999999999
2025-03-11,33.6,22.1,28.1,0.0,13.4,46,1,3,70,1,2025,32.6,20.7,27.1,34.7,22.6,28.8,35.8,19.8,28.3,36.0,22.8,29.9,31.8,21.1,26.5,31.6,22.1,27.0,33.63333333333334,1.05039675043924,21.799999999999994,28.0,0.0,33.75714285714286,1.1645559137246575,21.357142857142858,27.871428571428574,0.0,33.707142857142856,1.393647282225024,21.77857142857143,27.97857142857143,0.0,1.0,6.123233995736766e-17,11.5,616.4
2025-03-12,35.8,22.4,29.2,0.0,10.8,38,2,3,71,1,2025,33.6,22.1,28.1,32.6,20.7,27.1,34.7,22.6,28.8,33.7,23.9,28.7,31.8,21.7,26.9,32.3,21.4,26.7,34.00000000000001,1.637070554374479,21.73333333333333,28.133333333333336,0.0,34.05714285714286,1.3950593092019552,21.142857142857142,27.942857142857143,0.0,33.99285714285715,1.3825641093576406,21.82857142857143,28.142857142857142,0.0,1.0,6.123233995736766e-17,13.399999999999999,410.40000000000003
2025-03-13,37.6,23.7,30.6,0.0,9.4,33,3,3,72,1,2025,35.8,22.4,29.2,33.6,22.1,28.1,32.6,20.7,27.1,32.5,21.1,26.9,32.4,21.6,27.0,33.7,21.5,27.3,35.666666666666664,2.0033305601755473,22.73333333333333,29.3,0.0,34.785714285714285,1.736306973078891,21.514285714285716,28.471428571428568,0.0,34.364285714285714,1.6026934746315795,21.978571428571428,28.4,0.0,1.0,6.123233995736766e-17,13.900000000000002,310.2
2025-03-14,37.4,25.5,31.6,0.0,10.5,30,4,3,73,1,2025,37.6,23.7,30.6,35.8,22.4,29.2,33.6,22.1,28.1,33.4,19.3,27.2,32.5,21.7,27.2,34.4,22.0,28.0,36.93333333333334,0.9865765724632138,23.86666666666666,30.46666666666667,0.0,35.357142857142854,1.8581865199321497,22.400000000000002,29.099999999999998,0.0,34.714285714285715,1.6965381688137577,22.25,28.714285714285715,0.0,1.0,6.123233995736766e-17,11.899999999999999,315.0
2025-03-15,37.4,26.0,31.4,0.0,13.9,27,5,3,74,1,2025,37.4,25.5,31.6,37.6,23.7,30.6,35.8,22.4,29.2,35.8,19.8,28.3,32.8,21.6,27.2,33.6,21.5,27.7,37.46666666666667,0.11547005383757428,25.066666666666663,31.2,0.0,35.58571428571428,2.0136439369367887,23.285714285714285,29.54285714285714,0.0,35.042857142857144,1.7421093693982441,22.564285714285717,29.014285714285712,0.0,1.0,6.123233995736766e-17,11.399999999999999,375.3
2025-03-16,37.2,25.8,31.4,0.0,12.7,22,6,3,75,1,2025,37.4,26.0,31.4,37.4,25.5,31.6,37.6,23.7,30.6,34.7,22.6,28.8,34.5,22.5,28.5,32.8,22.4,27.1,37.33333333333334,0.11547005383792372,25.766666666666662,31.46666666666667,0.0,35.94285714285714,2.0517124090681325,23.74285714285714,29.914285714285715,0.0,35.23571428571429,1.8248739230875313,22.800000000000004,29.22142857142857,0.0,1.0,6.123233995736766e-17,11.400000000000002,279.4
2025-03-17,37.6,24.9,31.2,0.0,12.1,25,0,3,76,1,2025,37.2,25.8,31.4,37.4,26.0,31.4,37.4,25.5,31.6,32.6,20.7,27.1,35.6,23.5,29.9,32.9,20.6,27.0,37.400000000000006,0.1999999999999978,25.566666666666663,31.333333333333332,0.0,36.65714285714286,1.486446705914508,24.342857142857145,30.5,0.0,35.378571428571426,1.9307944046342782,22.900000000000002,29.314285714285713,0.0,1.0,6.123233995736766e-17,12.700000000000003,302.5
2025-03-18,37.0,26.2,31.4,0.0,13.6,28,1,3,77,1,2025,37.6,24.9,31.2,37.2,25.8,31.4,37.4,26.0,31.4,33.6,22.1,28.1,36.0,22.8,29.9,33.5,20.4,27.2,37.26666666666667,0.30550504633039116,25.633333333333326,31.333333333333332,0.0,37.142857142857146,0.6294366339757413,24.928571428571427,30.971428571428568,0.0,35.45,1.9735754355990514,23.142857142857142,29.42142857142857,0.0,1.0,6.123233995736766e-17,10.8,380.8
2025-03-19,36.1,24.6,30.2,0.0,13.9,33,2,3,78,1,2025,37.0,26.2,31.4,37.6,24.9,31.2,37.2,25.8,31.4,35.8,22.4,29.2,33.7,23.9,28.7,34.3,21.4,27.8,36.900000000000006,0.7549834435270797,25.23333333333333,30.933333333333334,0.0,37.18571428571429,0.5241773600243859,25.24285714285714,31.114285714285717,0.0,35.621428571428574,1.913184446224322,23.192857142857147,29.52857142857143,0.0,1.0,6.123233995736766e-17,11.5,458.7
2025-03-20,35.3,22.1,28.7,0.0,13.8,52,3,3,79,1,2025,36.1,24.6,30.2,37.0,26.2,31.4,37.6,24.9,31.2,37.6,23.7,30.6,32.5,21.1,26.9,34.7,21.9,28.1,36.13333333333333,0.8504900548115528,24.299999999999997,30.099999999999998,0.0,36.857142857142854,0.8443086774737104,25.014285714285716,30.842857142857145,0.0,35.82142857142857,1.6957769135883494,23.264285714285712,29.657142857142862,0.0,1.0,6.123233995736766e-17,13.199999999999996,717.6
2025-03-21,35.8,22.4,29.0,0.0,18.1,49,4,3,80,1,2025,35.3,22.1,28.7,36.1,24.6,30.2,37.0,26.2,31.4,37.4,25.5,31.6,33.4,19.3,27.2,34.0,23.0,28.6,35.73333333333334,0.4041451884327781,23.033333333333328,29.3,0.0,36.62857142857143,0.8882835240214156,24.571428571428573,30.47142857142857,0.0,35.99285714285714,1.546939552155099,23.485714285714288,29.785714285714285,0.0,1.0,6.123233995736766e-17,13.399999999999999,886.9000000000001
2025-03-22,33.8,23.0,27.2,0.5,11.3,61,5,3,81,1,2025,35.8,22.4,29.0,35.3,22.1,28.7,36.1,24.6,30.2,37.4,26.0,31.4,35.8,19.8,28.3,33.9,23.4,28.3,34.96666666666667,1.0408329997330925,22.499999999999996,28.3,0.5,36.114285714285714,1.3094891770313506,24.142857142857142,29.87142857142857,0.5,35.85,1.6547135471364232,23.714285714285715,29.70714285714286,0.5,1.0,6.123233995736766e-17,10.799999999999997,689.3000000000001
2025-03-23,32.3,22.8,27.6,0.1,9.1,63,6,3,82,1,2025,33.8,23.0,27.2,35.8,22.4,29.0,35.3,22.1,28.7,37.2,25.8,31.4,34.7,22.6,28.8,32.8,23.3,27.8,33.96666666666667,1.755942292142148,22.73333333333333,27.933333333333334,0.6,35.41428571428571,1.8361450300640683,23.714285714285715,29.32857142857143,0.6,35.67857142857143,1.8905345485128828,23.72857142857143,29.621428571428574,0.6,1.0,6.123233995736766e-17,9.499999999999996,573.3
2025-03-24,33.3,22.8,28.2,0.0,9.4,56,0,3,83,1,2025,32.3,22.8,27.6,33.8,23.0,27.2,35.8,22.4,29.0,37.6,24.9,31.2,32.6,20.7,27.1,33.9,22.3,28.1,33.13333333333333,0.7637626158260477,22.866666666666664,27.666666666666668,0.6,34.8,1.6970562748478508,23.414285714285715,28.900000000000002,0.6,35.72857142857143,1.8104094613049106,23.878571428571426,29.7,0.6,1.0,6.123233995736766e-17,10.499999999999996,526.4
2025-03-25,34.5,23.0,29.2,0.0,10.1,44,1,3,84,1,2025,33.3,22.8,28.2,32.3,22.8,27.6,33.8,23.0,27.2,37.0,26.2,31.4,33.6,22.1,28.1,33.2,23.0,27.8,33.36666666666667,1.1015141094572705,22.866666666666664,28.333333333333332,0.1,34.44285714285714,1.3926678748087453,22.95714285714286,28.585714285714285,0.6,35.79285714285714,1.7437644008621658,23.942857142857143,29.77857142857143,0.6,1.0,6.123233995736766e-17,11.5,444.4
2025-03-26,36.2,24.0,30.0,0.0,13.1,35,2,3,85,1,2025,34.5,23.0,29.2,33.3,22.8,28.2,32.3,22.8,27.6,36.1,24.6,30.2,35.8,22.4,29.2,32.3,22.7,27.7,34.66666666666668,1.457166199626319,23.266666666666662,29.133333333333336,0.0,34.457142857142856,1.4128660503356198,22.871428571428574,28.557142857142853,0.6,35.82142857142857,1.7471641072269977,24.057142857142853,29.835714285714285,0.6,1.0,6.123233995736766e-17,12.200000000000003,458.5
2025-03-27,37.5,25.1,30.8,0.0,15.4,33,3,3,86,1,2025,36.2,24.0,30.0,34.5,23.0,29.2,33.3,22.8,28.2,35.3,22.1,28.7,37.6,23.7,30.6,31.8,21.1,26.5,36.06666666666667,1.5044378795195705,24.03333333333333,30.0,0.0,34.771428571428565,1.8181623375581062,23.3,28.857142857142858,0.6,35.81428571428572,1.739521217442881,24.157142857142855,29.85,0.6,1.0,6.123233995736766e-17,12.399999999999999,508.2
2025-03-28,37.8,26.1,31.8,0.0,8.4,31,4,3,87,1,2025,37.5,25.1,30.8,36.2,24.0,30.0,34.5,23.0,29.2,35.8,22.4,29.0,37.4,25.5,31.6,31.8,21.7,26.9,37.166666666666664,0.8504900548115116,25.066666666666663,30.866666666666664,0.0,35.05714285714286,2.1360845355129534,23.828571428571426,29.25714285714286,0.6,35.84285714285714,1.770577604891958,24.2,29.864285714285717,0.6,1.0,6.123233995736766e-17,11.699999999999996,260.40000000000003
2025-03-29,37.6,26.2,31.9,0.0,8.0,31,5,3,88,1,2025,37.8,26.1,31.8,37.5,25.1,30.8,36.2,24.0,30.0,33.8,23.0,27.2,37.4,26.0,31.4,32.4,21.6,27.0,37.63333333333334,0.15275252316500032,25.799999999999997,31.5,0.0,35.6,2.2435091560619345,24.28571428571429,29.928571428571427,0.1,35.857142857142854,1.7848569370440226,24.214285714285715,29.900000000000002,0.6,1.0,6.123233995736766e-17,11.400000000000002,248.0
2025-03-30,38.1,26.8,32.0,0.0,13.3,29,6,3,89,1,2025,37.6,26.2,31.9,37.8,26.1,31.8,37.5,25.1,30.8,32.3,22.8,27.6,37.2,25.8,31.4,32.5,21.7,27.2,37.833333333333336,0.25166114784222804,26.36666666666666,31.900000000000002,0.0,36.42857142857143,1.8598515045691004,24.857142857142858,30.557142857142853,0.0,35.92142857142857,1.8518924089982551,24.285714285714285,29.942857142857143,0.6,1.0,6.123233995736766e-17,11.3,385.70000000000005
2025-03-31,37.0,26.1,31.2,0.0,11.7,28,0,3,90,1,2025,38.1,26.8,32.0,37.6,26.2,31.9,37.8,26.1,31.8,33.3,22.8,28.2,37.6,24.9,31.2,32.8,21.6,27.2,37.56666666666667,0.5507570547285582,26.366666666666664,31.7,0.0,36.957142857142856,1.2474736374732547,25.32857142857143,30.985714285714288,0.0,35.878571428571426,1.816665826527984,24.37142857142857,29.942857142857143,0.6,1.0,6.123233995736766e-17,10.899999999999999,327.59999999999997
2025-04-01,35.2,23.8,29.4,0.0,12.3,47,1,4,91,2,2025,37.0,26.1,31.2,38.1,26.8,32.0,37.6,26.2,31.9,34.5,23.0,29.2,37.0,26.2,31.4,34.5,22.5,28.5,36.76666666666667,1.4640127503998341,25.566666666666663,30.866666666666664,0.0,37.05714285714286,1.0260882724490175,25.442857142857143,31.014285714285712,0.0,35.75,1.7947573223569138,24.2,29.8,0.6,0.8660254037844387,-0.4999999999999998,11.400000000000002,578.1
2025-04-02,32.8,23.3,28.1,0.0,11.8,55,2,4,92,2,2025,35.2,23.8,29.4,37.0,26.1,31.2,38.1,26.8,32.0,36.2,24.0,30.0,36.1,24.6,30.2,35.6,23.5,29.9,35.00000000000001,2.107130750570546,24.399999999999995,29.566666666666666,0.0,36.57142857142857,1.9172152424061837,25.342857142857145,30.742857142857144,0.0,35.51428571428571,1.9548193474893427,24.107142857142858,29.650000000000002,0.6,0.8660254037844387,-0.4999999999999998,9.499999999999996,649.0
2025-04-03,30.3,21.6,25.8,9.4,11.3,71,3,4,93,2,2025,32.8,23.3,28.1,35.2,23.8,29.4,37.0,26.1,31.2,37.5,25.1,30.8,35.3,22.1,28.7,36.0,22.8,29.9,32.76666666666667,2.450170062124952,22.899999999999995,27.766666666666666,9.4,35.542857142857144,2.9753751264097033,24.842857142857145,30.02857142857143,9.4,35.15714285714286,2.4024712551596124,24.071428571428573,29.442857142857143,10.0,0.8660254037844387,-0.4999999999999998,8.7,802.3000000000001
2025-04-04,30.6,21.4,25.7,3.0,11.7,74,4,4,94,2,2025,30.3,21.6,25.8,32.8,23.3,28.1,35.2,23.8,29.4,37.8,26.1,31.8,35.8,22.4,29.0,33.7,23.9,28.7,31.233333333333338,1.365039681962923,22.099999999999994,26.533333333333335,12.4,34.51428571428571,3.2926324683190953,24.171428571428574,29.157142857142855,12.4,34.785714285714285,2.6812331097857114,24.0,29.207142857142856,13.0,0.8660254037844387,-0.4999999999999998,9.200000000000003,865.8
2025-04-05,32.5,23.6,27.7,0.0,6.6,63,5,4,95,2,2025,30.6,21.4,25.7,30.3,21.6,25.8,32.8,23.3,28.1,37.6,26.2,31.9,33.8,23.0,27.2,32.5,21.1,26.9,31.13333333333334,1.1930353445449335,22.2,26.399999999999995,12.4,33.785714285714285,3.0514633491866126,23.8,28.557142857142857,12.4,34.69285714285714,2.7398664441662706,24.042857142857144,29.24285714285714,12.5,0.8660254037844387,-0.4999999999999998,8.899999999999999,415.79999999999995
2025-04-06,34.5,23.1,28.6,0.0,8.3,54,6,4,96,2,2025,32.5,23.6,27.7,30.6,21.4,25.7,30.3,21.6,25.8,38.1,26.8,32.0,32.3,22.8,27.6,33.4,19.3,27.2,32.53333333333334,1.9502136635080278,22.699999999999992,27.333333333333332,3.0,33.27142857142857,2.4465719457467316,23.271428571428572,28.071428571428573,12.4,34.85,2.6538071346072716,24.064285714285713,29.314285714285713,12.4,0.8660254037844387,-0.4999999999999998,11.399999999999999,448.20000000000005
2025-04-07,36.1,23.8,29.8,0.0,11.5,41,0,4,97,2,2025,34.5,23.1,28.6,32.5,23.6,27.7,30.6,21.4,25.7,37.0,26.1,31.2,33.3,22.8,28.2,35.8,19.8,28.3,34.366666666666674,1.8036999011291641,23.5,28.7,0.0,33.142857142857146,2.2322314268143937,22.942857142857147,27.87142857142857,12.4,35.050000000000004,2.633438816452757,24.13571428571429,29.428571428571427,12.4,0.8660254037844387,-0.4999999999999998,12.3,471.5
2025-04-08,35.6,23.9,29.7,0.1,10.4,47,1,4,98,2,2025,36.1,23.8,29.8,34.5,23.1,28.6,32.5,23.6,27.7,35.2,23.8,29.4,34.5,23.0,29.2,34.7,22.6,28.8,35.400000000000006,0.8185352771872448,23.599999999999994,29.366666666666664,0.1,33.199999999999996,2.2978250586153584,22.95714285714286,27.914285714285715,12.5,35.128571428571426,2.632176219091671,24.2,29.464285714285715,12.5,0.8660254037844387,-0.4999999999999998,11.700000000000003,488.8
2025-04-09,36.8,23.8,30.3,0.0,13.1,47,2,4,99,2,2025,35.6,23.9,29.7,36.1,23.8,29.8,34.5,23.1,28.6,32.8,23.3,28.1,36.2,24.0,30.0,32.6,20.7,27.1,36.16666666666667,0.6027713773341583,23.83333333333333,29.933333333333334,0.1,33.77142857142857,2.651863675301122,23.02857142857143,28.228571428571428,12.5,35.17142857142857,2.655742275328518,24.185714285714287,29.485714285714288,12.5,0.8660254037844387,-0.4999999999999998,12.999999999999996,615.6999999999999
2025-04-10,37.1,25.4,30.8,0.0,11.9,39,3,4,100,2,2025,36.8,23.8,30.3,35.6,23.9,29.7,36.1,23.8,29.8,30.3,21.6,25.8,37.5,25.1,30.8,33.6,22.1,28.1,36.5,0.7937253933193678,24.36666666666666,30.26666666666667,0.1,34.74285714285714,2.4019833075032704,23.571428571428573,28.942857142857147,3.1,35.142857142857146,2.630798149060275,24.207142857142856,29.485714285714284,12.5,0.8660254037844387,-0.4999999999999998,11.700000000000003,464.1
2025-04-11,37.0,24.3,31.0,0.0,16.4,35,4,4,101,2,2025,37.1,25.4,30.8,36.8,23.8,30.3,35.6,23.9,29.7,30.6,21.4,25.7,37.8,26.1,31.8,35.8,22.4,29.2,36.96666666666667,0.15275252316514626,24.499999999999996,30.7,0.0,35.65714285714286,1.6681897802281374,23.985714285714288,29.699999999999996,0.1,35.08571428571429,2.576777099358869,24.078571428571426,29.428571428571427,12.5,0.8660254037844387,-0.4999999999999998,12.7,574.0
2025-04-12,37.1,25.3,31.7,0.0,14.1,27,5,4,102,2,2025,37.0,24.3,31.0,37.1,25.4,30.8,36.8,23.8,30.3,32.5,23.6,27.7,37.6,26.2,31.9,37.6,23.7,30.6,37.06666666666667,0.05773502691882344,24.999999999999996,31.166666666666668,0.0,36.31428571428571,0.9822229404581755,24.228571428571428,30.271428571428572,0.1,35.05,2.542485156147596,24.014285714285712,29.414285714285715,12.5,0.8660254037844387,-0.4999999999999998,11.8,380.7
2025-04-13,37.0,25.1,31.3,0.0,10.4,28,6,4,103,2,2025,37.1,25.3,31.7,37.0,24.3,31.0,37.1,25.4,30.8,34.5,23.1,28.6,38.1,26.8,32.0,37.4,25.5,31.6,37.03333333333334,0.057735026918826,24.899999999999995,31.333333333333332,0.0,36.67142857142857,0.5879747322076472,24.514285714285716,30.657142857142862,0.1,34.97142857142857,2.4565230498624704,23.892857142857142,29.364285714285717,12.5,0.8660254037844387,-0.4999999999999998,11.899999999999999,291.2
2025-04-14,36.9,24.9,31.2,0.0,10.9,34,0,4,104,2,2025,37.0,25.1,31.3,37.1,25.3,31.7,37.0,24.3,31.0,36.1,23.8,29.8,37.0,26.1,31.2,37.4,26.0,31.4,37.00000000000001,0.09999999999992594,25.099999999999994,31.400000000000002,0.0,36.785714285714285,0.5336308693865679,24.67142857142857,30.857142857142858,0.1,34.964285714285715,2.4503083457008237,23.807142857142857,29.364285714285717,12.5,0.8660254037844387,-0.4999999999999998,12.0,370.6
2025-04-15,36.2,25.6,31.2,0.0,11.2,35,1,4,105,2,2025,36.9,24.9,31.2,37.0,25.1,31.3,37.1,25.3,31.7,35.6,23.9,29.7,35.2,23.8,29.4,37.2,25.8,31.4,36.70000000000001,0.43588989435405645,25.2,31.23333333333333,0.0,36.87142857142857,0.31471831698833763,24.91428571428571,31.071428571428573,0.0,35.035714285714285,2.4721859348971704,23.935714285714287,29.492857142857144,12.5,0.8660254037844387,-0.4999999999999998,10.600000000000001,392.0
2025-04-16,36.2,24.3,30.5,0.0,15.1,51,2,4,106,2,2025,36.2,25.6,31.2,36.9,24.9,31.2,37.0,25.1,31.3,36.8,23.8,30.3,32.8,23.3,28.1,37.6,24.9,31.2,36.43333333333334,0.4041451884327341,24.933333333333326,30.96666666666667,0.0,36.785714285714285,0.40590873945046296,24.985714285714288,31.099999999999998,0.0,35.278571428571425,2.4016592249873963,24.00714285714286,29.664285714285715,12.5,0.8660254037844387,-0.4999999999999998,11.900000000000002,770.1
2025-04-17,35.9,25.1,30.1,0.3,10.3,54,3,4,107,2,2025,36.2,24.3,30.5,36.2,25.6,31.2,36.9,24.9,31.2,37.1,25.4,30.8,30.3,21.6,25.8,37.0,26.2,31.4,36.1,0.1732050807568902,25.0,30.599999999999998,0.3,36.614285714285714,0.49473417585838814,24.942857142857143,31.0,0.3,35.67857142857143,1.9284025160054554,24.257142857142856,29.97142857142857,3.4,0.8660254037844387,-0.4999999999999998,10.799999999999997,556.2
2025-04-18,37.2,25.6,31.4,0.0,10.1,44,4,4,108,2,2025,35.9,25.1,30.1,36.2,24.3,30.5,36.2,25.6,31.2,37.0,24.3,31.0,30.6,21.4,25.7,36.1,24.6,30.2,36.433333333333344,0.6806859285554091,24.999999999999996,30.666666666666668,0.3,36.642857142857146,0.5255382728125979,25.12857142857143,31.057142857142853,0.3,36.15,1.293623414468564,24.557142857142857,30.37857142857143,0.4,0.8660254037844387,-0.4999999999999998,11.600000000000001,444.4
2025-04-19,35.3,26.7,30.7,1.7,8.6,50,5,4,109,2,2025,37.2,25.6,31.4,35.9,25.1,30.1,36.2,24.3,30.5,37.1,25.3,31.7,32.5,23.6,27.7,35.3,22.1,28.7,36.13333333333334,0.9712534856222358,25.799999999999997,30.733333333333334,2.0,36.385714285714286,0.6817344825973661,25.32857142857143,30.914285714285715,2.0,36.35,0.8131136735743371,24.778571428571432,30.592857142857145,2.1,0.8660254037844387,-0.4999999999999998,8.599999999999998,430.0
2025-04-20,37.9,27.3,32.8,0.0,9.4,39,6,4,110,2,2025,35.3,26.7,30.7,37.2,25.6,31.4,35.9,25.1,30.1,37.0,25.1,31.3,34.5,23.1,28.6,35.8,22.4,29.0,36.800000000000004,1.3453624047073744,26.53333333333333,31.633333333333336,1.7,36.51428571428571,0.8745066636465886,25.642857142857142,31.12857142857143,2.0,36.59285714285714,0.7205385653630598,25.07857142857143,30.892857142857142,2.0999999999999996,0.8660254037844387,-0.4999999999999998,10.599999999999998,366.6
2025-04-21,37.8,26.7,32.4,0.1,11.5,42,0,4,111,2,2025,37.9,27.3,32.8,35.3,26.7,30.7,37.2,25.6,31.4,36.9,24.9,31.2,36.1,23.8,29.8,33.8,23.0,27.2,37.0,1.4730919862656269,26.899999999999995,31.96666666666667,1.8,36.642857142857146,0.9980934205728683,25.900000000000002,31.3,2.1,36.714285714285715,0.7724657252609286,25.285714285714285,31.078571428571426,2.1999999999999997,0.8660254037844387,-0.4999999999999998,11.099999999999998,483.0
2025-04-22,38.5,27.7,33.3,0.1,9.0,38,1,4,112,2,2025,37.8,26.7,32.4,37.9,27.3,32.8,35.3,26.7,30.7,36.2,25.6,31.2,35.6,23.9,29.7,32.3,22.8,27.6,38.06666666666667,0.3785938897200449,27.23333333333333,32.833333333333336,0.2,36.971428571428575,1.1884363476355395,26.199999999999996,31.599999999999998,2.2,36.92142857142857,0.836824190182299,25.557142857142857,31.335714285714285,2.1999999999999997,0.8660254037844387,-0.4999999999999998,10.8,342.0
2025-04-23,38.3,28.0,33.2,0.0,9.9,37,2,4,113,2,2025,38.5,27.7,33.3,37.8,26.7,32.4,37.9,27.3,32.8,36.2,24.3,30.5,36.8,23.8,30.3,33.3,22.8,28.2,38.199999999999996,0.3605551275464287,27.466666666666658,32.96666666666667,0.2,37.271428571428565,1.2257165057146284,26.728571428571428,31.985714285714288,2.2,37.028571428571425,0.9126702761493528,25.857142857142858,31.54285714285714,2.1999999999999997,0.8660254037844387,-0.4999999999999998,10.299999999999997,366.3
2025-04-24,38.7,27.8,33.6,0.0,11.9,32,3,4,114,2,2025,38.3,28.0,33.2,38.5,27.7,33.3,37.8,26.7,32.4,35.9,25.1,30.1,37.1,25.4,30.8,34.5,23.0,29.2,38.50000000000001,0.20000000000006413,27.83333333333333,33.36666666666667,0.1,37.67142857142857,1.158611648647316,27.114285714285717,32.48571428571429,1.9,37.142857142857146,1.0165660792127893,26.028571428571432,31.74285714285714,2.1999999999999997,0.8660254037844387,-0.4999999999999998,10.900000000000002,380.8
2025-04-25,38.4,28.9,33.4,0.0,9.8,35,4,4,115,2,2025,38.7,27.8,33.6,38.3,28.0,33.2,38.5,27.7,33.3,37.2,25.6,31.4,37.0,24.3,31.0,36.2,24.0,30.0,38.466666666666676,0.20816659994667255,28.23333333333333,33.400000000000006,0.0,37.84285714285714,1.1659861961121574,27.585714285714285,32.77142857142857,1.9,37.24285714285714,1.0689421699216484,26.357142857142858,31.91428571428571,2.1999999999999997,0.8660254037844387,-0.4999999999999998,9.5,343.0
2025-04-26,37.6,27.0,32.4,0.0,9.6,42,5,4,116,2,2025,38.4,28.9,33.4,38.7,27.8,33.6,38.3,28.0,33.2,35.3,26.7,30.7,37.1,25.3,31.7,37.5,25.1,30.8,38.23333333333334,0.5686240703077452,27.899999999999995,33.13333333333333,0.0,38.17142857142857,0.4070801956796105,27.62857142857143,33.01428571428571,0.2,37.278571428571425,1.0721499403091546,26.478571428571428,31.964285714285715,2.1999999999999997,0.8660254037844387,-0.4999999999999998,10.600000000000001,403.2
2025-04-27,32.9,24.7,29.1,8.2,11.1,62,6,4,117,2,2025,37.6,27.0,32.4,38.4,28.9,33.4,38.7,27.8,33.6,37.9,27.3,32.8,37.0,25.1,31.3,37.8,26.1,31.8,36.300000000000004,2.9715315916207135,26.866666666666664,31.633333333333336,8.2,37.457142857142856,2.0468326286055047,27.257142857142856,32.48571428571429,8.399999999999999,36.98571428571428,1.5893187427113484,26.45,31.807142857142857,10.399999999999999,0.8660254037844387,-0.4999999999999998,8.2,688.1999999999999
2025-04-28,37.0,24.9,30.8,0.0,9.5,48,0,4,118,2,2025,32.9,24.7,29.1,37.6,27.0,32.4,38.4,28.9,33.4,37.8,26.7,32.4,36.9,24.9,31.2,37.6,26.2,31.9,35.833333333333336,2.5579940057266053,25.533333333333328,30.766666666666666,8.2,37.34285714285714,2.0468326286055065,27.0,32.25714285714285,8.299999999999999,36.99285714285714,1.5891285883556385,26.45,31.77857142857143,10.399999999999999,0.8660254037844387,-0.4999999999999998,12.100000000000001,456.0
2025-04-29,36.9,25.0,31.2,0.0,11.1,44,1,4,119,2,2025,37.0,24.9,30.8,32.9,24.7,29.1,37.6,27.0,32.4,38.5,27.7,33.3,36.2,25.6,31.2,38.1,26.8,32.0,35.6,2.3388031127052775,24.86666666666666,30.366666666666664,8.2,37.114285714285714,1.9844634635325418,26.614285714285717,31.95714285714286,8.2,37.042857142857144,1.5731958094733645,26.407142857142855,31.77857142857143,10.399999999999999,0.8660254037844387,-0.4999999999999998,11.899999999999999,488.4
2025-04-30,38.4,25.6,32.3,0.0,12.2,41,2,4,120,2,2025,36.9,25.0,31.2,37.0,24.9,30.8,32.9,24.7,29.1,38.3,28.0,33.2,36.2,24.3,30.5,37.0,26.1,31.2,37.43333333333334,0.8386497083606007,25.16666666666666,31.433333333333334,0.0,37.128571428571426,1.994755027327404,26.271428571428572,31.828571428571426,8.2,37.199999999999996,1.5922891117457498,26.5,31.907142857142855,10.399999999999999,0.8660254037844387,-0.4999999999999998,12.799999999999997,500.2
2025-05-01,37.9,25.2,31.7,0.0,11.9,50,3,5,121,2,2025,38.4,25.6,32.3,36.9,25.0,31.2,37.0,24.9,30.8,38.7,27.8,33.6,35.9,25.1,30.1,35.2,23.8,29.4,37.73333333333334,0.7637626158259742,25.266666666666662,31.733333333333334,0.0,37.01428571428572,1.9108711551093416,25.900000000000002,31.557142857142857,8.2,37.34285714285715,1.5559880787134304,26.50714285714286,32.02142857142857,10.099999999999998,0.49999999999999994,-0.8660254037844387,12.7,595.0
2025-05-02,38.7,25.5,32.2,0.0,12.6,45,4,5,122,2,2025,37.9,25.2,31.7,38.4,25.6,32.3,36.9,25.0,31.2,38.4,28.9,33.4,37.2,25.6,31.4,32.8,23.3,28.1,38.333333333333336,0.40414518843277053,25.433333333333326,32.06666666666667,0.0,37.05714285714286,1.9500915729415067,25.41428571428571,31.385714285714283,8.2,37.449999999999996,1.5965106181436863,26.5,32.07857142857143,10.099999999999998,0.49999999999999994,-0.8660254037844387,13.200000000000003,567.0
2025-05-03,38.6,26.2,32.3,0.0,12.1,41,5,5,123,2,2025,38.7,25.5,32.2,37.9,25.2,31.7,38.4,25.6,32.3,37.6,27.0,32.4,35.3,26.7,30.7,30.3,21.6,25.8,38.400000000000006,0.4358898943541001,25.633333333333326,32.06666666666667,0.0,37.199999999999996,2.0314198646924266,25.3,31.371428571428574,8.2,37.68571428571429,1.4950467668819425,26.464285714285715,32.19285714285714,8.399999999999999,0.49999999999999994,-0.8660254037844387,12.400000000000002,496.09999999999997
2025-05-04,38.5,26.1,31.4,0.0,14.5,39,6,5,124,2,2025,38.6,26.2,32.3,38.7,25.5,32.2,37.9,25.2,31.7,32.9,24.7,29.1,37.9,27.3,32.8,30.6,21.4,25.7,38.6,0.10000000000016061,25.933333333333326,31.96666666666667,0.0,38.0,0.7615773105865777,25.5,31.699999999999996,0.0,37.728571428571435,1.5101852007812293,26.37857142857143,32.09285714285714,8.399999999999999,0.49999999999999994,-0.8660254037844387,12.399999999999999,565.5
2025-05-05,37.5,23.9,31.4,0.0,10.6,43,0,5,125,2,2025,38.5,26.1,31.4,38.6,26.2,32.3,38.7,25.5,32.2,37.0,24.9,30.8,37.8,26.7,32.4,32.5,23.6,27.7,38.20000000000001,0.6082762530298427,25.399999999999995,31.7,0.0,38.07142857142857,0.670110154413362,25.357142857142858,31.785714285714285,0.0,37.707142857142856,1.5112217602954625,26.178571428571427,32.02142857142857,8.299999999999999,0.49999999999999994,-0.8660254037844387,13.600000000000001,455.8
2025-05-06,36.8,24.9,31.4,0.0,9.2,39,1,5,126,2,2025,37.5,23.9,31.4,38.5,26.1,31.4,38.6,26.2,32.3,36.9,25.0,31.2,38.5,27.7,33.3,34.5,23.1,28.6,37.6,0.8544003745317639,24.966666666666658,31.4,0.0,38.05714285714286,0.6996597812680748,25.342857142857145,31.814285714285713,0.0,37.58571428571428,1.5109126853847268,25.978571428571428,31.885714285714283,8.2,0.49999999999999994,-0.8660254037844387,11.899999999999999,358.79999999999995
2025-05-07,36.0,24.8,31.2,0.8,11.9,38,2,5,127,2,2025,36.8,24.9,31.4,37.5,23.9,31.4,38.5,26.1,31.4,38.4,25.6,32.3,38.3,28.0,33.2,36.1,23.8,29.8,36.76666666666667,0.7505553499465154,24.533333333333328,31.333333333333332,0.8,37.714285714285715,1.0188695883652283,25.228571428571428,31.657142857142855,0.8,37.42142857142857,1.551762556890205,25.75,31.74285714285714,9.0,0.49999999999999994,-0.8660254037844387,11.2,452.2
2025-05-08,35.2,26.4,31.0,0.0,9.9,36,3,5,128,2,2025,36.0,24.8,31.2,36.8,24.9,31.4,37.5,23.9,31.4,37.9,25.2,31.7,38.7,27.8,33.6,35.6,23.9,29.7,36.00000000000001,0.7999999999999905,25.36666666666666,31.2,0.8,37.32857142857143,1.3828886261667117,25.4,31.557142857142853,0.8,37.17142857142857,1.610746874746297,25.650000000000002,31.557142857142853,9.0,0.49999999999999994,-0.8660254037844387,8.800000000000004,356.40000000000003
2025-05-09,35.6,25.1,30.9,0.0,12.8,40,4,5,129,2,2025,35.2,26.4,31.0,36.0,24.8,31.2,36.8,24.9,31.4,38.7,25.5,32.2,38.4,28.9,33.4,36.8,23.8,30.3,35.6,0.3999999999999764,25.433333333333326,31.03333333333333,0.8,36.885714285714286,1.366782805750626,25.342857142857145,31.37142857142857,0.8,36.971428571428575,1.6202699544440904,25.37857142857143,31.37857142857143,9.0,0.49999999999999994,-0.8660254037844387,10.5,512.0
2025-05-10,36.5,26.7,31.7,0.0,10.0,39,5,5,130,2,2025,35.6,25.1,30.9,35.2,26.4,31.0,36.0,24.8,31.2,38.6,26.2,32.3,37.6,27.0,32.4,37.1,25.4,30.8,35.76666666666667,0.6658328118479282,26.066666666666663,31.2,0.0,36.58571428571429,1.1393398255549407,25.414285714285715,31.285714285714285,0.8,36.892857142857146,1.6141033642023126,25.357142857142858,31.328571428571426,9.0,0.49999999999999994,-0.8660254037844387,9.8,390.0
2025-05-11,37.6,27.4,32.2,0.2,10.4,41,6,5,131,2,2025,36.5,26.7,31.7,35.6,25.1,30.9,35.2,26.4,31.0,38.5,26.1,31.4,32.9,24.7,29.1,37.0,24.3,31.0,36.56666666666667,1.0016652800877885,26.399999999999995,31.599999999999998,0.2,36.457142857142856,0.9162553189608982,25.599999999999998,31.400000000000002,1.0,37.228571428571435,1.1384392632211024,25.55,31.55,1.0,0.49999999999999994,-0.8660254037844387,10.200000000000003,426.40000000000003
2025-05-12,37.0,26.3,32.1,0.0,12.6,43,0,5,132,2,2025,37.6,27.4,32.2,36.5,26.7,31.7,35.6,25.1,30.9,37.5,23.9,31.4,37.0,24.9,30.8,37.1,25.3,31.7,37.03333333333334,0.5507570547286391,26.799999999999997,32.0,0.2,36.385714285714286,0.8375133261201888,25.942857142857143,31.5,1.0,37.228571428571435,1.1384392632211024,25.650000000000002,31.642857142857142,1.0,0.49999999999999994,-0.8660254037844387,10.7,541.8
2025-05-13,36.5,26.1,31.2,0.0,11.9,49,1,5,133,2,2025,37.0,26.3,32.1,37.6,27.4,32.2,36.5,26.7,31.7,36.8,24.9,31.4,36.9,25.0,31.2,37.0,25.1,31.3,37.03333333333334,0.5507570547286391,26.599999999999994,31.833333333333332,0.2,36.34285714285714,0.8202786982833788,26.11428571428571,31.471428571428568,1.0,37.2,1.152255313587994,25.728571428571428,31.642857142857142,1.0,0.49999999999999994,-0.8660254037844387,10.399999999999999,583.1
2025-05-14,36.9,25.5,30.9,0.2,12.2,51,2,5,134,2,2025,36.5,26.1,31.2,37.0,26.3,32.1,37.6,27.4,32.2,36.0,24.8,31.2,38.4,25.6,32.3,36.9,24.9,31.2,36.800000000000004,0.264575131106505,25.966666666666665,31.400000000000002,0.2,36.47142857142857,0.8280786712110244,26.214285714285715,31.428571428571427,0.4,37.09285714285714,1.1006741191120135,25.721428571428568,31.54285714285714,1.2000000000000002,0.49999999999999994,-0.8660254037844387,11.399999999999999,622.1999999999999
2025-05-15,33.6,22.8,29.3,11.5,10.4,61,3,5,135,2,2025,36.9,25.5,30.9,36.5,26.1,31.2,37.0,26.3,32.1,35.2,26.4,31.0,37.9,25.2,31.7,36.2,25.6,31.2,35.66666666666667,1.8009256878986777,24.799999999999997,30.46666666666667,11.7,36.24285714285714,1.315113610880878,25.7,31.185714285714287,11.9,36.785714285714285,1.4135917933552586,25.55,31.37142857142857,12.7,0.49999999999999994,-0.8660254037844387,10.8,634.4
2025-05-16,35.5,25.0,29.9,0.3,9.9,57,4,5,136,2,2025,33.6,22.8,29.3,36.9,25.5,30.9,36.5,26.1,31.2,35.6,25.1,30.9,38.7,25.5,32.2,36.2,24.3,30.5,35.333333333333336,1.656301099840641,24.433333333333326,30.03333333333333,12.0,36.228571428571435,1.3237752650587202,25.685714285714287,31.042857142857144,12.200000000000001,36.55714285714286,1.33688172522942,25.514285714285712,31.207142857142856,13.0,0.49999999999999994,-0.8660254037844387,10.5,564.3000000000001
2025-05-17,34.9,26.1,30.2,0.6,9.9,57,5,5,137,2,2025,35.5,25.0,29.9,33.6,22.8,29.3,36.9,25.5,30.9,36.5,26.7,31.7,38.6,26.2,32.3,35.9,25.1,30.1,34.66666666666668,0.9712534856222114,24.633333333333326,29.8,12.4,36.0,1.4047538337138175,25.599999999999998,30.82857142857143,12.8,36.292857142857144,1.265801227386223,25.50714285714286,31.057142857142857,13.6,0.49999999999999994,-0.8660254037844387,8.799999999999997,564.3000000000001
2025-05-18,35.2,25.0,29.6,1.5,10.9,62,6,5,138,2,2025,34.9,26.1,30.2,35.5,25.0,29.9,33.6,22.8,29.3,37.6,27.4,32.2,38.5,26.1,31.4,37.2,25.6,31.4,35.20000000000001,0.2999999999999622,25.366666666666664,29.900000000000002,2.4,35.65714285714286,1.2313368654396772,25.25714285714286,30.457142857142856,14.100000000000001,36.05714285714286,1.1223014031712826,25.428571428571427,30.928571428571427,15.1,0.49999999999999994,-0.8660254037844387,10.200000000000003,675.8000000000001
2025-05-19,34.0,23.6,28.8,8.8,14.7,68,0,5,139,2,2025,35.2,25.0,29.6,34.9,26.1,30.2,35.5,25.0,29.9,37.0,26.3,32.1,37.5,23.9,31.4,35.3,26.7,30.7,34.70000000000001,0.624499799839818,24.899999999999995,29.53333333333333,10.9,35.228571428571435,1.2079104350273477,24.87142857142857,29.985714285714288,22.900000000000002,35.80714285714286,1.165176966231836,25.407142857142855,30.74285714285714,23.9,0.49999999999999994,-0.8660254037844387,10.399999999999999,999.5999999999999
2025-05-20,34.5,25.7,29.9,1.9,13.8,65,1,5,140,2,2025,34.0,23.6,28.8,35.2,25.0,29.6,34.9,26.1,30.2,36.5,26.1,31.2,36.8,24.9,31.4,37.9,27.3,32.8,34.56666666666667,0.6027713773341472,24.766666666666662,29.433333333333334,12.200000000000001,34.94285714285714,1.0875923606101159,24.814285714285717,29.800000000000004,24.8,35.642857142857146,1.1765100187315598,25.464285714285715,30.635714285714283,25.8,0.49999999999999994,-0.8660254037844387,8.8,897.0
2025-05-21,30.2,24.1,26.4,24.5,10.1,82,2,5,141,2,2025,34.5,25.7,29.9,34.0,23.6,28.8,35.2,25.0,29.6,36.9,25.5,30.9,36.0,24.8,31.2,37.8,26.7,32.4,32.900000000000006,2.3515952032609566,24.466666666666665,28.366666666666664,35.2,33.98571428571429,1.795762207187317,24.614285714285717,29.157142857142855,49.1,35.22857142857143,1.862351107700071,25.414285714285715,30.292857142857144,49.5,0.49999999999999994,-0.8660254037844387,6.099999999999998,828.1999999999999
2025-05-22,30.8,23.7,26.5,5.4,12.5,78,3,5,142,2,2025,30.2,24.1,26.4,34.5,25.7,29.9,34.0,23.6,28.8,33.6,22.8,29.3,35.2,26.4,31.0,38.5,27.7,33.3,31.833333333333343,2.3288051299611237,24.499999999999996,27.599999999999998,31.800000000000004,33.58571428571429,2.1690463122677377,24.74285714285714,28.757142857142856,43.0,34.91428571428572,2.2069321354653324,25.221428571428568,29.97142857142857,54.9,0.49999999999999994,-0.8660254037844387,7.100000000000001,975.0
2025-05-23,31.5,24.0,27.4,1.0,17.2,69,4,5,143,2,2025,30.8,23.7,26.5,30.2,24.1,26.4,34.5,25.7,29.9,35.5,25.0,29.9,35.6,25.1,30.9,38.3,28.0,33.2,30.83333333333334,0.6506407098646837,23.933333333333326,26.766666666666666,30.900000000000006,33.01428571428572,2.1066787220873575,24.599999999999998,28.4,43.699999999999996,34.621428571428574,2.3746023380213512,25.142857142857142,29.721428571428568,55.9,0.49999999999999994,-0.8660254037844387,7.5,1186.8
2025-05-24,31.1,24.5,26.8,1.6,10.9,74,5,5,144,2,2025,31.5,24.0,27.4,30.8,23.7,26.5,30.2,24.1,26.4,34.9,26.1,30.2,36.5,26.7,31.7,38.7,27.8,33.6,31.133333333333336,0.3511884584282722,24.066666666666663,26.900000000000002,8.000000000000004,32.471428571428575,2.0279006268506734,24.37142857142857,27.914285714285715,44.7,34.23571428571428,2.4821228950103125,24.985714285714288,29.37142857142857,57.5,0.49999999999999994,-0.8660254037844387,6.600000000000001,806.6
2025-05-25,30.4,23.2,26.5,2.6,16.3,77,6,5,145,2,2025,31.1,24.5,26.8,31.5,24.0,27.4,30.8,23.7,26.5,35.2,25.0,29.6,37.6,27.4,32.2,38.4,28.9,33.4,31.000000000000004,0.556776436282905,23.899999999999995,26.900000000000002,5.200000000000004,31.785714285714285,1.743013263889769,24.114285714285717,27.47142857142857,45.800000000000004,33.721428571428575,2.4773368366449997,24.685714285714283,28.964285714285715,59.9,0.49999999999999994,-0.8660254037844387,7.199999999999999,1255.1000000000001
2025-05-26,28.8,23.7,25.7,2.0,10.1,81,0,5,146,2,2025,30.4,23.2,26.5,31.1,24.5,26.8,31.5,24.0,27.4,34.0,23.6,28.8,37.0,26.3,32.1,37.6,27.0,32.4,30.100000000000005,1.1789826122551057,23.799999999999994,26.333333333333332,6.200000000000004,31.04285714285714,1.750102037841679,24.12857142857143,27.02857142857143,39.0,33.135714285714286,2.6084499207405916,24.5,28.507142857142856,61.9,0.49999999999999994,-0.8660254037844387,5.100000000000001,818.1
2025-05-27,30.7,23.4,25.9,1.5,14.8,81,1,5,147,2,2025,28.8,23.7,25.7,30.4,23.2,26.5,31.1,24.5,26.8,34.5,25.7,29.9,36.5,26.1,31.2,32.9,24.7,29.1,29.96666666666667,1.021436896402906,23.433333333333326,26.03333333333333,6.100000000000003,30.5,0.8640987597879897,23.8,26.45714285714286,38.6,32.721428571428575,2.490961683746025,24.307142857142857,28.12857142857143,63.4,0.49999999999999994,-0.8660254037844387,7.300000000000001,1198.8
2025-05-28,28.0,23.8,25.3,3.5,17.9,84,2,5,148,2,2025,30.7,23.4,25.9,28.8,23.7,25.7,30.4,23.2,26.5,30.2,24.1,26.4,36.9,25.5,30.9,37.0,24.9,30.8,29.16666666666667,1.3868429375142626,23.633333333333326,25.633333333333336,7.0000000000000036,30.185714285714287,1.2876704695284922,23.75714285714286,26.3,17.6,32.08571428571428,2.47816841262243,24.185714285714287,27.728571428571428,66.7,0.49999999999999994,-0.8660254037844387,4.199999999999999,1503.6
2025-05-29,30.9,23.5,26.1,4.5,13.7,82,3,5,149,2,2025,28.0,23.8,25.3,30.7,23.4,25.9,28.8,23.7,25.7,30.8,23.7,26.5,33.6,22.8,29.3,36.9,25.0,31.2,29.866666666666674,1.619670748434138,23.566666666666663,25.766666666666666,9.500000000000004,30.199999999999996,1.2961481396817602,23.72857142857143,26.242857142857144,16.7,31.892857142857142,2.4562210767809405,24.235714285714288,27.5,59.7,0.49999999999999994,-0.8660254037844387,7.399999999999999,1123.3999999999999
2025-05-30,32.2,23.6,27.7,1.8,17.3,71,4,5,150,2,2025,30.9,23.5,26.1,28.0,23.8,25.3,30.7,23.4,25.9,31.5,24.0,27.4,35.5,25.0,29.9,38.4,25.6,32.3,30.366666666666674,2.150193789715992,23.63333333333333,26.366666666666664,9.800000000000004,30.3,1.4329456840138146,23.671428571428574,26.285714285714285,17.5,31.657142857142862,2.231492872397635,24.135714285714283,27.342857142857145,61.2,0.49999999999999994,-0.8660254037844387,8.600000000000001,1228.3
2025-05-31,33.6,24.5,28.6,0.0,16.5,59,5,5,151,2,2025,32.2,23.6,27.7,30.9,23.5,26.1,28.0,23.8,25.3,31.1,24.5,26.8,34.9,26.1,30.2,37.9,25.2,31.7,32.23333333333334,1.3503086067019117,23.866666666666664,27.46666666666667,6.300000000000003,30.657142857142855,1.9007517309889825,23.671428571428574,26.54285714285714,15.9,31.564285714285713,2.109905992385521,24.02142857142857,27.228571428571428,60.6,0.49999999999999994,-0.8660254037844387,9.100000000000001,973.5
2025-06-01,33.0,24.3,28.0,0.2,16.4,62,6,6,152,2,2025,33.6,24.5,28.6,32.2,23.6,27.7,30.9,23.5,26.1,30.4,23.2,26.5,35.2,25.0,29.6,38.7,25.5,32.2,32.93333333333334,0.7023769168568025,24.13333333333333,28.099999999999998,2.0000000000000036,31.02857142857143,2.0870348070204146,23.828571428571426,26.757142857142856,13.500000000000002,31.407142857142855,1.8886154007285878,23.971428571428568,27.114285714285717,59.300000000000004,1.2246467991473532e-16,-1.0,8.7,1016.8
2025-06-02,31.9,24.0,27.3,1.1,17.7,66,0,6,153,2,2025,33.0,24.3,28.0,33.6,24.5,28.6,32.2,23.6,27.7,28.8,23.7,25.7,34.0,23.6,28.8,38.6,26.2,32.3,32.83333333333334,0.8621678104251342,24.266666666666662,27.96666666666667,1.3000000000000036,31.47142857142857,1.850868521995746,23.87142857142857,26.985714285714288,12.6,31.25714285714286,1.7447566661792513,24.0,27.00714285714286,51.6,1.2246467991473532e-16,-1.0,7.899999999999999,1168.2
2025-06-03,31.8,24.1,27.7,0.2,13.9,65,1,6,154,2,2025,31.9,24.0,27.3,33.0,24.3,28.0,33.6,24.5,28.6,30.7,23.4,25.9,34.5,25.7,29.9,38.5,26.1,31.4,32.23333333333334,0.6658328118478818,24.133333333333326,27.666666666666668,1.5000000000000036,31.62857142857143,1.8209102904082641,23.97142857142857,27.24285714285714,11.3,31.064285714285713,1.489247173191309,23.88571428571429,26.85,49.9,1.2246467991473532e-16,-1.0,7.699999999999999,903.5
2025-06-04,33.0,23.9,28.3,0.1,13.1,59,2,6,155,2,2025,31.8,24.1,27.7,31.9,24.0,27.3,33.0,24.3,28.0,28.0,23.8,25.3,30.2,24.1,26.4,37.5,23.9,31.4,32.23333333333334,0.6658328118478818,23.999999999999996,27.766666666666666,1.4000000000000037,32.34285714285714,0.9162553189609284,23.985714285714284,27.671428571428574,7.9,31.264285714285712,1.55098338177769,23.87142857142857,26.985714285714288,25.5,1.2246467991473532e-16,-1.0,9.100000000000001,772.9
2025-06-05,32.5,23.9,28.0,0.7,10.1,62,3,6,156,2,2025,33.0,23.9,28.3,31.8,24.1,27.7,31.9,24.0,27.3,30.9,23.5,26.1,30.8,23.7,26.5,36.8,24.9,31.4,32.43333333333334,0.6027713773341097,23.966666666666658,28.0,1.0000000000000036,32.57142857142857,0.6600865744087315,24.04285714285714,27.942857142857143,4.1,31.385714285714283,1.578147474271821,23.88571428571429,27.092857142857145,20.8,1.2246467991473532e-16,-1.0,8.600000000000001,626.1999999999999
2025-06-06,33.8,23.8,29.0,0.2,8.5,61,4,6,157,2,2025,32.5,23.9,28.0,33.0,23.9,28.3,31.8,24.1,27.7,32.2,23.6,27.7,31.5,24.0,27.4,36.0,24.8,31.2,33.1,0.6557438524301494,23.86666666666666,28.433333333333334,1.0000000000000036,32.8,0.7767453465156309,24.071428571428573,28.12857142857143,2.5000000000000004,31.55,1.7055339790948718,23.87142857142857,27.20714285714286,20.0,1.2246467991473532e-16,-1.0,9.999999999999996,518.5
2025-06-07,35.4,25.5,29.7,0.0,12.3,56,5,6,158,2,2025,33.8,23.8,29.0,32.5,23.9,28.0,33.0,23.9,28.3,33.6,24.5,28.6,31.1,24.5,26.8,35.2,26.4,31.0,33.900000000000006,1.452583904633377,24.399999999999995,28.900000000000002,0.9000000000000035,33.05714285714286,1.2434590770068839,24.214285714285715,28.285714285714285,2.5,31.857142857142858,1.9828938781157917,23.942857142857143,27.414285714285715,18.400000000000002,1.2246467991473532e-16,-1.0,9.899999999999999,688.8000000000001
2025-06-08,35.1,25.5,29.3,0.6,12.6,60,6,6,159,2,2025,35.4,25.5,29.7,33.8,23.8,29.0,32.5,23.9,28.0,33.0,24.3,28.0,30.4,23.2,26.5,35.6,25.1,30.9,34.76666666666667,0.850490054811521,24.933333333333326,29.333333333333332,0.8000000000000036,33.357142857142854,1.4615712354144064,24.38571428571429,28.47142857142857,2.9000000000000004,32.19285714285714,2.110947394204736,24.107142857142858,27.614285714285717,16.4,1.2246467991473532e-16,-1.0,9.600000000000001,756.0
2025-06-09,28.6,24.7,26.1,6.2,14.4,77,0,6,160,2,2025,35.1,25.5,29.3,35.4,25.5,29.7,33.8,23.8,29.0,31.9,24.0,27.3,28.8,23.7,25.7,36.5,26.7,31.7,33.03333333333334,3.8423083339749353,25.23333333333333,28.36666666666667,6.800000000000004,32.885714285714286,2.3010349638287226,24.485714285714288,28.3,8.0,32.17857142857143,2.1362002828275526,24.178571428571427,27.642857142857142,20.6,1.2246467991473532e-16,-1.0,3.900000000000002,1108.8
2025-06-10,31.5,24.6,27.4,1.6,15.2,70,1,6,161,2,2025,28.6,24.7,26.1,35.1,25.5,29.3,35.4,25.5,29.7,31.8,24.1,27.7,30.7,23.4,25.9,37.6,27.4,32.2,31.733333333333338,3.2562759915789097,24.933333333333326,27.599999999999998,8.400000000000004,32.84285714285714,2.3272710362548716,24.557142857142853,28.25714285714286,9.4,32.23571428571429,2.1040646168995774,24.264285714285712,27.75,20.7,1.2246467991473532e-16,-1.0,6.899999999999999,1064.0
2025-06-11,30.1,23.9,26.6,2.6,15.7,75,2,6,162,2,2025,31.5,24.6,27.4,28.6,24.7,26.1,35.1,25.5,29.3,33.0,23.9,28.3,28.0,23.8,25.3,37.0,26.3,32.1,30.066666666666674,1.4502873278537443,24.399999999999995,26.700000000000003,10.400000000000004,32.42857142857143,2.542776884768827,24.557142857142857,28.014285714285712,11.900000000000002,32.385714285714286,1.8367434152943594,24.271428571428572,27.842857142857145,19.8,1.2246467991473532e-16,-1.0,6.200000000000003,1177.5
2025-06-12,31.1,22.6,26.5,10.0,10.1,80,3,6,163,2,2025,30.1,23.9,26.6,31.5,24.6,27.4,28.6,24.7,26.1,32.5,23.9,28.0,30.9,23.5,26.1,36.5,26.1,31.2,30.900000000000006,0.7211102550926948,23.7,26.833333333333332,14.200000000000003,32.22857142857143,2.5908263068722572,24.37142857142857,27.8,21.200000000000003,32.4,1.8250395148516758,24.207142857142856,27.87142857142857,25.3,1.2246467991473532e-16,-1.0,8.5,808.0
2025-06-13,32.1,24.2,27.6,0.9,8.0,77,4,6,164,2,2025,31.1,22.6,26.5,30.1,23.9,26.6,31.5,24.6,27.4,33.8,23.8,29.0,32.2,23.6,27.7,36.9,25.5,30.9,31.100000000000005,0.9999999999999306,23.566666666666663,26.900000000000002,13.500000000000004,31.985714285714288,2.4969505210881353,24.428571428571427,27.599999999999998,21.900000000000002,32.392857142857146,1.8260778843086762,24.25,27.864285714285717,24.4,1.2246467991473532e-16,-1.0,7.900000000000002,616.0
2025-06-14,31.4,24.6,27.7,1.6,11.4,74,5,6,165,2,2025,32.1,24.2,27.6,31.1,22.6,26.5,30.1,23.9,26.6,35.4,25.5,29.7,33.6,24.5,28.6,33.6,22.8,29.3,31.533333333333342,0.5131601439445717,23.799999999999997,27.266666666666666,12.500000000000002,31.414285714285715,1.99200784087204,24.3,27.314285714285717,23.500000000000004,32.23571428571429,1.8087850333038886,24.25714285714286,27.8,26.0,1.2246467991473532e-16,-1.0,6.799999999999997,843.6
2025-06-15,30.9,23.8,26.5,5.4,16.9,77,6,6,166,2,2025,31.4,24.6,27.7,32.1,24.2,27.6,31.1,22.6,26.5,35.1,25.5,29.3,33.0,24.3,28.0,35.5,25.0,29.9,31.46666666666667,0.6027713773340695,24.2,27.266666666666666,7.900000000000002,30.814285714285713,1.1524301445622331,24.057142857142857,26.914285714285715,28.300000000000004,32.08571428571428,1.8275065580678809,24.22142857142857,27.692857142857143,31.200000000000003,1.2246467991473532e-16,-1.0,7.099999999999998,1301.3
2025-06-16,30.2,23.8,26.4,1.6,25.1,75,0,6,167,2,2025,30.9,23.8,26.5,31.4,24.6,27.7,32.1,24.2,27.6,28.6,24.7,26.1,31.9,24.0,27.3,34.9,26.1,30.2,30.83333333333334,0.6027713773340447,24.066666666666663,26.866666666666664,8.600000000000001,31.042857142857144,0.7161404491142914,23.928571428571427,26.957142857142856,23.700000000000003,31.96428571428571,1.8959905642647976,24.20714285714286,27.628571428571426,31.700000000000003,1.2246467991473532e-16,-1.0,6.399999999999999,1882.5
2025-06-17,31.8,24.1,27.6,0.1,21.0,66,1,6,168,2,2025,30.2,23.8,26.4,30.9,23.8,26.5,31.4,24.6,27.7,31.5,24.6,27.4,31.8,24.1,27.7,35.2,25.0,29.6,30.96666666666667,0.8020806277009748,23.899999999999995,26.833333333333332,7.100000000000002,31.08571428571429,0.7559289460187677,23.857142857142858,26.985714285714288,22.200000000000003,31.964285714285715,1.8959905642647976,24.207142857142856,27.62142857142857,31.6,1.2246467991473532e-16,-1.0,7.699999999999999,1386.0
2025-06-18,31.4,23.7,27.5,0.2,21.1,66,2,6,169,2,2025,31.8,24.1,27.6,30.2,23.8,26.4,30.9,23.8,26.5,30.1,23.9,26.6,33.0,23.9,28.3,34.0,23.6,28.8,31.133333333333336,0.8326663997863708,23.866666666666664,27.166666666666668,1.900000000000002,31.27142857142857,0.6210590034084909,23.82857142857143,27.114285714285717,19.8,31.85,1.8768836691956334,24.192857142857143,27.564285714285713,31.700000000000003,1.2246467991473532e-16,-1.0,7.699999999999999,1392.6000000000001
2025-06-19,31.6,24.1,27.2,2.3,26.7,68,3,6,170,2,2025,31.4,23.7,27.5,31.8,24.1,27.6,30.2,23.8,26.4,31.1,22.6,26.5,32.5,23.9,28.0,34.5,25.7,29.9,31.600000000000005,0.1999999999997045,23.966666666666665,27.433333333333334,2.6000000000000014,31.342857142857138,0.6267831705283742,24.042857142857144,27.214285714285715,12.100000000000001,31.785714285714285,1.8683012205076632,24.207142857142856,27.507142857142856,33.300000000000004,1.2246467991473532e-16,-1.0,7.5,1815.6
2025-06-20,31.6,24.1,27.5,0.2,20.6,67,4,6,171,2,2025,31.6,24.1,27.2,31.4,23.7,27.5,31.8,24.1,27.6,32.1,24.2,27.6,33.8,23.8,29.0,30.2,24.1,26.4,31.533333333333342,0.11547005383740132,23.966666666666658,27.400000000000002,2.7000000000000015,31.271428571428572,0.5498917642422136,24.02857142857143,27.2,11.400000000000002,31.62857142857143,1.7760927606705994,24.22857142857143,27.4,33.3,1.2246467991473532e-16,-1.0,7.5,1380.2
2025-06-21,32.5,23.7,28.1,0.3,19.3,64,5,6,172,2,2025,31.6,24.1,27.5,31.6,24.1,27.2,31.4,23.7,27.5,31.4,24.6,27.7,35.4,25.5,29.7,30.8,23.7,26.5,31.900000000000006,0.5196152422706619,23.966666666666665,27.599999999999998,2.8000000000000016,31.428571428571427,0.722759263089313,23.900000000000002,27.257142857142856,10.100000000000001,31.421428571428574,1.4396466294141381,24.1,27.285714285714285,33.6,1.2246467991473532e-16,-1.0,8.8,1235.2
2025-06-22,33.0,23.6,28.1,1.0,21.8,61,6,6,173,2,2025,32.5,23.7,28.1,31.6,24.1,27.5,31.6,24.1,27.2,30.9,23.8,26.5,35.1,25.5,29.3,31.5,24.0,27.4,32.366666666666674,0.7094598884597563,23.799999999999997,27.900000000000002,1.5000000000000018,31.72857142857143,0.8845230083957072,23.87142857142857,27.485714285714288,5.700000000000001,31.271428571428572,1.0950437795458172,23.964285714285715,27.2,34.0,1.2246467991473532e-16,-1.0,9.399999999999999,1329.8
2025-06-23,31.7,24.0,26.7,0.5,22.9,67,0,6,174,2,2025,33.0,23.6,28.1,32.5,23.7,28.1,31.6,24.1,27.5,30.2,23.8,26.4,28.6,24.7,26.1,31.1,24.5,26.8,32.400000000000006,0.6557438524301981,23.766666666666662,27.633333333333336,1.8000000000000018,31.942857142857143,0.5826867164473882,23.900000000000002,27.52857142857143,4.600000000000001,31.49285714285714,0.7819741149709295,23.91428571428571,27.242857142857144,28.300000000000004,1.2246467991473532e-16,-1.0,7.699999999999999,1534.3
2025-06-24,29.4,23.4,25.7,12.4,23.8,74,1,6,175,2,2025,31.7,24.0,26.7,33.0,23.6,28.1,32.5,23.7,28.1,31.8,24.1,27.6,31.5,24.6,27.4,30.4,23.2,26.5,31.36666666666667,1.8230011885167063,23.66666666666666,26.833333333333332,13.900000000000002,31.6,1.1298967504454158,23.8,27.257142857142856,16.900000000000002,31.342857142857138,0.9613406389916717,23.82857142857143,27.12142857142857,39.1,1.2246467991473532e-16,-1.0,6.0,1761.2
2025-06-25,28.9,23.7,25.9,7.2,19.4,74,2,6,176,2,2025,29.4,23.4,25.7,31.7,24.0,26.7,33.0,23.6,28.1,31.4,23.7,27.5,30.1,23.9,26.6,28.8,23.7,25.7,30.000000000000004,1.4933184523068017,23.7,26.099999999999998,20.1,31.242857142857144,1.528460165065133,23.8,27.02857142857143,23.900000000000002,31.25714285714286,1.1209297553748097,23.814285714285713,27.071428571428573,43.7,1.2246467991473532e-16,-1.0,5.199999999999999,1435.6
2025-06-26,30.0,22.8,26.2,9.8,18.2,74,3,6,177,2,2025,28.9,23.7,25.9,29.4,23.4,25.7,31.7,24.0,26.7,31.6,24.1,27.2,31.1,22.6,26.5,30.7,23.4,25.9,29.433333333333337,0.5507570547285897,23.299999999999997,25.933333333333334,29.400000000000002,31.014285714285716,1.584748740787964,23.614285714285717,26.885714285714283,31.400000000000002,31.178571428571427,1.1702587297288702,23.82857142857143,27.050000000000004,43.5,1.2246467991473532e-16,-1.0,7.199999999999999,1346.8
2025-06-27,30.4,23.3,26.7,1.6,20.3,69,4,6,178,2,2025,30.0,22.8,26.2,28.9,23.7,25.9,29.4,23.4,25.7,31.6,24.1,27.5,32.1,24.2,27.6,28.0,23.8,25.3,29.76666666666667,0.77674534651539,23.266666666666662,26.266666666666666,18.6,30.842857142857138,1.5757084574430686,23.5,26.771428571428572,32.800000000000004,31.057142857142853,1.1553982235343019,23.764285714285716,26.985714285714288,44.2,1.2246467991473532e-16,-1.0,7.099999999999998,1400.7
2025-06-28,32.0,23.4,27.6,0.3,23.0,64,5,6,179,2,2025,30.4,23.3,26.7,30.0,22.8,26.2,28.9,23.7,25.9,32.5,23.7,28.1,31.4,24.6,27.7,30.9,23.5,26.1,30.8,1.0583005244258308,23.16666666666666,26.833333333333332,11.700000000000001,30.77142857142857,1.4974581638167483,23.457142857142856,26.7,32.800000000000004,31.099999999999998,1.179960885923278,23.678571428571427,26.978571428571428,42.9,1.2246467991473532e-16,-1.0,8.600000000000001,1472.0
2025-06-29,32.0,23.8,26.9,1.5,23.3,65,6,6,180,2,2025,32.0,23.4,27.6,30.4,23.3,26.7,30.0,22.8,26.2,33.0,23.6,28.1,30.9,23.8,26.5,32.2,23.6,27.7,31.46666666666667,0.9237604307033978,23.499999999999996,27.066666666666666,3.4000000000000004,30.628571428571426,1.2815541160565291,23.485714285714288,26.52857142857143,33.300000000000004,31.178571428571427,1.2020358188886238,23.678571428571427,27.00714285714286,39.0,1.2246467991473532e-16,-1.0,8.2,1514.5
2025-06-30,30.6,23.1,25.5,8.7,24.1,75,0,6,181,2,2025,32.0,23.8,26.9,32.0,23.4,27.6,30.4,23.3,26.7,31.7,24.0,26.7,30.2,23.8,26.4,33.6,24.5,28.6,31.533333333333342,0.8082903768654758,23.433333333333326,26.666666666666668,10.5,30.47142857142857,1.1926361357855284,23.357142857142858,26.357142857142858,41.5,31.20714285714286,1.18156629145386,23.628571428571426,26.942857142857147,46.1,1.2246467991473532e-16,-1.0,7.5,1807.5
2025-07-01,28.0,22.7,24.5,9.6,19.1,83,1,7,182,3,2025,30.6,23.1,25.5,32.0,23.8,26.9,32.0,23.4,27.6,29.4,23.4,25.7,31.8,24.1,27.6,33.0,24.3,28.0,30.200000000000006,2.029778313018446,23.2,25.633333333333336,19.799999999999997,30.271428571428572,1.4840420992618248,23.257142857142856,26.185714285714287,38.7,30.935714285714287,1.4425443029367462,23.528571428571432,26.72142857142857,55.599999999999994,-0.4999999999999997,-0.8660254037844388,5.300000000000001,1585.3000000000002
2025-07-02,27.8,22.7,24.6,4.9,15.7,85,2,7,183,3,2025,28.0,22.7,24.5,30.6,23.1,25.5,32.0,23.8,26.9,28.9,23.7,25.9,31.4,23.7,27.5,31.9,24.0,27.3,28.800000000000008,1.562049935181338,22.83333333333333,24.866666666666664,23.2,30.11428571428571,1.6964949861687577,23.114285714285717,26.0,36.4,30.678571428571427,1.6581632894581753,23.45714285714286,26.514285714285712,60.300000000000004,-0.4999999999999997,-0.8660254037844388,5.100000000000001,1334.5
2025-07-03,27.7,23.4,25.2,1.8,20.0,78,3,7,184,3,2025,27.8,22.7,24.6,28.0,22.7,24.5,30.6,23.1,25.5,30.0,22.8,26.2,31.6,24.1,27.2,31.8,24.1,27.7,27.83333333333334,0.15275252316529522,22.933333333333326,24.766666666666666,16.3,29.785714285714285,1.9291004565416177,23.199999999999996,25.857142857142858,28.4,30.400000000000002,1.8119263017789256,23.407142857142855,26.371428571428574,59.8,-0.4999999999999997,-0.8660254037844388,4.300000000000001,1560.0
2025-07-04,29.9,23.5,25.9,11.5,23.5,75,4,7,185,3,2025,27.7,23.4,25.2,27.8,22.7,24.6,28.0,22.7,24.5,30.4,23.3,26.7,31.6,24.1,27.5,33.0,23.9,28.3,28.46666666666667,1.2423096769056245,23.199999999999992,25.23333333333333,18.200000000000003,29.714285714285715,1.9117431586806877,23.22857142857143,25.74285714285714,38.3,30.27857142857143,1.7820379739670817,23.36428571428571,26.25714285714286,71.10000000000001,-0.4999999999999997,-0.8660254037844388,6.399999999999999,1762.5
2025-07-05,29.9,23.9,26.0,2.9,23.3,75,5,7,186,3,2025,29.9,23.5,25.9,27.7,23.4,25.2,27.8,22.7,24.6,32.0,23.4,27.6,32.5,23.7,28.1,32.5,23.9,28.0,29.16666666666667,1.2701705922171842,23.599999999999994,25.7,16.2,29.414285714285715,1.6385243070404605,23.3,25.514285714285712,40.9,30.092857142857145,1.6643151909859086,23.37857142857143,26.107142857142858,73.7,-0.4999999999999997,-0.8660254037844388,6.0,1747.5
2025-07-06,30.8,23.4,26.6,2.4,22.9,69,6,7,187,3,2025,29.9,23.9,26.0,29.9,23.5,25.9,27.7,23.4,25.2,32.0,23.8,26.9,33.0,23.6,28.1,33.8,23.8,29.0,30.200000000000003,0.5196152422706645,23.599999999999994,26.166666666666668,16.8,29.24285714285714,1.3624208146497896,23.24285714285714,25.47142857142857,41.800000000000004,29.935714285714283,1.4600353751552537,23.364285714285717,26.0,75.10000000000001,-0.4999999999999997,-0.8660254037844388,7.400000000000002,1580.1
2025-07-07,28.9,23.2,25.5,3.0,20.7,76,0,7,188,3,2025,30.8,23.4,26.6,29.9,23.9,26.0,29.9,23.5,25.9,30.6,23.1,25.5,31.7,24.0,26.7,35.4,25.5,29.7,29.86666666666667,0.9504384952922187,23.499999999999996,26.03333333333333,8.3,29.0,1.2247448713918039,23.257142857142856,25.47142857142857,36.1,29.735714285714288,1.3898572936473708,23.307142857142857,25.91428571428571,77.60000000000001,-0.4999999999999997,-0.8660254037844388,5.699999999999999,1573.2
2025-07-08,29.8,23.3,25.8,1.7,22.8,74,1,7,189,3,2025,28.9,23.2,25.5,30.8,23.4,26.6,29.9,23.9,26.0,28.0,22.7,24.5,29.4,23.4,25.7,35.1,25.5,29.3,29.83333333333334,0.9504384952922187,23.299999999999994,25.96666666666667,7.1,29.257142857142856,1.1674147261610428,23.342857142857145,25.657142857142855,28.2,29.764285714285716,1.3865325555045642,23.3,25.92142857142857,66.9,-0.4999999999999997,-0.8660254037844388,6.5,1687.2
2025-07-09,29.9,23.7,26.0,0.6,20.8,73,2,7,190,3,2025,29.8,23.3,25.8,28.9,23.2,25.5,30.8,23.4,26.6,27.8,22.7,24.6,28.9,23.7,25.9,28.6,24.7,26.1,29.533333333333342,0.5507570547286137,23.399999999999995,25.766666666666666,5.3,29.557142857142857,0.9863352081608242,23.485714285714284,25.857142857142858,23.9,29.835714285714285,1.3641605719032994,23.3,25.928571428571427,60.3,-0.4999999999999997,-0.8660254037844388,6.199999999999999,1518.4
2025-07-10,31.4,22.9,26.8,0.7,16.8,70,3,7,191,3,2025,29.9,23.7,26.0,29.8,23.3,25.8,28.9,23.2,25.5,27.7,23.4,25.2,30.0,22.8,26.2,31.5,24.6,27.4,30.36666666666667,0.8962886439832494,23.299999999999994,26.2,3.0,30.085714285714285,0.7988086367182933,23.414285714285715,26.08571428571429,22.8,29.935714285714283,1.4269963844803975,23.307142857142857,25.971428571428568,51.2,-0.4999999999999997,-0.8660254037844388,8.5,1176.0
2025-07-11,31.6,23.4,27.5,0.3,13.1,68,4,7,192,3,2025,31.4,22.9,26.8,29.9,23.7,26.0,29.8,23.3,25.8,29.9,23.5,25.9,30.4,23.3,26.7,30.1,23.9,26.6,30.96666666666667,0.9291573243177579,23.33333333333333,26.76666666666667,1.5999999999999999,30.328571428571426,0.9724784242926835,23.4,26.314285714285717,11.6,30.021428571428572,1.4916065533147584,23.314285714285713,26.02857142857143,49.9,-0.4999999999999997,-0.8660254037844388,8.200000000000003,890.8
2025-07-12,32.2,23.7,27.6,1.3,16.2,67,5,7,193,3,2025,31.6,23.4,27.5,31.4,22.9,26.8,29.9,23.7,26.0,29.9,23.9,26.0,32.0,23.4,27.6,31.1,22.6,26.5,31.733333333333338,0.4163331998932295,23.33333333333333,27.3,2.3,30.657142857142862,1.1716898663288124,23.37142857142857,26.542857142857144,10.0,30.035714285714285,1.512820668032994,23.335714285714285,26.028571428571432,50.9,-0.4999999999999997,-0.8660254037844388,8.500000000000004,1085.3999999999999
2025-07-13,32.0,24.4,28.1,0.0,16.9,63,6,7,194,3,2025,32.2,23.7,27.6,31.6,23.4,27.5,31.4,22.9,26.8,30.8,23.4,26.6,32.0,23.8,26.9,32.1,24.2,27.6,31.933333333333337,0.30550504633039127,23.83333333333333,27.733333333333334,1.6,30.82857142857143,1.2789504625726393,23.514285714285712,26.757142857142856,7.6,30.035714285714285,1.512820668032994,23.378571428571426,26.11428571428571,49.4,-0.4999999999999997,-0.8660254037844388,7.600000000000001,1064.6999999999998
2025-07-14,32.3,24.2,28.2,1.2,19.4,62,0,7,195,3,2025,32.0,24.4,28.1,32.2,23.7,27.6,31.6,23.4,27.5,28.9,23.2,25.5,30.6,23.1,25.5,31.4,24.6,27.7,32.16666666666668,0.15275252316519838,24.099999999999994,27.96666666666667,2.5,31.314285714285713,1.0494896719020343,23.657142857142855,27.142857142857146,5.8,30.157142857142855,1.625619070581651,23.457142857142856,26.307142857142857,41.9,-0.4999999999999997,-0.8660254037844388,8.099999999999998,1202.8
2025-07-15,31.2,24.0,27.0,2.7,20.0,71,1,7,196,3,2025,32.3,24.2,28.2,32.0,24.4,28.1,32.2,23.7,27.6,29.8,23.3,25.8,28.0,22.7,24.5,30.9,23.8,26.5,31.833333333333332,0.5686240703077295,24.199999999999992,27.766666666666666,3.9000000000000004,31.514285714285712,0.8214389233304988,23.757142857142856,27.314285714285717,6.8,30.385714285714283,1.5205551328673486,23.55,26.485714285714288,35.0,-0.4999999999999997,-0.8660254037844388,7.199999999999999,1420.0
2025-07-16,32.2,23.8,27.7,4.3,14.2,69,2,7,197,3,2025,31.2,24.0,27.0,32.3,24.2,28.2,32.0,24.4,28.1,29.9,23.7,26.0,27.8,22.7,24.6,30.2,23.8,26.4,31.900000000000006,0.6082762530298207,23.999999999999996,27.633333333333336,8.2,31.842857142857145,0.4391550328273596,23.771428571428572,27.557142857142857,10.5,30.699999999999996,1.3944946699850207,23.628571428571426,26.70714285714286,34.4,-0.4999999999999997,-0.8660254037844388,8.400000000000002,979.8
2025-07-17,31.3,22.8,27.0,7.0,12.8,77,3,7,198,3,2025,32.2,23.8,27.7,31.2,24.0,27.0,32.3,24.2,28.2,31.4,22.9,26.8,27.7,23.4,25.2,31.8,24.1,27.6,31.566666666666674,0.5507570547286066,23.53333333333333,27.23333333333333,14.0,31.82857142857143,0.45721725585117157,23.75714285714286,27.585714285714285,16.8,30.957142857142856,1.0994504121570874,23.585714285714285,26.83571428571429,39.6,-0.4999999999999997,-0.8660254037844388,8.5,985.6
2025-07-18,31.1,22.7,25.9,12.5,9.9,82,4,7,199,3,2025,31.3,22.8,27.0,32.2,23.8,27.7,31.2,24.0,27.0,31.6,23.4,27.5,29.9,23.5,25.9,31.4,23.7,27.5,31.533333333333335,0.5859465277082263,23.099999999999994,26.866666666666664,23.8,31.75714285714286,0.5318431562571821,23.657142857142855,27.357142857142858,29.0,31.042857142857144,1.0566378360084758,23.52857142857143,26.835714285714285,40.6,-0.4999999999999997,-0.8660254037844388,8.400000000000002,811.8000000000001
2025-07-19,30.2,22.5,25.7,8.5,9.8,83,5,7,200,3,2025,31.1,22.7,25.9,31.3,22.8,27.0,32.2,23.8,27.7,32.2,23.7,27.6,29.9,23.9,26.0,31.6,24.1,27.2,30.86666666666667,0.5859465277082132,22.66666666666666,26.2,28.0,31.47142857142857,0.7476948702833833,23.485714285714288,27.085714285714285,36.2,31.064285714285713,1.0344877162953592,23.428571428571427,26.814285714285713,46.2,-0.4999999999999997,-0.8660254037844388,7.699999999999999,813.4000000000001
2025-07-20,29.5,23.7,26.2,2.1,11.8,78,6,7,201,3,2025,30.2,22.5,25.7,31.1,22.7,25.9,31.3,22.8,27.0,32.0,24.4,28.1,30.8,23.4,26.6,31.6,24.1,27.5,30.26666666666667,0.8020806277010445,22.966666666666658,25.933333333333334,23.1,31.114285714285717,1.0056980518172673,23.385714285714283,26.814285714285713,38.3,30.97142857142857,1.1152292426839605,23.45,26.785714285714285,45.9,-0.4999999999999997,-0.8660254037844388,5.800000000000001,920.4000000000001
2025-07-21,30.3,23.5,26.2,3.0,13.4,79,0,7,202,3,2025,29.5,23.7,26.2,30.2,22.5,25.7,31.1,22.7,25.9,32.3,24.2,28.2,28.9,23.2,25.5,32.5,23.7,28.1,30.0,0.4358898943540254,23.23333333333333,26.03333333333333,13.6,30.82857142857143,0.8901578244229705,23.285714285714285,26.52857142857143,40.099999999999994,31.071428571428573,0.9682883958736506,23.47142857142857,26.835714285714285,45.9,-0.4999999999999997,-0.8660254037844388,6.800000000000001,1058.6000000000001
2025-07-22,29.0,23.0,25.3,5.5,16.7,84,1,7,203,3,2025,30.3,23.5,26.2,29.5,23.7,26.2,30.2,22.5,25.7,31.2,24.0,27.0,29.8,23.3,25.8,33.0,23.6,28.1,29.600000000000005,0.6557438524301697,23.399999999999995,25.899999999999995,10.6,30.514285714285716,1.1006491591006935,23.142857142857142,26.285714285714285,42.9,31.014285714285712,1.067604898724891,23.45,26.800000000000004,49.7,-0.4999999999999997,-0.8660254037844388,6.0,1402.8
2025-07-23,27.6,23.0,24.4,8.1,19.0,87,2,7,204,3,2025,29.0,23.0,25.3,30.3,23.5,26.2,29.5,23.7,26.2,32.2,23.8,27.7,29.9,23.7,26.0,31.7,24.0,26.7,28.96666666666667,1.350308606701923,23.16666666666666,25.3,16.6,29.857142857142858,1.2843378875998013,23.02857142857143,25.814285714285713,46.699999999999996,30.85,1.382723065882783,23.400000000000002,26.685714285714287,57.2,-0.4999999999999997,-0.8660254037844388,4.600000000000001,1653.0
2025-07-24,25.7,22.8,23.9,8.5,18.0,87,3,7,205,3,2025,27.6,23.0,24.4,29.0,23.0,25.3,30.3,23.5,26.2,31.3,22.8,27.0,31.4,22.9,26.8,29.4,23.4,25.7,27.433333333333337,1.6563010998406293,22.933333333333326,24.53333333333333,22.1,29.057142857142853,1.8536964358251904,23.02857142857143,25.37142857142857,48.2,30.442857142857147,1.9365767917464518,23.392857142857142,26.478571428571428,65.0,-0.4999999999999997,-0.8660254037844388,2.8999999999999986,1566.0
2025-07-25,26.6,22.9,24.0,14.9,20.9,88,4,7,206,3,2025,25.7,22.8,23.9,27.6,23.0,24.4,29.0,23.0,25.3,31.1,22.7,25.9,31.6,23.4,27.5,28.9,23.7,25.9,26.633333333333336,0.9504384952921838,22.899999999999995,24.099999999999998,31.5,28.414285714285715,1.806865214885289,23.057142857142857,25.099999999999998,50.6,30.085714285714285,2.1554428932206635,23.357142857142858,26.228571428571428,79.6,-0.4999999999999997,-0.8660254037844388,3.700000000000003,1839.1999999999998
2025-07-26,24.5,22.6,23.5,23.5,22.8,90,5,7,207,3,2025,26.6,22.9,24.0,25.7,22.8,23.9,27.6,23.0,24.4,30.2,22.5,25.7,32.2,23.7,27.6,30.0,22.8,26.2,25.600000000000005,1.0535653752852354,22.766666666666662,23.8,46.9,27.6,2.124460715883897,23.071428571428573,24.785714285714285,65.6,29.535714285714285,2.5251373589015342,23.27857142857143,25.935714285714283,101.80000000000001,-0.4999999999999997,-0.8660254037844388,1.8999999999999986,2052.0
2025-07-27,29.3,23.0,25.8,0.9,27.1,73,6,7,208,3,2025,24.5,22.6,23.5,26.6,22.9,24.0,25.7,22.8,23.9,29.5,23.7,26.2,32.0,24.4,28.1,30.4,23.3,26.7,26.8,2.4062418831031813,22.83333333333333,24.433333333333334,39.3,27.571428571428573,2.0958007902426083,22.97142857142857,24.72857142857143,64.4,29.342857142857145,2.423511211735604,23.178571428571427,25.771428571428572,102.7,-0.4999999999999997,-0.8660254037844388,6.300000000000001,1978.3000000000002
2025-07-28,29.9,22.6,25.9,0.0,27.2,70,0,7,209,3,2025,29.3,23.0,25.8,24.5,22.6,23.5,26.6,22.9,24.0,30.3,23.5,26.2,32.3,24.2,28.2,32.0,23.4,27.6,27.900000000000002,2.9597297173897417,22.73333333333333,25.066666666666666,24.4,27.514285714285712,2.0128160798814085,22.842857142857145,24.685714285714283,61.4,29.171428571428574,2.278808248398417,23.064285714285713,25.607142857142854,101.5,-0.4999999999999997,-0.8660254037844388,7.299999999999997,1904.0
2025-07-29,29.6,23.2,26.0,0.5,27.2,71,1,7,210,3,2025,29.9,22.6,25.9,29.3,23.0,25.8,24.5,22.6,23.5,29.0,23.0,25.3,31.2,24.0,27.0,32.0,23.8,26.9,29.600000000000005,0.2999999999999702,22.933333333333326,25.900000000000002,1.4,27.599999999999998,2.0976176963404427,22.871428571428574,24.785714285714285,56.4,29.057142857142857,2.2082761413566856,23.007142857142856,25.53571428571428,99.3,-0.4999999999999997,-0.8660254037844388,6.400000000000002,1931.2
2025-07-30,28.5,23.2,25.4,2.9,22.1,77,2,7,211,3,2025,29.6,23.2,26.0,29.9,22.6,25.9,29.3,23.0,25.8,27.6,23.0,24.4,32.2,23.8,27.7,30.6,23.1,25.5,29.33333333333334,0.7371114795831867,22.999999999999996,25.766666666666666,3.4,27.728571428571428,2.1250210082996506,22.900000000000002,24.928571428571427,51.199999999999996,28.792857142857144,2.0162662697003566,22.964285714285715,25.37142857142857,97.9,-0.4999999999999997,-0.8660254037844388,5.300000000000001,1701.7
2025-07-31,29.3,23.0,26.0,1.0,20.6,74,3,7,212,3,2025,28.5,23.2,25.4,29.6,23.2,26.0,29.9,22.6,25.9,25.7,22.8,23.9,31.3,22.8,27.0,28.0,22.7,24.5,29.133333333333336,0.5686240703077162,23.133333333333326,25.799999999999997,4.4,28.24285714285714,1.9831432481940623,22.928571428571427,25.228571428571428,43.699999999999996,28.650000000000002,1.8919871523393443,22.97857142857143,25.3,91.9,-0.4999999999999997,-0.8660254037844388,6.300000000000001,1524.4
2025-08-01,30.3,23.3,26.4,0.0,18.2,73,4,8,213,3,2025,29.3,23.0,26.0,28.5,23.2,25.4,29.6,23.2,26.0,26.6,22.9,24.0,31.1,22.7,25.9,27.8,22.7,24.6,29.36666666666667,0.9018499505645685,23.16666666666666,25.933333333333334,3.9,28.771428571428572,1.9652941134551536,22.985714285714288,25.571428571428573,28.8,28.592857142857145,1.8231267670661244,23.02142857142857,25.335714285714285,79.4,-0.8660254037844385,-0.5000000000000004,7.0,1328.6
2025-08-02,30.8,23.6,27.0,0.2,11.9,71,5,8,214,3,2025,30.3,23.3,26.4,29.3,23.0,26.0,28.5,23.2,25.4,24.5,22.6,23.5,30.2,22.5,25.7,27.7,23.4,25.2,30.133333333333336,0.763762615825961,23.299999999999994,26.46666666666667,1.2,29.67142857142857,0.7499206307213002,23.12857142857143,26.071428571428573,5.5,28.63571428571429,1.8702559030407853,23.099999999999998,25.428571428571427,71.1,-0.8660254037844385,-0.5000000000000004,7.199999999999999,844.9
2025-08-03,30.7,23.4,26.8,0.6,9.2,76,6,8,215,3,2025,30.8,23.6,27.0,30.3,23.3,26.4,29.3,23.0,26.0,29.3,23.0,25.8,29.5,23.7,26.2,29.9,23.5,25.9,30.600000000000005,0.2645751311064282,23.433333333333326,26.733333333333334,0.8,29.871428571428574,0.8179533110441513,23.185714285714287,26.214285714285715,5.199999999999999,28.72142857142857,1.9391427810443624,23.078571428571426,25.471428571428568,69.60000000000001,-0.8660254037844385,-0.5000000000000004,7.300000000000001,699.1999999999999
2025-08-04,31.1,23.4,26.4,4.1,6.2,80,0,8,216,3,2025,30.7,23.4,26.8,30.8,23.6,27.0,30.3,23.3,26.4,29.9,22.6,25.9,30.3,23.5,26.2,29.9,23.9,26.0,30.86666666666667,0.2081665999465804,23.466666666666658,26.73333333333333,4.8999999999999995,30.042857142857144,0.9413769044282636,23.3,26.285714285714285,9.299999999999999,28.77857142857143,2.0000686801398726,23.071428571428573,25.485714285714284,70.7,-0.8660254037844385,-0.5000000000000004,7.700000000000003,496.0
2025-08-05,29.6,23.6,26.5,6.6,7.3,79,1,8,217,3,2025,31.1,23.4,26.4,30.7,23.4,26.8,30.8,23.6,27.0,29.6,23.2,26.0,29.0,23.0,25.3,30.8,23.4,26.6,30.46666666666667,0.7767453465153913,23.466666666666658,26.566666666666663,11.299999999999999,30.042857142857144,0.9413769044282636,23.357142857142858,26.357142857142858,15.399999999999999,28.821428571428573,2.011573655482266,23.11428571428571,25.571428571428573,71.80000000000001,-0.8660254037844385,-0.5000000000000004,6.0,576.6999999999999
2025-08-06,31.5,22.8,26.6,7.0,9.6,79,2,8,218,3,2025,29.6,23.6,26.5,31.1,23.4,26.4,30.7,23.4,26.8,28.5,23.2,25.4,27.6,23.0,24.4,28.9,23.2,25.5,30.733333333333334,1.0016652800877732,23.266666666666662,26.5,17.7,30.47142857142857,0.7931252228041069,23.3,26.52857142857143,19.5,29.099999999999998,2.097617696340696,23.099999999999998,25.728571428571428,70.7,-0.8660254037844385,-0.5000000000000004,8.7,758.4
2025-08-07,30.0,24.1,26.1,23.7,7.6,83,3,8,219,3,2025,31.5,22.8,26.6,29.6,23.6,26.5,31.1,23.4,26.4,29.3,23.0,26.0,25.7,22.8,23.9,29.8,23.3,25.8,30.36666666666667,1.0016652800877717,23.499999999999996,26.400000000000002,37.3,30.571428571428573,0.6524678426671516,23.457142857142856,26.542857142857144,42.2,29.407142857142855,1.8631917551570174,23.192857142857147,25.88571428571429,85.9,-0.8660254037844385,-0.5000000000000004,5.899999999999999,630.8
2025-08-08,29.5,22.5,26.0,3.9,7.2,80,4,8,220,3,2025,30.0,24.1,26.1,31.5,22.8,26.6,29.6,23.6,26.5,30.3,23.3,26.4,26.6,22.9,24.0,29.9,23.7,26.0,30.333333333333332,1.040832999733057,23.13333333333333,26.233333333333334,34.6,30.457142857142856,0.7678045386192082,23.342857142857138,26.485714285714288,46.1,29.614285714285717,1.679220122491908,23.164285714285715,26.028571428571432,74.9,-0.8660254037844385,-0.5000000000000004,7.0,576.0
2025-08-09,28.1,21.8,24.8,5.4,9.8,85,5,8,221,3,2025,29.5,22.5,26.0,30.0,24.1,26.1,31.5,22.8,26.6,30.8,23.6,27.0,24.5,22.6,23.5,31.4,22.9,26.8,29.200000000000003,0.9848857801795916,22.799999999999997,25.633333333333336,33.0,30.071428571428573,1.1499482390009612,23.085714285714285,26.17142857142857,51.3,29.871428571428574,0.9554930836842771,23.10714285714286,26.12142857142857,56.8,-0.8660254037844385,-0.5000000000000004,6.300000000000001,833.0000000000001
2025-08-10,28.5,22.8,24.7,15.0,11.7,86,6,8,222,3,2025,28.1,21.8,24.8,29.5,22.5,26.0,30.0,24.1,26.1,30.7,23.4,26.8,29.3,23.0,25.8,31.6,23.4,27.5,28.700000000000003,0.7211102550927677,22.36666666666666,25.166666666666668,24.300000000000004,29.757142857142856,1.2461368876883527,23.0,25.87142857142857,65.69999999999999,29.814285714285717,1.0144017887466774,23.092857142857138,26.042857142857144,70.9,-0.8660254037844385,-0.5000000000000004,5.699999999999999,1006.1999999999999
2025-08-11,28.6,22.3,24.8,9.7,14.1,84,0,8,223,3,2025,28.5,22.8,24.7,28.1,21.8,24.8,29.5,22.5,26.0,31.1,23.4,26.4,29.9,22.6,25.9,32.2,23.7,27.6,28.400000000000002,0.26457513110637054,22.299999999999994,24.766666666666666,30.100000000000005,29.400000000000002,1.1518101695449432,22.842857142857145,25.642857142857142,71.3,29.721428571428568,1.0642285551440105,23.071428571428573,25.964285714285715,80.6,-0.8660254037844385,-0.5000000000000004,6.300000000000001,1184.3999999999999
2025-08-12,28.5,22.2,24.9,4.4,16.4,83,1,8,224,3,2025,28.6,22.3,24.8,28.5,22.8,24.7,28.1,21.8,24.8,29.6,23.6,26.5,29.6,23.2,26.0,32.0,24.4,28.1,28.533333333333335,0.05773502691858152,22.433333333333326,24.8,29.1,29.242857142857144,1.1942321701373506,22.642857142857142,25.414285714285715,69.1,29.642857142857142,1.1133554866088138,23.0,25.88571428571429,84.5,-0.8660254037844385,-0.5000000000000004,6.300000000000001,1361.1999999999998
2025-08-13,26.3,22.2,23.8,11.8,17.3,88,2,8,225,3,2025,28.5,22.2,24.9,28.6,22.3,24.8,28.5,22.8,24.7,31.5,22.8,26.6,28.5,23.2,25.4,32.3,24.2,28.2,27.8,1.299999999999977,22.23333333333333,24.5,25.900000000000006,28.5,1.1733143937867556,22.557142857142857,25.014285714285716,73.9,29.485714285714288,1.4043104756746128,22.928571428571427,25.771428571428572,93.39999999999999,-0.8660254037844385,-0.5000000000000004,4.100000000000001,1522.4
2025-08-14,27.4,21.9,24.1,8.8,14.2,85,3,8,226,3,2025,26.3,22.2,23.8,28.5,22.2,24.9,28.6,22.3,24.8,30.0,24.1,26.1,29.3,23.0,26.0,31.2,24.0,27.0,27.400000000000002,1.099999999999969,22.099999999999994,24.26666666666667,25.000000000000007,28.12857142857143,1.0209705932990827,22.242857142857144,24.728571428571428,59.0,29.349999999999998,1.5113671854424875,22.849999999999998,25.635714285714283,101.2,-0.8660254037844385,-0.5000000000000004,5.5,1207.0
2025-08-15,27.6,22.3,24.4,4.8,18.1,85,4,8,227,3,2025,27.4,21.9,24.1,26.3,22.2,23.8,28.5,22.2,24.9,29.5,22.5,26.0,30.3,23.3,26.4,32.2,23.8,27.7,27.100000000000005,0.6999999999999482,22.133333333333326,24.099999999999998,25.400000000000006,27.857142857142858,0.8303757038379367,22.214285714285715,24.5,59.9,29.157142857142855,1.5525236456593154,22.778571428571432,25.492857142857144,106.0,-0.8660254037844385,-0.5000000000000004,5.300000000000001,1538.5000000000002
2025-08-16,26.9,22.5,24.2,2.0,21.2,86,5,8,228,3,2025,27.6,22.3,24.4,27.4,21.9,24.1,26.3,22.2,23.8,28.1,21.8,24.8,30.8,23.6,27.0,31.3,22.8,27.0,27.3,0.3605551275463019,22.23333333333333,24.233333333333334,15.600000000000005,27.685714285714287,0.8933617621634501,22.314285714285713,24.414285714285715,56.5,28.878571428571426,1.5846273871310073,22.7,25.292857142857144,107.80000000000001,-0.8660254037844385,-0.5000000000000004,4.399999999999999,1823.2
2025-08-17,26.6,22.5,23.8,7.5,17.4,88,6,8,229,3,2025,26.9,22.5,24.2,27.6,22.3,24.4,27.4,21.9,24.1,28.5,22.8,24.7,30.7,23.4,26.8,31.1,22.7,25.9,27.033333333333335,0.513160143944618,22.433333333333326,24.133333333333336,14.300000000000004,27.414285714285715,0.8933617621634565,22.27142857142857,24.285714285714285,49.0,28.585714285714285,1.600892608159241,22.63571428571429,25.07857142857143,114.7,-0.8660254037844385,-0.5000000000000004,4.100000000000001,1531.1999999999998
2025-08-18,25.7,22.4,23.6,15.6,23.4,88,0,8,230,3,2025,26.6,22.5,23.8,26.9,22.5,24.2,27.6,22.3,24.4,28.6,22.3,24.8,31.1,23.4,26.4,30.2,22.5,25.7,26.400000000000002,0.6244997998397785,22.466666666666665,23.866666666666664,25.1,27.0,0.9237604307037123,22.285714285714285,24.114285714285717,54.9,28.2,1.5990381724414584,22.564285714285713,24.87857142857143,126.2,-0.8660254037844385,-0.5000000000000004,3.3000000000000007,2059.2
2025-08-19,26.9,22.1,23.8,7.4,25.5,85,1,8,231,3,2025,25.7,22.4,23.6,26.6,22.5,23.8,26.9,22.5,24.2,28.5,22.2,24.9,29.6,23.6,26.5,29.5,23.7,26.2,26.400000000000002,0.6244997998397785,22.33333333333333,23.733333333333334,30.5,26.77142857142857,0.6473388749706009,22.27142857142857,23.95714285714286,57.9,28.00714285714286,1.5799047126649084,22.45714285714286,24.685714285714287,127.0,-0.8660254037844385,-0.5000000000000004,4.799999999999997,2167.5
2025-08-20,27.5,22.7,24.6,2.8,21.8,82,2,8,232,3,2025,26.9,22.1,23.8,25.7,22.4,23.6,26.6,22.5,23.8,26.3,22.2,23.8,31.5,22.8,26.6,30.3,23.5,26.2,26.700000000000003,0.9165151389911266,22.399999999999995,24.0,25.8,26.942857142857143,0.6604471789560865,22.342857142857145,24.071428571428573,48.900000000000006,27.72142857142857,1.220452987422066,22.45,24.542857142857144,122.8,-0.8660254037844385,-0.5000000000000004,4.800000000000001,1787.6000000000001
2025-08-21,29.4,22.4,25.8,0.1,20.8,76,3,8,233,3,2025,27.5,22.7,24.6,26.9,22.1,23.8,25.7,22.4,23.6,27.4,21.9,24.1,30.0,24.1,26.1,29.0,23.0,25.3,27.933333333333334,1.3051181300300962,22.399999999999995,24.733333333333334,10.300000000000004,27.228571428571428,1.1455919659204652,22.414285714285715,24.314285714285713,40.199999999999996,27.678571428571427,1.1423178672734093,22.328571428571426,24.52142857142857,99.19999999999999,-0.8660254037844385,-0.5000000000000004,7.0,1580.8
2025-08-22,28.9,22.7,25.6,0.1,19.1,75,4,8,234,3,2025,29.4,22.4,25.8,27.5,22.7,24.6,26.9,22.1,23.8,27.6,22.3,24.4,29.5,22.5,26.0,27.6,23.0,24.4,28.600000000000005,0.9848857801795684,22.599999999999994,25.333333333333332,3.0000000000000036,27.414285714285715,1.3094891770314336,22.47142857142857,24.485714285714288,35.5,27.635714285714283,1.0781801924884806,22.342857142857138,24.49285714285714,95.4,-0.8660254037844385,-0.5000000000000004,6.199999999999999,1432.5
2025-08-23,28.8,22.4,25.3,0.1,20.9,74,5,8,235,3,2025,28.9,22.7,25.6,29.4,22.4,25.8,27.5,22.7,24.6,26.9,22.5,24.2,28.1,21.8,24.8,25.7,22.8,23.9,29.033333333333335,0.3214550253662999,22.499999999999996,25.566666666666666,0.30000000000000004,27.685714285714287,1.3801311186849068,22.45714285714286,24.642857142857142,33.6,27.685714285714283,1.1169030967252649,22.385714285714283,24.528571428571432,90.1,-0.8660254037844385,-0.5000000000000004,6.400000000000002,1546.6
2025-08-24,29.2,22.2,25.6,0.1,21.1,72,6,8,236,3,2025,28.8,22.4,25.3,28.9,22.7,25.6,29.4,22.4,25.8,26.6,22.5,23.8,28.5,22.8,24.7,26.6,22.9,24.0,28.96666666666667,0.20816659994641112,22.433333333333326,25.5,0.30000000000000004,28.057142857142857,1.3890730036698373,22.41428571428571,24.900000000000002,26.200000000000003,27.735714285714284,1.1705404030475763,22.342857142857145,24.592857142857145,75.2,-0.8660254037844385,-0.5000000000000004,7.0,1519.2
2025-08-25,29.4,21.9,25.6,0.1,21.0,71,0,8,237,3,2025,29.2,22.2,25.6,28.8,22.4,25.3,28.9,22.7,25.6,25.7,22.4,23.6,28.6,22.3,24.8,24.5,22.6,23.5,29.133333333333336,0.3055050463302485,22.166666666666657,25.5,0.30000000000000004,28.585714285714285,0.9889869756957135,22.342857142857145,25.185714285714287,10.700000000000001,27.792857142857144,1.2337960719886738,22.314285714285713,24.650000000000002,65.6,-0.8660254037844385,-0.5000000000000004,7.5,1491.0
2025-08-26,26.7,22.7,24.2,19.8,18.3,84,1,8,238,3,2025,29.4,21.9,25.6,29.2,22.2,25.6,28.8,22.4,25.3,26.9,22.1,23.8,28.5,22.2,24.9,29.3,23.0,25.8,28.433333333333337,1.504437879519542,22.266666666666662,25.133333333333336,20.000000000000004,28.557142857142857,1.0469911538265222,22.428571428571427,25.24285714285714,23.1,27.664285714285715,1.2481414754983127,22.35,24.599999999999998,81.0,-0.8660254037844385,-0.5000000000000004,4.0,1537.2
2025-08-27,26.7,22.2,23.3,25.8,17.0,91,2,8,239,3,2025,26.7,22.7,24.2,29.4,21.9,25.6,29.2,22.2,25.6,27.5,22.7,24.6,26.3,22.2,23.8,29.9,22.6,25.9,27.599999999999998,1.5588457268119675,22.266666666666662,24.366666666666664,45.7,28.442857142857143,1.2122391717496717,22.357142857142858,25.057142857142857,46.1,27.692857142857143,1.2187410185644967,22.349999999999998,24.564285714285713,95.0,-0.8660254037844385,-0.5000000000000004,4.5,1547.0
2025-08-28,26.5,21.8,23.7,17.6,19.3,89,3,8,240,3,2025,26.7,22.2,23.3,26.7,22.7,24.2,29.4,21.9,25.6,29.4,22.4,25.8,27.4,21.9,24.1,29.6,23.2,26.0,26.633333333333336,0.11547005383792475,22.23333333333333,23.733333333333334,63.2,28.02857142857143,1.3212548148312724,22.27142857142857,24.75714285714286,63.6,27.628571428571426,1.2584658373345836,22.342857142857145,24.535714285714285,103.8,-0.8660254037844385,-0.5000000000000004,4.699999999999999,1717.7
2025-08-29,28.6,21.8,24.9,1.7,18.2,81,4,8,241,3,2025,26.5,21.8,23.7,26.7,22.2,23.3,26.7,22.7,24.2,28.9,22.7,25.6,27.6,22.3,24.4,28.5,23.2,25.4,27.26666666666667,1.1590225767142468,21.933333333333326,23.96666666666667,45.10000000000001,27.985714285714288,1.2928374110572092,22.142857142857142,24.657142857142855,65.2,27.7,1.2848226456484901,22.307142857142853,24.571428571428573,100.7,-0.8660254037844385,-0.5000000000000004,6.800000000000001,1474.2
2025-08-30,29.6,22.5,25.8,0.4,17.8,77,5,8,242,3,2025,28.6,21.8,24.9,26.5,21.8,23.7,26.7,22.2,23.3,28.8,22.4,25.3,26.9,22.5,24.2,29.3,23.0,26.0,28.233333333333334,1.5821925715074394,22.03333333333333,24.8,19.700000000000006,28.1,1.407124727947218,22.157142857142855,24.72857142857143,65.5,27.89285714285714,1.356162167359692,22.307142857142853,24.685714285714287,99.1,-0.8660254037844385,-0.5000000000000004,7.100000000000001,1370.6000000000001
2025-08-31,28.0,22.9,25.0,2.9,16.2,84,6,8,243,3,2025,29.6,22.5,25.8,28.6,21.8,24.9,26.5,21.8,23.7,29.2,22.2,25.6,26.6,22.5,23.8,30.3,23.3,26.4,28.733333333333334,0.8082903768654655,22.399999999999995,25.233333333333334,5.0000000000000036,27.928571428571427,1.3212548148312742,22.25714285714286,24.642857142857142,68.30000000000001,27.99285714285714,1.3041143683420473,22.335714285714285,24.771428571428572,94.5,-0.8660254037844385,-0.5000000000000004,5.100000000000001,1360.8
2025-09-01,27.9,22.7,24.8,8.7,18.3,83,0,9,244,3,2025,28.0,22.9,25.0,29.6,22.5,25.8,28.6,21.8,24.9,29.4,21.9,25.6,25.7,22.4,23.6,30.8,23.6,27.0,28.500000000000004,0.9539392014169386,22.699999999999992,25.2,12.000000000000004,27.714285714285715,1.1538754575035899,22.37142857142857,24.52857142857143,76.9,28.150000000000002,1.127113399523966,22.357142857142858,24.857142857142858,87.60000000000001,-1.0,-1.8369701987210297e-16,5.199999999999999,1518.9
2025-09-02,27.0,22.7,24.3,4.5,21.0,84,1,9,245,3,2025,27.9,22.7,24.8,28.0,22.9,25.0,29.6,22.5,25.8,26.7,22.7,24.2,26.9,22.1,23.8,30.7,23.4,26.8,27.633333333333336,0.5507570547286023,22.766666666666662,24.700000000000003,16.1,27.75714285714286,1.1148350294360543,22.37142857142857,24.542857142857144,61.599999999999994,28.157142857142855,1.118869130805737,22.4,24.892857142857142,84.7,-1.0,-1.8369701987210297e-16,4.300000000000001,1764.0
2025-09-03,28.8,22.2,24.9,0.2,16.7,79,2,9,246,3,2025,27.0,22.7,24.3,27.9,22.7,24.8,28.0,22.9,25.0,26.7,22.2,23.3,27.5,22.7,24.6,31.1,23.4,26.4,27.900000000000002,0.8999999999999948,22.533333333333328,24.666666666666668,13.400000000000004,28.057142857142857,1.0643576198147309,22.37142857142857,24.771428571428572,36.0,28.25,1.1140708443163205,22.36428571428571,24.914285714285715,82.10000000000001,-1.0,-1.8369701987210297e-16,6.600000000000001,1319.3
2025-09-04,29.4,22.1,25.4,0.3,18.7,76,3,9,247,3,2025,28.8,22.2,24.9,27.0,22.7,24.3,27.9,22.7,24.8,26.5,21.8,23.7,29.4,22.4,25.8,29.6,23.6,26.5,28.400000000000006,1.2489995996796734,22.33333333333333,24.866666666666664,5.000000000000005,28.47142857142857,0.9105205209374144,22.414285714285715,25.014285714285712,18.7,28.25,1.1140708443163205,22.342857142857145,24.885714285714283,82.30000000000001,-1.0,-1.8369701987210297e-16,7.299999999999997,1421.2
2025-09-05,29.1,22.2,25.5,0.6,15.8,75,4,9,248,3,2025,29.4,22.1,25.4,28.8,22.2,24.9,27.0,22.7,24.3,28.6,21.8,24.9,28.9,22.7,25.6,31.5,22.8,26.6,29.100000000000005,0.2999999999999687,22.16666666666666,25.266666666666666,1.1000000000000054,28.54285714285714,0.9413769044282928,22.471428571428568,25.099999999999998,17.6,28.264285714285716,1.1242824329379248,22.307142857142857,24.87857142857143,82.8,-1.0,-1.8369701987210297e-16,6.900000000000002,1185.0
2025-09-06,28.9,22.8,25.6,0.2,13.9,78,5,9,249,3,2025,29.1,22.2,25.5,29.4,22.1,25.4,28.8,22.2,24.9,29.6,22.5,25.8,28.8,22.4,25.3,30.0,24.1,26.1,29.133333333333336,0.2516611478423215,22.36666666666666,25.5,1.1000000000000054,28.442857142857143,0.8423323628617931,22.514285714285712,25.071428571428573,17.4,28.271428571428572,1.1282584070011894,22.335714285714285,24.900000000000002,82.9,-1.0,-1.8369701987210297e-16,6.099999999999998,1084.2
2025-09-07,29.3,22.6,25.6,0.0,13.6,73,6,9,250,3,2025,28.9,22.8,25.6,29.1,22.2,25.5,29.4,22.1,25.4,28.0,22.9,25.0,29.2,22.2,25.6,29.5,22.5,26.0,29.100000000000005,0.19999999999995455,22.53333333333333,25.566666666666666,0.8000000000000054,28.62857142857143,0.8712333895392984,22.471428571428568,25.157142857142855,14.5,28.278571428571432,1.1348863524462967,22.364285714285717,24.9,82.8,-1.0,-1.8369701987210297e-16,6.699999999999999,992.8
2025-09-08,30.0,22.7,26.2,0.5,9.7,73,0,9,251,3,2025,29.3,22.6,25.6,28.9,22.8,25.6,29.1,22.2,25.5,27.9,22.7,24.8,29.4,21.9,25.6,28.1,21.8,24.8,29.400000000000002,0.5567764362829847,22.7,25.8,0.7000000000000053,28.928571428571427,0.9375753937940797,22.47142857142857,25.357142857142858,6.3,28.321428571428573,1.1904611720672034,22.421428571428574,24.942857142857143,83.2,-1.0,-1.8369701987210297e-16,7.300000000000001,708.0999999999999
2025-09-09,31.8,22.2,27.2,0.9,8.7,67,1,9,252,3,2025,30.0,22.7,26.2,29.3,22.6,25.6,28.9,22.8,25.6,27.0,22.7,24.3,26.7,22.7,24.2,28.5,22.8,24.7,30.36666666666667,1.2897028081435287,22.499999999999996,26.333333333333332,1.4000000000000055,29.61428571428571,1.041519037157932,22.400000000000002,25.771428571428572,2.7,28.685714285714287,1.4152233544069568,22.385714285714283,25.157142857142862,64.30000000000001,-1.0,-1.8369701987210297e-16,9.600000000000001,582.9
2025-09-10,30.7,22.6,26.1,12.2,10.4,79,2,9,253,3,2025,31.8,22.2,27.2,30.0,22.7,26.2,29.3,22.6,25.6,28.8,22.2,24.9,26.7,22.2,23.3,28.6,22.3,24.8,30.83333333333334,0.9073771725877278,22.499999999999996,26.5,13.600000000000005,29.88571428571429,1.0415190371579284,22.457142857142856,25.942857142857143,14.7,28.97142857142857,1.386988198845951,22.414285714285715,25.357142857142858,50.7,-1.0,-1.8369701987210297e-16,8.099999999999998,821.6
2025-09-11,26.7,22.7,24.2,20.5,14.7,87,3,9,254,3,2025,30.7,22.6,26.1,31.8,22.2,27.2,30.0,22.7,26.2,29.4,22.1,25.4,26.5,21.8,23.7,28.5,22.2,24.9,29.733333333333338,2.6839026311200835,22.499999999999996,25.833333333333332,33.60000000000001,29.5,1.6010413278031947,22.542857142857144,25.771428571428572,34.9,28.985714285714288,1.3603490179182398,22.478571428571428,25.392857142857142,53.599999999999994,-1.0,-1.8369701987210297e-16,4.0,1278.8999999999999
2025-09-12,25.7,21.9,23.8,6.6,12.8,89,4,9,255,3,2025,26.7,22.7,24.2,30.7,22.6,26.1,31.8,22.2,27.2,29.1,22.2,25.5,28.6,21.8,24.9,26.3,22.2,23.8,27.700000000000003,2.6457513110645876,22.399999999999995,24.7,39.300000000000004,29.014285714285712,2.160577524204057,22.5,25.528571428571432,40.9,28.77857142857143,1.6196764023573862,22.485714285714288,25.314285714285713,58.49999999999999,-1.0,-1.8369701987210297e-16,3.8000000000000007,1139.2
2025-09-13,27.2,22.5,24.1,11.5,9.6,89,5,9,256,3,2025,25.7,21.9,23.8,26.7,22.7,24.2,30.7,22.6,26.1,28.9,22.8,25.6,29.6,22.5,25.8,27.4,21.9,24.1,26.53333333333333,0.76376261582597,22.366666666666664,24.033333333333335,38.6,28.771428571428572,2.2684166913763413,22.457142857142856,25.314285714285713,52.2,28.607142857142858,1.652720035724524,22.485714285714288,25.192857142857143,69.6,-1.0,-1.8369701987210297e-16,4.699999999999999,854.4
2025-09-14,29.3,21.7,25.0,7.2,10.1,85,6,9,257,3,2025,27.2,22.5,24.1,25.7,21.9,23.8,26.7,22.7,24.2,29.3,22.6,25.6,28.0,22.9,25.0,27.6,22.3,24.4,27.400000000000002,1.80831413200251,22.033333333333328,24.3,25.300000000000004,28.77142857142857,2.2684166913763413,22.32857142857143,25.228571428571428,59.4,28.7,1.6525039276113582,22.4,25.192857142857143,73.89999999999999,-1.0,-1.8369701987210297e-16,7.600000000000001,858.5
2025-09-15,28.9,22.6,25.2,4.5,13.4,84,0,9,258,3,2025,29.3,21.7,25.0,27.2,22.5,24.1,25.7,21.9,23.8,30.0,22.7,26.2,27.9,22.7,24.8,26.9,22.5,24.2,28.46666666666667,1.1150485789118407,22.266666666666662,24.76666666666667,23.200000000000003,28.61428571428571,2.20637604186044,22.314285714285713,25.08571428571429,63.4,28.771428571428572,1.6368020280787159,22.392857142857142,25.22142857142857,69.7,-1.0,-1.8369701987210297e-16,6.299999999999997,1125.6000000000001
2025-09-16,29.4,22.9,25.2,7.6,10.1,85,1,9,259,3,2025,28.9,22.6,25.2,29.3,21.7,25.0,27.2,22.5,24.1,31.8,22.2,27.2,27.0,22.7,24.3,26.6,22.5,23.8,29.200000000000003,0.26457513110641767,22.399999999999995,25.13333333333333,19.300000000000004,28.271428571428572,1.772676211940992,22.414285714285715,24.8,70.10000000000001,28.942857142857143,1.5609239303967366,22.407142857142855,25.285714285714285,72.8,-1.0,-1.8369701987210297e-16,6.5,858.5
2025-09-17,28.8,22.5,25.4,1.2,7.2,85,2,9,260,3,2025,29.4,22.9,25.2,28.9,22.6,25.2,29.3,21.7,25.0,30.7,22.6,26.1,28.8,22.2,24.9,25.7,22.4,23.6,29.033333333333335,0.32145502536639636,22.66666666666666,25.266666666666666,13.300000000000004,28.0,1.4560219778562824,22.400000000000002,24.7,59.1,28.942857142857143,1.5609239303967366,22.428571428571427,25.321428571428573,73.8,-1.0,-1.8369701987210297e-16,6.300000000000001,612.0
2025-09-18,30.0,21.9,25.8,6.3,10.0,83,3,9,261,3,2025,28.8,22.5,25.4,29.4,22.9,25.2,28.9,22.6,25.2,26.7,22.7,24.2,29.4,22.1,25.4,26.9,22.1,23.8,29.400000000000002,0.5999999999999821,22.433333333333326,25.46666666666667,15.100000000000005,28.47142857142857,1.4985707476508376,22.285714285714285,24.928571428571427,44.9,28.985714285714288,1.5825282317852263,22.414285714285715,25.349999999999998,79.8,-1.0,-1.8369701987210297e-16,8.100000000000001,830.0
2025-09-19,30.3,22.0,25.5,16.2,11.2,82,4,9,262,3,2025,30.0,21.9,25.8,28.8,22.5,25.4,29.4,22.9,25.2,25.7,21.9,23.8,29.1,22.2,25.5,27.5,22.7,24.6,29.700000000000003,0.7937253933193645,22.133333333333326,25.566666666666663,23.700000000000003,29.12857142857143,1.0094788848946272,22.300000000000004,25.17142857142857,54.5,29.071428571428573,1.6212191857837421,22.400000000000002,25.349999999999998,95.39999999999999,-1.0,-1.8369701987210297e-16,8.3,918.4
2025-09-20,30.0,21.9,25.7,2.2,11.6,82,5,9,263,3,2025,30.3,22.0,25.5,30.0,21.9,25.8,28.8,22.5,25.4,27.2,22.5,24.1,28.9,22.8,25.6,29.4,22.4,25.8,30.100000000000005,0.17320508075683472,21.933333333333326,25.666666666666668,24.700000000000003,29.52857142857143,0.5822779568626016,22.214285714285715,25.400000000000002,45.199999999999996,29.150000000000002,1.6388316663925142,22.335714285714285,25.357142857142858,97.4,-1.0,-1.8369701987210297e-16,8.100000000000001,951.1999999999999
2025-09-21,29.7,22.4,25.4,9.3,11.6,84,6,9,264,3,2025,30.0,21.9,25.7,30.3,22.0,25.5,30.0,21.9,25.8,29.3,21.7,25.0,29.3,22.6,25.6,28.9,22.7,25.6,30.0,0.2999999999999699,22.099999999999994,25.53333333333333,27.700000000000003,29.58571428571429,0.5756983337035432,22.314285714285713,25.457142857142856,47.3,29.178571428571427,1.6451226615150008,22.321428571428573,25.342857142857145,106.7,-1.0,-1.8369701987210297e-16,7.300000000000001,974.4
2025-09-22,28.4,22.4,24.7,6.8,11.7,87,0,9,265,3,2025,29.7,22.4,25.4,30.0,21.9,25.7,30.3,22.0,25.5,28.9,22.6,25.2,30.0,22.7,26.2,28.8,22.4,25.3,29.36666666666667,0.8504900548115292,22.23333333333333,25.266666666666666,18.300000000000004,29.514285714285712,0.6938505396906738,22.285714285714285,25.38571428571429,49.6,29.064285714285713,1.6392339406227425,22.3,25.235714285714288,113.0,-1.0,-1.8369701987210297e-16,6.0,1017.9
2025-09-23,28.7,22.7,24.7,10.2,16.8,86,1,9,266,3,2025,28.4,22.4,24.7,29.7,22.4,25.4,30.0,21.9,25.7,29.4,22.9,25.2,31.8,22.2,27.2,29.2,22.2,25.6,28.933333333333337,0.6806859285553938,22.49999999999999,24.933333333333334,26.300000000000004,29.414285714285715,0.7603257447276859,22.257142857142856,25.314285714285713,52.2,28.842857142857138,1.4383293116643732,22.335714285714285,25.057142857142853,122.3,-1.0,-1.8369701987210297e-16,6.0,1444.8
2025-09-24,28.3,22.5,25.0,0.0,19.1,80,2,9,267,3,2025,28.7,22.7,24.7,28.4,22.4,24.7,29.7,22.4,25.4,28.8,22.5,25.4,30.7,22.6,26.1,29.4,21.9,25.6,28.46666666666667,0.20816659994658115,22.53333333333333,24.8,17.000000000000004,29.342857142857145,0.8462803768202066,22.257142857142856,25.257142857142856,51.0,28.67142857142857,1.339591540174554,22.328571428571426,24.978571428571428,110.1,-1.0,-1.8369701987210297e-16,5.800000000000001,1528.0
2025-09-25,25.7,22.2,23.6,6.0,18.0,84,3,9,268,3,2025,28.3,22.5,25.0,28.7,22.7,24.7,28.4,22.4,24.7,30.0,21.9,25.8,26.7,22.7,24.2,26.7,22.7,24.2,27.566666666666666,1.6289055630494143,22.466666666666658,24.433333333333334,16.200000000000003,28.728571428571428,1.5542568274628183,22.299999999999994,24.942857142857143,50.7,28.599999999999998,1.4728308691878114,22.29285714285714,24.935714285714287,95.6,-1.0,-1.8369701987210297e-16,3.5,1512.0
2025-09-26,27.7,21.7,23.7,16.9,17.8,88,4,9,269,3,2025,25.7,22.2,23.6,28.3,22.5,25.0,28.7,22.7,24.7,30.3,22.0,25.5,25.7,21.9,23.8,26.7,22.2,23.3,27.233333333333334,1.3613718571108093,22.133333333333326,24.099999999999998,22.900000000000002,28.357142857142858,1.421099507256379,22.257142857142856,24.685714285714287,51.39999999999999,28.74285714285714,1.2500549438481037,22.27857142857143,24.928571428571427,105.9,-1.0,-1.8369701987210297e-16,6.0,1566.4
2025-09-27,25.1,22.0,23.4,10.5,14.5,92,5,9,270,3,2025,27.7,21.7,23.7,25.7,22.2,23.6,28.3,22.5,25.0,30.0,21.9,25.7,27.2,22.5,24.1,26.5,21.8,23.7,26.166666666666668,1.3613718571108135,21.966666666666658,23.566666666666663,33.400000000000006,27.657142857142855,1.6631868434397317,22.271428571428572,24.357142857142858,59.7,28.592857142857145,1.5414599901069943,22.24285714285714,24.878571428571426,104.9,-1.0,-1.8369701987210297e-16,3.1000000000000014,1334.0
2025-09-28,27.1,21.7,23.9,3.3,19.2,82,6,9,271,3,2025,25.1,22.0,23.4,27.7,21.7,23.7,25.7,22.2,23.6,29.7,22.4,25.4,29.3,21.7,25.0,28.6,21.8,24.9,26.633333333333336,1.3613718571108115,21.799999999999994,23.666666666666668,30.700000000000003,27.285714285714285,1.4005101111484808,22.17142857142857,24.142857142857142,53.7,28.435714285714287,1.5755864074922434,22.242857142857144,24.8,101.0,-1.0,-1.8369701987210297e-16,5.400000000000002,1574.3999999999999
2025-09-29,29.2,21.6,25.0,0.0,14.8,76,0,9,272,3,2025,27.1,21.7,23.9,25.1,22.0,23.4,27.7,21.7,23.7,28.4,22.4,24.7,28.9,22.6,25.2,29.6,22.5,25.8,27.133333333333336,2.050203241957571,21.766666666666662,24.099999999999998,13.800000000000004,27.400000000000002,1.53297097167577,22.057142857142853,24.185714285714283,46.9,28.457142857142856,1.5844019913934253,22.17142857142857,24.785714285714285,96.5,-1.0,-1.8369701987210297e-16,7.599999999999998,1124.8
2025-09-30,28.4,22.1,25.2,0.1,13.6,79,1,9,273,3,2025,29.2,21.6,25.0,27.1,21.7,23.9,25.1,22.0,23.4,28.7,22.7,24.7,29.4,22.9,25.2,28.0,22.9,25.0,28.233333333333334,1.0598742063723066,21.799999999999997,24.7,3.4000000000000035,27.357142857142858,1.4942747882694465,21.97142857142857,24.25714285714286,36.800000000000004,28.385714285714283,1.5609943294916524,22.114285714285717,24.785714285714285,89.0,-1.0,-1.8369701987210297e-16,6.299999999999997,1074.3999999999999
2025-10-01,29.2,22.4,25.4,0.2,16.4,75,2,10,274,4,2025,28.4,22.1,25.2,29.2,21.6,25.0,27.1,21.7,23.9,28.3,22.5,25.0,28.8,22.5,25.4,27.9,22.7,24.8,28.933333333333337,0.46188021535168705,22.033333333333328,25.2,0.3000000000000036,27.485714285714288,1.622167861668182,21.957142857142856,24.314285714285713,36.99999999999999,28.41428571428571,1.572776644545615,22.107142857142858,24.78571428571428,88.0,-0.8660254037844386,0.5000000000000001,6.800000000000001,1230.0
2025-10-02,27.9,23.0,25.1,0.0,13.5,78,3,10,275,4,2025,29.2,22.4,25.4,28.4,22.1,25.2,29.2,21.6,25.0,25.7,22.2,23.6,30.0,21.9,25.8,27.0,22.7,24.3,28.5,0.6557438524301947,22.499999999999996,25.233333333333334,0.3000000000000036,27.8,1.418919776919707,22.071428571428573,24.528571428571432,31.0,28.264285714285712,1.508747388173548,22.185714285714283,24.735714285714288,81.7,-0.8660254037844386,0.5000000000000001,4.899999999999999,1053.0
2025-10-03,29.7,23.0,25.8,0.0,15.9,76,4,10,276,4,2025,27.9,23.0,25.1,29.2,22.4,25.4,28.4,22.1,25.2,27.7,21.7,23.7,30.3,22.0,25.5,28.8,22.2,24.9,28.933333333333337,0.9291573243177504,22.799999999999994,25.433333333333334,0.20000000000000356,28.085714285714285,1.5868507296200756,22.25714285714286,24.828571428571426,14.1,28.221428571428568,1.4540016778266485,22.257142857142856,24.75714285714286,65.5,-0.8660254037844386,0.5000000000000001,6.699999999999999,1208.4
2025-10-04,29.7,23.6,26.0,0.8,11.6,79,5,10,277,4,2025,29.7,23.0,25.8,27.9,23.0,25.1,29.2,22.4,25.4,25.1,22.0,23.4,30.0,21.9,25.7,29.4,22.1,25.4,29.100000000000005,1.03923048454132,23.2,25.633333333333336,0.8000000000000036,28.74285714285714,0.9812528434902243,22.485714285714288,25.199999999999996,4.4,28.199999999999996,1.4277470148676104,22.37857142857143,24.77857142857143,64.1,-0.8660254037844386,0.5000000000000001,6.099999999999998,916.4
2025-10-05,29.6,22.3,25.4,2.3,12.4,80,6,10,278,4,2025,29.7,23.6,26.0,29.7,23.0,25.8,27.9,23.0,25.1,27.1,21.7,23.9,29.7,22.4,25.4,29.1,22.2,25.5,29.666666666666668,0.05773502691896186,22.966666666666665,25.73333333333333,3.100000000000003,29.099999999999998,0.6976149845489009,22.571428571428573,25.414285714285715,3.4,28.192857142857143,1.4198939753026412,22.37142857142857,24.77857142857143,57.1,-0.8660254037844386,0.5000000000000001,7.300000000000001,992.0
2025-10-06,29.6,21.5,24.6,10.2,12.2,82,0,10,279,4,2025,29.6,22.3,25.4,29.7,23.6,26.0,29.7,23.0,25.8,29.2,21.6,25.0,28.4,22.4,24.7,28.9,22.8,25.6,29.633333333333336,0.05773502691896314,22.466666666666665,25.333333333333332,13.300000000000002,29.157142857142855,0.7230886134199859,22.557142857142853,25.357142857142858,13.6,28.27857142857143,1.468740209226813,22.307142857142857,24.771428571428572,60.5,-0.8660254037844386,0.5000000000000001,8.100000000000001,1000.4
2025-10-07,28.5,21.8,24.7,3.4,9.5,82,1,10,280,4,2025,29.6,21.5,24.6,29.6,22.3,25.4,29.7,23.6,26.0,28.4,22.1,25.2,28.7,22.7,24.7,29.3,22.6,25.6,29.233333333333338,0.6350852961085892,21.86666666666666,24.900000000000002,15.900000000000002,29.17142857142857,0.7064330251680716,22.514285714285712,25.285714285714285,16.9,28.264285714285716,1.4652944796489662,22.24285714285714,24.771428571428572,53.699999999999996,-0.8660254037844386,0.5000000000000001,6.699999999999999,779.0
2025-10-08,30.4,22.7,25.9,0.7,9.5,75,2,10,281,4,2025,28.5,21.8,24.7,29.6,21.5,24.6,29.6,22.3,25.4,29.2,22.4,25.4,28.3,22.5,25.0,30.0,22.7,26.2,29.5,0.953939201416945,21.999999999999996,25.066666666666666,14.300000000000002,29.342857142857145,0.8462803768202138,22.557142857142853,25.357142857142858,17.400000000000002,28.414285714285715,1.5727766445456155,22.25714285714286,24.835714285714285,54.4,-0.8660254037844386,0.5000000000000001,7.699999999999999,712.5
2025-10-09,29.2,22.0,25.8,1.1,8.4,76,3,10,282,4,2025,30.4,22.7,25.9,28.5,21.8,24.7,29.6,21.5,24.6,27.9,23.0,25.1,25.7,22.2,23.6,31.8,22.2,27.2,29.36666666666667,0.9609023536933043,22.16666666666666,25.46666666666667,5.200000000000004,29.52857142857143,0.5765248931151468,22.41428571428571,25.457142857142856,18.5,28.664285714285715,1.3737131840706973,22.242857142857144,24.99285714285714,49.5,-0.8660254037844386,0.5000000000000001,7.199999999999999,638.4
2025-10-10,30.7,22.8,26.3,0.0,9.7,60,4,10,283,4,2025,29.2,22.0,25.8,30.4,22.7,25.9,28.5,21.8,24.7,29.7,23.0,25.8,27.7,21.7,23.7,30.7,22.6,26.1,30.100000000000005,0.7937253933193752,22.499999999999996,26.0,1.8000000000000036,29.67142857142857,0.7296444013226069,22.385714285714283,25.528571428571432,18.5,28.87857142857143,1.4439148554855332,22.321428571428573,25.178571428571427,32.6,-0.8660254037844386,0.5000000000000001,7.899999999999999,582.0
2025-10-11,30.8,21.8,26.1,0.0,12.9,57,5,10,284,4,2025,30.7,22.8,26.3,29.2,22.0,25.8,30.4,22.7,25.9,29.7,23.6,26.0,25.1,22.0,23.4,26.7,22.7,24.2,30.233333333333334,0.8962886439832486,22.2,26.066666666666666,1.1000000000000036,29.82857142857143,0.8459989868284437,22.12857142857143,25.542857142857144,17.7,29.285714285714285,1.0450301010447156,22.307142857142857,25.371428571428574,22.099999999999998,-0.8660254037844386,0.5000000000000001,9.0,735.3000000000001
2025-10-12,31.4,22.3,26.9,0.0,9.4,57,6,10,285,4,2025,30.8,21.8,26.1,30.7,22.8,26.3,29.2,22.0,25.8,29.6,22.3,25.4,27.1,21.7,23.9,25.7,21.9,23.8,30.96666666666667,0.3785938897200122,22.299999999999997,26.433333333333334,0.0,30.085714285714285,1.020504077125138,22.12857142857143,25.75714285714286,15.399999999999999,29.592857142857138,0.9832945295635919,22.349999999999998,25.585714285714285,18.799999999999997,-0.8660254037844386,0.5000000000000001,9.099999999999998,535.8000000000001
2025-10-13,28.1,23.7,25.5,0.2,10.4,70,0,10,286,4,2025,31.4,22.3,26.9,30.8,21.8,26.1,30.7,22.8,26.3,29.6,21.5,24.6,29.2,21.6,25.0,27.2,22.5,24.1,30.100000000000005,1.757839583124691,22.599999999999994,26.166666666666668,0.20000000000000356,29.87142857142857,1.2671678206594224,22.442857142857147,25.88571428571429,5.4,29.514285714285712,1.0581966829383793,22.5,25.62142857142857,18.999999999999996,-0.8660254037844386,0.5000000000000001,4.400000000000002,728.0
2025-10-14,28.9,22.5,24.9,2.1,12.5,82,1,10,287,4,2025,28.1,23.7,25.5,31.4,22.3,26.9,30.8,21.8,26.1,28.5,21.8,24.7,28.4,22.1,25.2,29.3,21.7,25.0,29.46666666666667,1.7214335111567094,22.83333333333333,25.766666666666666,2.300000000000004,29.928571428571427,1.2023785950002388,22.542857142857144,25.91428571428571,4.1,29.55,1.025633012789974,22.52857142857143,25.599999999999998,21.0,-0.8660254037844386,0.5000000000000001,6.399999999999999,1025.0
2025-10-15,29.7,22.3,25.7,0.7,13.0,75,2,10,288,4,2025,28.9,22.5,24.9,28.1,23.7,25.5,31.4,22.3,26.9,30.4,22.7,25.9,29.2,22.4,25.4,28.9,22.6,25.2,28.900000000000002,0.7999999999999905,22.83333333333333,25.366666666666664,3.0000000000000036,29.828571428571426,1.185628224071421,22.485714285714288,25.88571428571429,4.1,29.58571428571429,1.0212037714671336,22.521428571428572,25.621428571428574,21.499999999999996,-0.8660254037844386,0.5000000000000001,7.399999999999999,975.0
2025-10-16,31.0,22.6,26.8,0.0,13.9,66,3,10,289,4,2025,29.7,22.3,25.7,28.9,22.5,24.9,28.1,23.7,25.5,29.2,22.0,25.8,27.9,23.0,25.1,29.4,22.9,25.2,29.86666666666667,1.0598742063723061,22.466666666666665,25.8,2.8000000000000034,30.085714285714285,1.2212405870380447,22.571428571428573,26.02857142857143,3.0,29.807142857142857,0.9619405752598135,22.492857142857144,25.74285714285714,21.499999999999996,-0.8660254037844386,0.5000000000000001,8.399999999999999,917.4
2025-10-17,31.2,22.7,26.9,0.7,14.0,65,4,10,290,4,2025,31.0,22.6,26.8,29.7,22.3,25.7,28.9,22.5,24.9,30.7,22.8,26.3,29.7,23.0,25.8,28.8,22.5,25.4,30.633333333333336,0.8144527815247068,22.53333333333333,26.466666666666665,1.4000000000000035,30.157142857142855,1.2765280292748236,22.557142857142857,26.11428571428571,3.7,29.914285714285715,1.030203223310901,22.47142857142857,25.821428571428573,22.199999999999996,-0.8660254037844386,0.5000000000000001,8.5,910.0
2025-10-18,31.7,22.6,27.1,0.0,11.2,60,5,10,291,4,2025,31.2,22.7,26.9,31.0,22.6,26.8,29.7,22.3,25.7,30.8,21.8,26.1,29.7,23.6,26.0,30.0,21.9,25.8,31.3,0.3605551275464055,22.63333333333333,26.933333333333334,0.7000000000000035,30.285714285714285,1.3921548901238283,22.67142857142857,26.257142857142856,3.7,30.057142857142857,1.1318563959709556,22.400000000000002,25.9,21.4,-0.8660254037844386,0.5000000000000001,9.099999999999998,672.0
2025-10-19,31.1,22.5,26.2,1.3,13.8,68,6,10,292,4,2025,31.7,22.6,27.1,31.2,22.7,26.9,31.0,22.6,26.8,31.4,22.3,26.9,29.6,22.3,25.4,30.3,22.0,25.5,31.333333333333332,0.3214550253664395,22.599999999999994,26.733333333333334,2.0000000000000036,30.24285714285714,1.3562904591289662,22.7,26.157142857142855,5.0,30.164285714285715,1.1559925091972347,22.414285714285715,25.95714285714286,20.4,-0.8660254037844386,0.5000000000000001,8.600000000000001,938.4000000000001
2025-10-20,29.8,22.6,25.7,10.8,9.4,74,0,10,293,4,2025,31.1,22.5,26.2,31.7,22.6,27.1,31.2,22.7,26.9,28.1,23.7,25.5,29.6,21.5,24.6,30.0,21.9,25.7,30.86666666666667,0.9712534856222329,22.566666666666663,26.333333333333332,12.100000000000005,30.485714285714288,1.0188695883653036,22.54285714285714,26.185714285714283,15.600000000000001,30.178571428571427,1.1497013467916881,22.49285714285714,26.035714285714285,21.0,-0.8660254037844386,0.5000000000000001,7.199999999999999,695.6
2025-10-21,30.4,22.8,25.4,2.2,14.7,77,1,10,294,4,2025,29.8,22.6,25.7,31.1,22.5,26.2,31.7,22.6,27.1,28.9,22.5,24.9,28.5,21.8,24.7,29.7,22.4,25.4,30.433333333333337,0.6506407098647757,22.63333333333333,25.766666666666666,14.300000000000004,30.7,0.752772652709372,22.585714285714285,26.25714285714286,15.700000000000003,30.314285714285717,1.0435568930405257,22.564285714285717,26.085714285714285,19.8,-0.8660254037844386,0.5000000000000001,7.599999999999998,1131.8999999999999
2025-10-22,29.8,22.6,25.1,5.1,15.5,81,2,10,295,4,2025,30.4,22.8,25.4,29.8,22.6,25.7,31.1,22.5,26.2,29.7,22.3,25.7,30.4,22.7,25.9,28.4,22.4,24.7,30.0,0.34641016151378323,22.66666666666666,25.400000000000002,18.100000000000005,30.714285714285715,0.731274165250176,22.62857142857143,26.17142857142857,20.1,30.271428571428572,1.0520518935939434,22.557142857142857,26.028571428571432,24.2,-0.8660254037844386,0.5000000000000001,7.199999999999999,1255.5
2025-10-23,26.7,22.5,23.7,5.5,17.3,89,3,10,296,4,2025,29.8,22.6,25.1,30.4,22.8,25.4,29.8,22.6,25.7,31.0,22.6,26.8,29.2,22.0,25.8,28.7,22.7,24.7,28.96666666666667,1.9857828011475338,22.63333333333333,24.73333333333333,12.800000000000004,30.1,1.6633299933167556,22.614285714285717,25.72857142857143,25.6,30.092857142857145,1.401902161468882,22.592857142857145,25.87857142857143,28.6,-0.8660254037844386,0.5000000000000001,4.199999999999999,1539.7
2025-10-24,25.7,21.9,23.3,12.0,10.8,91,4,10,297,4,2025,26.7,22.5,23.7,29.8,22.6,25.1,30.4,22.8,25.4,31.2,22.7,26.9,30.7,22.8,26.3,28.3,22.5,25.0,27.400000000000002,2.1377558326432013,22.33333333333333,24.033333333333335,22.600000000000005,29.314285714285713,2.251983252919311,22.5,25.214285714285715,36.900000000000006,29.735714285714288,1.8121840383946985,22.52857142857143,25.664285714285715,40.6,-0.8660254037844386,0.5000000000000001,3.8000000000000007,982.8000000000001
2025-10-25,27.0,21.6,23.4,20.4,10.0,89,5,10,298,4,2025,25.7,21.9,23.3,26.7,22.5,23.7,29.8,22.6,25.1,31.7,22.6,27.1,30.8,21.8,26.1,25.7,22.2,23.6,26.46666666666667,0.680685928555427,21.999999999999996,23.466666666666665,37.900000000000006,28.642857142857142,2.118849642972407,22.357142857142858,24.685714285714287,57.3,29.464285714285715,1.921780881953857,22.514285714285716,25.471428571428568,61.0,-0.8660254037844386,0.5000000000000001,5.399999999999999,890.0
2025-10-26,28.0,21.6,24.4,1.0,10.9,84,6,10,299,4,2025,27.0,21.6,23.4,25.7,21.9,23.3,26.7,22.5,23.7,31.1,22.5,26.2,31.4,22.3,26.9,27.7,21.7,23.7,26.900000000000002,1.1532562594670919,21.699999999999992,23.7,33.400000000000006,28.2,1.8230011885168451,22.22857142857143,24.428571428571427,57.0,29.22142857142857,1.8725460131676894,22.464285714285715,25.292857142857144,62.0,-0.8660254037844386,0.5000000000000001,6.399999999999999,915.6
2025-10-27,28.8,21.3,24.9,2.3,7.0,79,0,10,300,4,2025,28.0,21.6,24.4,27.0,21.6,23.4,25.7,21.9,23.3,29.8,22.6,25.7,28.1,23.7,25.5,25.1,22.0,23.4,27.933333333333337,0.90184995056459,21.5,24.233333333333334,23.700000000000003,28.057142857142857,1.7125586538444872,22.042857142857144,24.314285714285713,48.5,29.271428571428572,1.8495024575979802,22.292857142857144,25.25,64.1,-0.8660254037844386,0.5000000000000001,7.5,553.0
2025-10-28,27.8,22.0,23.5,16.8,16.2,89,1,10,301,4,2025,28.8,21.3,24.9,28.0,21.6,24.4,27.0,21.6,23.4,30.4,22.8,25.4,28.9,22.5,24.9,27.1,21.7,23.9,28.200000000000003,0.5291502622129337,21.633333333333326,24.266666666666666,20.100000000000005,27.685714285714283,1.3667828057506972,21.928571428571427,24.04285714285714,63.099999999999994,29.192857142857147,1.8894298227102,22.25714285714286,25.150000000000002,78.80000000000001,-0.8660254037844386,0.5000000000000001,5.800000000000001,1441.8
2025-10-29,23.8,21.7,22.5,26.7,18.2,91,2,10,302,4,2025,27.8,22.0,23.5,28.8,21.3,24.9,28.0,21.6,24.4,29.8,22.6,25.1,29.7,22.3,25.7,29.2,21.6,25.0,26.8,2.645751311064596,21.66666666666666,23.633333333333336,45.800000000000004,26.82857142857143,1.6680470474124773,21.800000000000004,23.67142857142857,84.7,28.77142857142857,2.365595898721014,22.214285714285715,24.92142857142857,104.8,-0.8660254037844386,0.5000000000000001,2.1000000000000014,1656.2
2025-10-30,28.4,22.3,24.8,0.2,19.5,74,3,10,303,4,2025,23.8,21.7,22.5,27.8,22.0,23.5,28.8,21.3,24.9,26.7,22.5,23.7,31.0,22.6,26.8,28.4,22.1,25.2,26.66666666666667,2.5006665778014794,21.999999999999996,23.599999999999998,43.70000000000001,27.071428571428573,1.767026019158031,21.771428571428572,23.82857142857143,79.4,28.585714285714285,2.2776023637751805,22.192857142857143,24.778571428571432,105.0,-0.8660254037844386,0.5000000000000001,6.099999999999998,1443.0
2025-10-31,28.5,20.9,24.4,0.0,14.3,71,4,10,304,4,2025,28.4,22.3,24.8,23.8,21.7,22.5,27.8,22.0,23.5,25.7,21.9,23.3,31.2,22.7,26.9,29.2,22.4,25.4,26.900000000000002,2.6851443164195157,21.633333333333326,23.899999999999995,26.900000000000002,27.47142857142857,1.7211568645482225,21.62857142857143,23.985714285714288,67.4,28.392857142857142,2.14994249859259,22.064285714285713,24.599999999999998,104.3,-0.8660254037844386,0.5000000000000001,7.600000000000001,1015.3000000000001
2025-11-01,28.7,22.0,25.2,0.1,9.0,80,5,11,305,4,2025,28.5,20.9,24.4,28.4,22.3,24.8,23.8,21.7,22.5,27.0,21.6,23.4,31.7,22.6,27.1,27.9,23.0,25.1,28.533333333333335,0.1527525231652609,21.73333333333333,24.799999999999997,0.3000000000000036,27.714285714285715,1.762979080447567,21.685714285714287,24.24285714285714,47.099999999999994,28.178571428571427,1.9335812017440872,22.02142857142857,24.464285714285715,104.39999999999999,-0.5000000000000004,0.8660254037844384,6.699999999999999,720.0
2025-11-02,29.1,22.5,25.0,0.4,13.8,81,6,11,306,4,2025,28.7,22.0,25.2,28.5,20.9,24.4,28.4,22.3,24.8,28.0,21.6,24.4,31.1,22.5,26.2,29.7,23.0,25.8,28.76666666666667,0.30550504633042114,21.799999999999994,24.866666666666664,0.5000000000000036,27.87142857142857,1.8400310556386796,21.814285714285713,24.328571428571426,46.5,28.035714285714285,1.7679223542201514,22.02142857142857,24.378571428571426,103.5,-0.5000000000000004,0.8660254037844384,6.600000000000001,1117.8
2025-11-03,28.8,22.4,25.4,1.0,12.6,81,0,11,307,4,2025,29.1,22.5,25.0,28.7,22.0,25.2,28.5,20.9,24.4,28.8,21.3,24.9,29.8,22.6,25.7,29.7,23.6,26.0,28.86666666666667,0.20816659994665768,22.299999999999994,25.2,1.5000000000000036,27.87142857142857,1.8400310556386796,21.97142857142857,24.400000000000002,45.2,27.964285714285715,1.71042376344324,22.00714285714286,24.357142857142858,93.7,-0.5000000000000004,0.8660254037844384,6.400000000000002,1020.6
2025-11-04,28.2,22.3,24.3,1.6,10.1,85,1,11,308,4,2025,28.8,22.4,25.4,29.1,22.5,25.0,28.7,22.0,25.2,27.8,22.0,23.5,30.4,22.8,25.4,29.6,22.3,25.4,28.700000000000003,0.45825756949560625,22.399999999999995,24.899999999999995,3.0000000000000036,27.928571428571427,1.8436506228263876,22.014285714285712,24.514285714285716,30.0,27.807142857142857,1.5642468257503503,21.97142857142857,24.27857142857143,93.1,-0.5000000000000004,0.8660254037844384,5.899999999999999,858.5
2025-11-05,29.7,21.7,25.2,0.0,9.7,74,2,11,309,4,2025,28.2,22.3,24.3,28.8,22.4,25.4,29.1,22.5,25.0,23.8,21.7,22.5,29.8,22.6,25.1,29.6,21.5,24.6,28.900000000000002,0.7549834435270868,22.133333333333326,24.966666666666665,2.6000000000000036,28.771428571428572,0.5023753102825104,22.014285714285712,24.900000000000002,3.3000000000000003,27.8,1.5546456435229838,21.907142857142855,24.285714285714285,88.0,-0.5000000000000004,0.8660254037844384,8.0,717.8
2025-11-06,28.7,21.7,25.0,0.0,8.5,65,3,11,310,4,2025,29.7,21.7,25.2,28.2,22.3,24.3,28.8,22.4,25.4,28.4,22.3,24.8,26.7,22.5,23.7,28.5,21.8,24.7,28.86666666666667,0.7637626158259853,21.899999999999995,24.833333333333332,1.6000000000000036,28.814285714285713,0.4775931721619703,21.928571428571427,24.928571428571427,3.1,27.942857142857143,1.5375876639000827,21.849999999999998,24.37857142857143,82.5,-0.5000000000000004,0.8660254037844384,7.0,552.5
2025-11-07,29.5,21.6,25.0,0.0,9.9,58,4,11,311,4,2025,28.7,21.7,25.0,29.7,21.7,25.2,28.2,22.3,24.3,28.5,20.9,24.4,25.7,21.9,23.3,30.4,22.7,25.9,29.3,0.5291502622129333,21.66666666666666,25.066666666666666,0.0,28.957142857142856,0.5159365040302618,22.02857142857143,25.014285714285712,3.1,28.214285714285715,1.4437436075693784,21.82857142857143,24.5,70.5,-0.5000000000000004,0.8660254037844384,7.899999999999999,574.2
2025-11-08,28.9,20.3,24.2,0.0,8.9,50,5,11,312,4,2025,29.5,21.6,25.0,28.7,21.7,25.0,29.7,21.7,25.2,28.7,22.0,25.2,27.0,21.6,23.4,29.2,22.0,25.8,29.03333333333333,0.4163331998932474,21.199999999999996,24.73333333333333,0.0,28.985714285714288,0.5047394424476814,21.785714285714285,24.87142857142857,3.0000000000000004,28.349999999999998,1.4097190118280685,21.735714285714284,24.557142857142857,50.1,-0.5000000000000004,0.8660254037844384,8.599999999999998,445.0
2025-11-09,28.0,18.3,23.3,0.0,8.3,54,6,11,313,4,2025,28.9,20.3,24.2,29.5,21.6,25.0,28.7,21.7,25.0,29.1,22.5,25.0,28.0,21.6,24.4,30.7,22.8,26.3,28.8,0.7549834435270867,20.066666666666663,24.166666666666668,0.0,28.82857142857143,0.6210590034085168,21.185714285714287,24.62857142857143,2.6,28.349999999999998,1.4097190118280685,21.5,24.478571428571428,49.1,-0.5000000000000004,0.8660254037844384,9.7,448.20000000000005
2025-11-10,28.8,18.0,23.5,0.0,6.5,51,0,11,314,4,2025,28.0,18.3,23.3,28.9,20.3,24.2,29.5,21.6,25.0,28.8,22.4,25.4,28.8,21.3,24.9,30.8,21.8,26.1,28.566666666666666,0.4932882862316434,18.86666666666666,23.666666666666668,0.0,28.828571428571426,0.6210590034085168,20.557142857142857,24.357142857142858,1.6,28.349999999999998,1.4097190118280685,21.264285714285712,24.37857142857143,46.800000000000004,-0.5000000000000004,0.8660254037844384,10.8,331.5
2025-11-11,29.3,19.2,24.2,0.0,9.7,49,1,11,315,4,2025,28.8,18.0,23.5,28.0,18.3,23.3,28.9,20.3,24.2,28.2,22.3,24.3,27.8,22.0,23.5,31.4,22.3,26.9,28.700000000000003,0.655743852430214,18.499999999999996,23.666666666666668,0.0,28.985714285714288,0.5727959829605382,20.11428571428571,24.342857142857138,0.0,28.457142857142856,1.421653579850132,21.064285714285713,24.428571428571427,30.0,-0.5000000000000004,0.8660254037844384,10.100000000000001,475.29999999999995
2025-11-12,29.5,19.3,24.1,0.0,9.3,48,2,11,316,4,2025,29.3,19.2,24.2,28.8,18.0,23.5,28.0,18.3,23.3,29.7,21.7,25.2,23.8,21.7,22.5,28.1,23.7,25.5,29.200000000000003,0.3605551275464185,18.83333333333333,23.933333333333337,0.0,28.957142857142856,0.5349677337849154,19.771428571428572,24.185714285714287,0.0,28.864285714285717,0.507796359635302,20.892857142857142,24.542857142857144,3.3000000000000003,-0.5000000000000004,0.8660254037844384,10.2,446.40000000000003
2025-11-13,29.0,18.7,23.4,0.0,9.8,45,3,11,317,4,2025,29.5,19.3,24.1,29.3,19.2,24.2,28.8,18.0,23.5,28.7,21.7,25.0,28.4,22.3,24.8,28.9,22.5,24.9,29.26666666666667,0.25166114784238564,19.066666666666663,23.900000000000002,0.0,29.0,0.5228129047124069,19.342857142857145,23.957142857142856,0.0,28.907142857142855,0.4906264217467297,20.635714285714283,24.442857142857143,3.1,-0.5000000000000004,0.8660254037844384,10.3,441.00000000000006
2025-11-14,28.2,16.4,22.4,0.0,8.9,50,4,11,318,4,2025,29.0,18.7,23.4,29.5,19.3,24.1,29.3,19.2,24.2,29.5,21.6,25.0,28.5,20.9,24.4,29.7,22.3,25.7,28.900000000000002,0.6557438524302129,18.13333333333333,23.3,0.0,28.814285714285713,0.5459809869361144,18.6,23.585714285714285,0.0,28.885714285714283,0.5156879540340107,20.314285714285717,24.3,3.1,-0.5000000000000004,0.8660254037844384,11.8,445.0
2025-11-15,27.8,16.7,22.4,0.0,8.4,52,5,11,319,4,2025,28.2,16.4,22.4,29.0,18.7,23.4,29.5,19.3,24.1,28.9,20.3,24.2,28.7,22.0,25.2,31.0,22.6,26.8,28.333333333333332,0.6110100926607943,17.266666666666662,22.73333333333333,0.0,28.657142857142855,0.6629659188256272,18.085714285714285,23.32857142857143,0.0,28.821428571428573,0.5911898971626828,19.935714285714287,24.1,3.0000000000000004,-0.5000000000000004,0.8660254037844384,11.100000000000001,436.8
2025-11-16,27.9,17.1,22.4,0.0,9.8,48,6,11,320,4,2025,27.8,16.7,22.4,28.2,16.4,22.4,29.0,18.7,23.4,28.0,18.3,23.3,29.1,22.5,25.0,31.2,22.7,26.9,27.96666666666667,0.2081665999466655,16.73333333333333,22.4,0.0,28.642857142857142,0.6803360514169757,17.914285714285715,23.199999999999996,0.0,28.735714285714284,0.6331935453996747,19.550000000000004,23.914285714285715,2.6,-0.5000000000000004,0.8660254037844384,10.799999999999997,470.40000000000003
2025-11-17,27.7,17.4,22.3,0.0,10.7,45,0,11,321,4,2025,27.9,17.1,22.4,27.8,16.7,22.4,28.2,16.4,22.4,28.8,18.0,23.5,28.8,22.4,25.4,31.7,22.6,27.1,27.8,0.10000000000011328,17.066666666666663,22.366666666666664,0.0,28.485714285714288,0.7603257447277052,17.82857142857143,23.02857142857143,0.0,28.657142857142862,0.690277854552262,19.192857142857143,23.692857142857143,1.6,-0.5000000000000004,0.8660254037844384,10.3,481.49999999999994
2025-11-18,29.1,17.3,23.1,0.0,8.9,45,1,11,322,4,2025,27.7,17.4,22.3,27.9,17.1,22.4,27.8,16.7,22.4,29.3,19.2,24.2,28.2,22.3,24.3,31.1,22.5,26.2,28.233333333333334,0.7571877794400518,17.266666666666662,22.599999999999998,0.0,28.457142857142856,0.7276838664724616,17.557142857142857,22.87142857142857,0.0,28.721428571428568,0.6863264209147877,18.835714285714285,23.607142857142854,0.0,-0.5000000000000004,0.8660254037844384,11.8,400.5
2025-11-19,29.0,17.4,23.1,0.0,8.3,49,2,11,323,4,2025,29.1,17.3,23.1,27.7,17.4,22.3,27.9,17.1,22.4,29.5,19.3,24.1,29.7,21.7,25.2,29.8,22.6,25.7,28.600000000000005,0.781024967590679,17.366666666666664,22.833333333333332,0.0,28.385714285714283,0.6256425268706358,17.285714285714285,22.72857142857143,0.0,28.67142857142857,0.6329765719685807,18.52857142857143,23.457142857142856,0.0,-0.5000000000000004,0.8660254037844384,11.600000000000001,406.70000000000005
2025-11-20,28.9,16.6,23.0,0.0,8.7,49,3,11,324,4,2025,29.0,17.4,23.1,29.1,17.3,23.1,27.7,17.4,22.3,29.0,18.7,23.4,28.7,21.7,25.0,30.4,22.8,25.4,29.0,0.10000000000009072,17.099999999999998,23.066666666666666,0.0,28.37142857142857,0.6102302453840311,16.985714285714284,22.671428571428574,0.0,28.685714285714287,0.6359210677413958,18.164285714285715,23.314285714285713,0.0,-0.5000000000000004,0.8660254037844384,12.299999999999997,426.29999999999995
2025-11-21,29.7,18.5,24.3,0.0,10.8,57,4,11,325,4,2025,28.9,16.6,23.0,29.0,17.4,23.1,29.1,17.3,23.1,28.2,16.4,22.4,29.5,21.6,25.0,29.8,22.6,25.1,29.200000000000003,0.43588989435408587,17.499999999999996,23.46666666666667,0.0,28.58571428571429,0.7798046153336989,17.285714285714285,22.942857142857143,0.0,28.7,0.6575010968123493,17.942857142857143,23.264285714285712,0.0,-0.5000000000000004,0.8660254037844384,11.2,615.6
2025-11-22,30.5,20.8,25.2,0.0,10.5,63,5,11,326,4,2025,29.7,18.5,24.3,28.9,16.6,23.0,29.0,17.4,23.1,27.8,16.7,22.4,28.9,20.3,24.2,26.7,22.5,23.7,29.700000000000003,0.8000000000000075,18.63333333333333,24.166666666666668,0.0,28.97142857142857,0.970763077368238,17.87142857142857,23.342857142857145,0.0,28.814285714285717,0.815104658554553,17.978571428571428,23.335714285714285,0.0,-0.5000000000000004,0.8660254037844384,9.7,661.5
2025-11-23,31.2,21.0,25.7,0.0,8.8,61,6,11,327,4,2025,30.5,20.8,25.2,29.7,18.5,24.3,28.9,16.6,23.0,27.9,17.1,22.4,28.0,18.3,23.3,25.7,21.9,23.3,30.46666666666667,0.7505553499465156,20.099999999999994,25.066666666666666,0.0,29.442857142857143,1.148705275309689,18.428571428571427,23.814285714285713,0.0,29.042857142857144,0.9974693253161951,18.17142857142857,23.507142857142856,0.0,-0.5000000000000004,0.8660254037844384,10.2,536.8000000000001
2025-11-24,30.2,21.3,25.4,0.0,9.7,54,0,11,328,4,2025,31.2,21.0,25.7,30.5,20.8,25.2,29.7,18.5,24.3,27.7,17.4,22.3,28.8,18.0,23.5,27.0,21.6,23.4,30.633333333333336,0.5131601439446899,21.033333333333328,25.433333333333334,0.0,29.8,0.8717797887084202,18.985714285714288,24.25714285714286,0.0,29.142857142857142,1.0404986125118265,18.407142857142855,23.642857142857142,0.0,-0.5000000000000004,0.8660254037844384,8.899999999999999,523.8
2025-11-25,29.3,19.6,24.4,0.0,9.7,58,1,11,329,4,2025,30.2,21.3,25.4,31.2,21.0,25.7,30.5,20.8,25.2,29.1,17.3,23.1,29.3,19.2,24.2,28.0,21.6,24.4,30.233333333333334,0.9504384952922175,20.63333333333333,25.166666666666668,0.0,29.82857142857143,0.8479667558625851,19.314285714285717,24.442857142857147,0.0,29.142857142857142,1.0404986125118265,18.435714285714287,23.657142857142855,0.0,-0.5000000000000004,0.8660254037844384,9.7,562.5999999999999
2025-11-26,29.0,19.1,24.0,0.0,11.3,61,2,11,330,4,2025,29.3,19.6,24.4,30.2,21.3,25.4,31.2,21.0,25.7,29.0,17.4,23.1,29.5,19.3,24.1,28.8,21.3,24.9,29.5,0.6244997998398419,19.999999999999996,24.599999999999998,0.0,29.82857142857143,0.8479667558625851,19.557142857142857,24.571428571428573,0.0,29.107142857142858,1.0358677415691915,18.42142857142857,23.650000000000002,0.0,-0.5000000000000004,0.8660254037844384,9.899999999999999,689.3000000000001
2025-11-27,28.5,18.7,23.6,0.0,11.1,63,3,11,331,4,2025,29.0,19.1,24.0,29.3,19.6,24.4,30.2,21.3,25.4,28.9,16.6,23.0,29.0,18.7,23.4,27.8,22.0,23.5,28.933333333333337,0.4041451884327412,19.13333333333333,24.0,0.0,29.771428571428572,0.930437685025055,19.857142857142858,24.657142857142855,0.0,29.071428571428573,1.048389659965494,18.42142857142857,23.664285714285715,0.0,-0.5000000000000004,0.8660254037844384,9.8,699.3
2025-11-28,28.1,19.2,23.1,0.0,11.1,52,4,11,332,4,2025,28.5,18.7,23.6,29.0,19.1,24.0,29.3,19.6,24.4,29.7,18.5,24.3,28.2,16.4,22.4,23.8,21.7,22.5,28.533333333333335,0.45092497528229175,18.999999999999996,23.566666666666666,0.0,29.54285714285714,1.1267314717909975,19.95714285714286,24.485714285714288,0.0,29.064285714285717,1.0551027240242745,18.62142857142857,23.714285714285715,0.0,-0.5000000000000004,0.8660254037844384,8.900000000000002,577.1999999999999
2025-11-29,27.0,17.2,22.1,0.0,9.8,51,5,11,333,4,2025,28.1,19.2,23.1,28.5,18.7,23.6,29.0,19.1,24.0,30.5,20.8,25.2,27.8,16.7,22.4,28.4,22.3,24.8,27.86666666666667,0.7767453465154082,18.36666666666666,22.933333333333337,0.0,29.042857142857144,1.3794408805228453,19.442857142857143,24.04285714285714,0.0,29.00714285714286,1.1465428206404396,18.657142857142855,23.692857142857143,0.0,-0.5000000000000004,0.8660254037844384,9.8,499.8
2025-11-30,26.9,19.2,22.7,0.0,9.6,54,6,11,334,4,2025,27.0,17.2,22.1,28.1,19.2,23.1,28.5,18.7,23.6,31.2,21.0,25.7,27.9,17.1,22.4,28.5,20.9,24.4,27.33333333333334,0.6658328118479497,18.533333333333328,22.633333333333336,0.0,28.428571428571427,1.205147689032949,19.185714285714283,23.614285714285717,0.0,28.935714285714287,1.247525022322354,18.807142857142857,23.714285714285715,0.0,-0.5000000000000004,0.8660254037844384,7.699999999999999,518.4
2025-12-01,28.3,19.5,23.4,0.2,10.1,60,0,12,335,4,2025,26.9,19.2,22.7,27.0,17.2,22.1,28.1,19.2,23.1,30.2,21.3,25.4,27.7,17.4,22.3,28.7,22.0,25.2,27.400000000000002,0.7810249675906737,18.63333333333333,22.733333333333334,0.20000000000000356,28.157142857142862,0.9198861213166462,18.928571428571427,23.328571428571426,0.2,28.978571428571428,1.2115968937599393,18.957142857142856,23.79285714285714,0.2,-2.4492935982947064e-16,1.0,8.8,606.0
2025-12-02,28.8,19.0,23.9,0.0,12.4,62,1,12,336,4,2025,28.3,19.5,23.4,26.9,19.2,22.7,27.0,17.2,22.1,29.3,19.6,24.4,29.1,17.3,23.1,29.1,22.5,25.0,28.0,0.9848857801796167,19.23333333333333,23.333333333333332,0.20000000000000356,28.085714285714285,0.8315218406206049,18.842857142857145,23.257142857142856,0.2,28.95714285714286,1.2119369656846484,19.078571428571426,23.85,0.2,-2.4492935982947064e-16,1.0,9.8,768.8000000000001
2025-12-03,28.5,20.3,24.1,0.0,10.2,58,2,12,337,4,2025,28.8,19.0,23.9,28.3,19.5,23.4,26.9,19.2,22.7,29.0,19.1,24.0,29.0,17.4,23.1,28.8,22.4,25.4,28.533333333333335,0.25166114784237803,19.599999999999994,23.799999999999997,0.20000000000000356,28.014285714285712,0.758130532799209,19.014285714285712,23.271428571428572,0.2,28.921428571428574,1.217929246037453,19.285714285714285,23.92142857142857,0.2,-2.4492935982947064e-16,1.0,8.2,591.5999999999999
2025-12-04,28.4,20.8,24.3,0.1,9.4,62,3,12,338,4,2025,28.5,20.3,24.1,28.8,19.0,23.9,28.3,19.5,23.4,28.5,18.7,23.6,28.9,16.6,23.0,28.2,22.3,24.3,28.566666666666666,0.2081665999466374,20.033333333333328,24.100000000000005,0.10000000000000356,28.0,0.7483314773551274,19.314285714285717,23.37142857142857,0.30000000000000004,28.885714285714283,1.225910740167839,19.585714285714285,24.014285714285712,0.30000000000000004,-2.4492935982947064e-16,1.0,7.599999999999998,582.8000000000001
2025-12-05,28.2,19.7,23.6,0.0,11.6,52,4,12,339,4,2025,28.4,20.8,24.3,28.5,20.3,24.1,28.8,19.0,23.9,28.1,19.2,23.1,29.7,18.5,24.3,29.7,21.7,25.2,28.36666666666667,0.15275252316522692,20.266666666666662,24.0,0.10000000000000356,28.014285714285712,0.751506423633499,19.385714285714283,23.442857142857143,0.30000000000000004,28.77857142857143,1.2147671960754762,19.67142857142857,23.964285714285715,0.30000000000000004,-2.4492935982947064e-16,1.0,8.5,603.1999999999999
2025-12-06,28.3,17.9,22.9,0.0,9.2,49,5,12,340,4,2025,28.2,19.7,23.6,28.4,20.8,24.3,28.5,20.3,24.1,27.0,17.2,22.1,30.5,20.8,25.2,28.7,21.7,25.0,28.3,0.10000000000004973,19.466666666666665,23.600000000000005,0.10000000000000356,28.2,0.6055300708199151,19.485714285714288,23.557142857142857,0.30000000000000004,28.62142857142857,1.112985293585689,19.464285714285715,23.8,0.30000000000000004,-2.4492935982947064e-16,1.0,10.400000000000002,450.79999999999995
2025-12-07,29.1,18.8,23.4,0.0,10.6,45,6,12,341,4,2025,28.3,17.9,22.9,28.2,19.7,23.6,28.4,20.8,24.3,26.9,19.2,22.7,31.2,21.0,25.7,29.5,21.6,25.0,28.533333333333335,0.4932882862316354,18.799999999999994,23.3,0.0,28.514285714285712,0.3236694374858459,19.428571428571427,23.657142857142855,0.30000000000000004,28.47142857142857,0.8489165687281189,19.307142857142857,23.63571428571429,0.30000000000000004,-2.4492935982947064e-16,1.0,10.3,477.0
2025-12-08,28.9,17.3,22.6,0.0,11.1,40,0,12,342,4,2025,29.1,18.8,23.4,28.3,17.9,22.9,28.2,19.7,23.6,28.3,19.5,23.4,30.2,21.3,25.4,28.9,20.3,24.2,28.76666666666667,0.41633319989323686,17.999999999999996,22.96666666666667,0.0,28.6,0.3366501646128077,19.114285714285717,23.542857142857144,0.1,28.37857142857143,0.7040307810466373,19.021428571428572,23.435714285714283,0.30000000000000004,-2.4492935982947064e-16,1.0,11.599999999999998,444.0
2025-12-09,28.8,17.5,22.7,0.0,13.5,35,1,12,343,4,2025,28.9,17.3,22.6,29.1,18.8,23.4,28.3,17.9,22.9,28.8,19.0,23.9,29.3,19.6,24.4,28.0,18.3,23.3,28.933333333333337,0.15275252316522012,17.86666666666666,22.900000000000002,0.0,28.599999999999998,0.3366501646128077,18.900000000000002,23.37142857142857,0.1,28.342857142857145,0.6653099748532002,18.87142857142857,23.314285714285713,0.30000000000000004,-2.4492935982947064e-16,1.0,11.3,472.5
2025-12-10,28.6,17.6,22.7,0.0,12.3,35,2,12,344,4,2025,28.8,17.5,22.7,28.9,17.3,22.6,29.1,18.8,23.4,28.5,20.3,24.1,29.0,19.1,24.0,28.8,18.0,23.5,28.76666666666667,0.1527525231652235,17.466666666666665,22.666666666666668,0.0,28.614285714285717,0.3338091841592563,18.514285714285712,23.171428571428574,0.1,28.314285714285713,0.6431379118262128,18.764285714285712,23.22142857142857,0.30000000000000004,-2.4492935982947064e-16,1.0,11.0,430.5
2025-12-11,28.3,16.8,22.2,0.0,9.9,32,3,12,345,4,2025,28.6,17.6,22.7,28.8,17.5,22.7,28.9,17.3,22.6,28.4,20.8,24.3,28.5,18.7,23.6,29.3,19.2,24.2,28.566666666666674,0.2516611478423788,17.299999999999997,22.53333333333333,0.0,28.599999999999998,0.34641016151449305,17.942857142857143,22.87142857142857,0.0,28.3,0.6409128105842798,18.62857142857143,23.12142857142857,0.30000000000000004,-2.4492935982947064e-16,1.0,11.5,316.8
2025-12-12,28.2,15.2,21.9,0.0,8.8,35,4,12,346,4,2025,28.3,16.8,22.2,28.6,17.6,22.7,28.8,17.5,22.7,28.2,19.7,23.6,28.1,19.2,23.1,29.5,19.3,24.1,28.36666666666667,0.20816659994664077,16.53333333333333,22.266666666666666,0.0,28.6,0.34641016151449305,17.3,22.62857142857143,0.0,28.307142857142853,0.6390669709884893,18.342857142857145,23.035714285714285,0.30000000000000004,-2.4492935982947064e-16,1.0,13.0,308.0
2025-12-13,28.3,15.1,22.1,0.0,9.2,42,5,12,347,4,2025,28.2,15.2,21.9,28.3,16.8,22.2,28.6,17.6,22.7,28.3,17.9,22.9,27.0,17.2,22.1,29.0,18.7,23.4,28.26666666666667,0.057735026919059323,15.699999999999996,22.066666666666666,0.0,28.599999999999998,0.34641016151449305,16.9,22.514285714285712,0.0,28.4,0.5173898991032798,18.192857142857143,23.035714285714285,0.30000000000000004,-2.4492935982947064e-16,1.0,13.200000000000001,386.4
2025-12-14,28.3,16.4,22.3,0.0,8.5,45,6,12,348,4,2025,28.3,15.1,22.1,28.2,15.2,21.9,28.3,16.8,22.2,29.1,18.8,23.4,26.9,19.2,22.7,28.2,16.4,22.4,28.26666666666667,0.057735026919059323,15.566666666666663,22.099999999999998,0.0,28.485714285714288,0.2794552524032034,16.557142857142857,22.357142857142858,0.0,28.5,0.2908872369444264,17.992857142857144,23.00714285714286,0.30000000000000004,-2.4492935982947064e-16,1.0,11.900000000000002,382.5
2025-12-15,27.7,16.7,22.0,0.0,8.3,50,0,12,349,4,2025,28.3,16.4,22.3,28.3,15.1,22.1,28.2,15.2,21.9,28.9,17.3,22.6,28.3,19.5,23.4,27.8,16.7,22.4,28.100000000000005,0.34641016151379045,16.066666666666663,22.133333333333336,0.0,28.314285714285713,0.3436498771944254,16.47142857142857,22.271428571428572,0.0,28.457142857142856,0.3588749208192096,17.79285714285714,22.907142857142862,0.1,-2.4492935982947064e-16,1.0,11.0,415.00000000000006
2025-12-16,27.9,17.0,22.0,0.0,8.0,52,1,12,350,4,2025,27.7,16.7,22.0,28.3,16.4,22.3,28.3,15.1,22.1,28.8,17.5,22.7,28.8,19.0,23.9,27.9,17.1,22.4,27.96666666666667,0.3055050463304048,16.699999999999992,22.099999999999998,0.0,28.185714285714283,0.29680841985319006,16.4,22.171428571428574,0.0,28.392857142857142,0.3730627617139235,17.65,22.771428571428572,0.1,-2.4492935982947064e-16,1.0,10.899999999999999,416.0
2025-12-17,29.2,17.7,22.9,0.0,9.2,49,2,12,351,4,2025,27.9,17.0,22.0,27.7,16.7,22.0,28.3,16.4,22.3,28.6,17.6,22.7,28.5,20.3,24.1,27.7,17.4,22.3,28.26666666666667,0.8144527815247136,17.13333333333333,22.3,0.0,28.27142857142857,0.47157284949566275,16.414285714285715,22.199999999999996,0.0,28.442857142857143,0.430945803687741,17.464285714285715,22.685714285714287,0.1,-2.4492935982947064e-16,1.0,11.5,450.79999999999995
2025-12-18,29.0,17.2,22.7,0.0,10.3,40,3,12,352,4,2025,29.2,17.7,22.9,27.9,17.0,22.0,27.7,16.7,22.0,28.3,16.8,22.2,28.4,20.8,24.3,29.1,17.3,23.1,28.7,0.7000000000000077,17.299999999999997,22.53333333333333,0.0,28.371428571428574,0.5468524655225784,16.47142857142857,22.271428571428572,0.0,28.485714285714288,0.45549152294450873,17.20714285714286,22.571428571428573,0.0,-2.4492935982947064e-16,1.0,11.8,412.0
2025-12-19,27.5,17.4,22.1,0.0,10.3,37,4,12,353,4,2025,29.0,17.2,22.7,29.2,17.7,22.9,27.9,17.0,22.0,28.2,15.2,21.9,28.2,19.7,23.6,29.0,17.4,23.1,28.566666666666674,0.9291573243177622,17.433333333333326,22.566666666666666,0.0,28.27142857142857,0.6395683067883573,16.785714285714285,22.3,0.0,28.435714285714287,0.5227253181581574,17.04285714285714,22.464285714285715,0.0,-2.4492935982947064e-16,1.0,10.100000000000001,381.1
2025-12-20,27.3,15.9,21.6,0.0,9.8,42,5,12,354,4,2025,27.5,17.4,22.1,29.0,17.2,22.7,29.2,17.7,22.9,28.3,15.1,22.1,28.3,17.9,22.9,28.9,16.6,23.0,27.933333333333337,0.9291573243177622,16.83333333333333,22.133333333333336,0.0,28.12857142857143,0.7364651739094418,16.9,22.228571428571428,0.0,28.364285714285717,0.604606856189417,16.9,22.37142857142857,0.0,-2.4492935982947064e-16,1.0,11.4,411.6
2025-12-21,27.0,14.8,21.2,0.0,8.3,55,6,12,355,4,2025,27.3,15.9,21.6,27.5,17.4,22.1,29.0,17.2,22.7,28.3,16.4,22.3,29.1,18.8,23.4,29.7,18.5,24.3,27.26666666666667,0.2516611478423757,16.033333333333328,21.633333333333336,0.0,27.942857142857143,0.8423323628617915,16.67142857142857,22.071428571428573,0.0,28.214285714285715,0.6654751256500627,16.614285714285714,22.214285714285715,0.0,-2.4492935982947064e-16,1.0,12.2,456.50000000000006
2025-12-22,27.5,17.0,22.2,0.0,8.3,48,0,12,356,4,2025,27.0,14.8,21.2,27.3,15.9,21.6,27.5,17.4,22.1,27.7,16.7,22.0,28.9,17.3,22.6,30.5,20.8,25.2,27.26666666666667,0.2516611478423757,15.899999999999997,21.666666666666668,0.0,27.914285714285715,0.8552359741200624,16.714285714285715,22.099999999999998,0.0,28.114285714285717,0.6596702472953253,16.592857142857145,22.185714285714287,0.0,-2.4492935982947064e-16,1.0,10.5,398.40000000000003
2025-12-23,27.5,15.6,21.7,0.0,10.1,49,1,12,357,4,2025,27.5,17.0,22.2,27.0,14.8,21.2,27.3,15.9,21.6,27.9,17.0,22.0,28.8,17.5,22.7,31.2,21.0,25.7,27.33333333333334,0.2886751345948282,15.799999999999995,21.7,0.0,27.857142857142858,0.8695921320889461,16.514285714285712,22.057142857142853,0.0,28.021428571428572,0.6470983416283185,16.45714285714286,22.114285714285717,0.0,-2.4492935982947064e-16,1.0,11.9,494.9
2025-12-24,27.1,17.1,21.9,0.0,8.6,48,2,12,358,4,2025,27.5,15.6,21.7,27.5,17.0,22.2,27.0,14.8,21.2,29.2,17.7,22.9,28.6,17.6,22.7,30.2,21.3,25.4,27.36666666666667,0.2309401076758495,16.56666666666666,21.933333333333334,0.0,27.557142857142857,0.667974906857295,16.428571428571427,21.914285714285715,0.0,27.914285714285715,0.6677829482219053,16.42142857142857,22.057142857142853,0.0,-2.4492935982947064e-16,1.0,10.0,412.79999999999995
2025-12-25,26.8,16.7,21.9,0.0,8.3,47,3,12,359,4,2025,27.1,17.1,21.9,27.5,15.6,21.7,27.5,17.0,22.2,29.0,17.2,22.7,28.3,16.8,22.2,29.3,19.6,24.4,27.133333333333336,0.3511884584284238,16.466666666666658,21.833333333333332,0.0,27.24285714285714,0.2819996622770287,16.357142857142858,21.8,0.0,27.807142857142857,0.7194701957963613,16.414285714285715,22.035714285714285,0.0,-2.4492935982947064e-16,1.0,10.100000000000001,390.1
2025-12-26,26.6,16.2,21.4,0.0,8.7,52,4,12,360,4,2025,26.8,16.7,21.9,27.1,17.1,21.9,27.5,15.6,21.7,27.5,17.4,22.1,28.2,15.2,21.9,29.0,19.1,24.0,26.83333333333334,0.25166114784235527,16.66666666666666,21.73333333333333,0.0,27.11428571428571,0.3436498771944955,16.185714285714287,21.7,0.0,27.692857142857147,0.777040030367239,16.485714285714284,22.0,0.0,-2.4492935982947064e-16,1.0,10.400000000000002,452.4
2025-12-27,26.9,16.2,21.5,0.0,8.0,53,5,12,361,4,2025,26.6,16.2,21.4,26.8,16.7,21.9,27.1,17.1,21.9,27.3,15.9,21.6,28.3,15.1,22.1,28.5,18.7,23.6,26.76666666666667,0.15275252316518706,16.36666666666666,21.599999999999998,0.0,27.057142857142857,0.3408672412993545,16.228571428571428,21.685714285714287,0.0,27.592857142857145,0.7829572006335376,16.564285714285713,21.957142857142856,0.0,-2.4492935982947064e-16,1.0,10.7,424.0
2025-12-28,26.8,16.2,21.5,0.0,8.0,52,6,12,362,4,2025,26.9,16.2,21.5,26.6,16.2,21.4,26.8,16.7,21.9,27.0,14.8,21.2,28.3,16.4,22.3,28.1,19.2,23.1,26.76666666666667,0.15275252316518706,16.2,21.46666666666667,0.0,27.028571428571432,0.35456210417195316,16.428571428571427,21.728571428571428,0.0,27.485714285714288,0.7813766380890816,16.55,21.9,0.0,-2.4492935982947064e-16,1.0,10.600000000000001,416.0
2025-12-29,26.6,16.5,21.4,0.0,8.0,51,0,12,363,4,2025,26.8,16.2,21.5,26.9,16.2,21.5,26.6,16.2,21.4,27.5,17.0,22.2,27.7,16.7,22.0,27.0,17.2,22.1,26.76666666666667,0.15275252316518706,16.299999999999994,21.46666666666667,0.0,26.900000000000002,0.31622776601772706,16.357142857142858,21.614285714285717,0.0,27.407142857142855,0.8128433340541359,16.535714285714285,21.857142857142858,0.0,-2.4492935982947064e-16,1.0,10.100000000000001,408.0
2025-12-30,28.0,16.1,22.0,0.0,5.1,52,1,12,364,4,2025,26.6,16.5,21.4,26.8,16.2,21.5,26.9,16.2,21.5,27.5,15.6,21.7,27.9,17.0,22.0,26.9,19.2,22.7,27.133333333333336,0.7571877794400376,16.26666666666666,21.633333333333336,0.0,26.97142857142857,0.485504156228189,16.428571428571427,21.657142857142862,0.0,27.41428571428571,0.8179309194626071,16.47142857142857,21.857142857142858,0.0,-2.4492935982947064e-16,1.0,11.899999999999999,265.2
2025-12-31,28.3,16.7,22.7,0.0,9.4,53,2,12,365,4,2025,28.0,16.1,22.0,26.6,16.5,21.4,26.8,16.2,21.5,27.1,17.1,21.9,29.2,17.7,22.9,28.3,19.5,23.4,27.633333333333336,0.9073771725877515,16.433333333333326,22.03333333333333,0.0,27.142857142857142,0.7020378500178587,16.37142857142857,21.771428571428572,0.0,27.349999999999998,0.6925426951584661,16.4,21.842857142857145,0.0,-2.4492935982947064e-16,1.0,11.600000000000001,498.20000000000005
2026-01-01,29.1,18.2,23.1,0.0,13.6,62,3,1,1,1,2026,28.3,16.7,22.7,28.0,16.1,22.0,26.6,16.5,21.4,26.8,16.7,21.9,29.0,17.2,22.7,28.8,19.0,23.9,28.46666666666667,0.5686240703077542,16.999999999999993,22.599999999999998,0.0,27.47142857142857,0.9928314487942201,16.585714285714285,21.942857142857143,0.0,27.357142857142858,0.7111359122673053,16.47142857142857,21.87142857142857,0.0,0.49999999999999994,0.8660254037844387,10.900000000000002,843.1999999999999
2026-01-02,28.9,18.8,23.3,0.0,10.1,63,4,1,2,1,2026,29.1,18.2,23.1,28.3,16.7,22.7,28.0,16.1,22.0,26.6,16.2,21.4,27.5,17.4,22.1,28.5,20.3,24.1,28.76666666666667,0.4163331998932612,17.89999999999999,23.03333333333333,0.0,27.800000000000004,1.036018017861595,16.95714285714286,22.214285714285715,0.0,27.457142857142856,0.8224861801182234,16.571428571428573,21.957142857142856,0.0,0.49999999999999994,0.8660254037844387,10.099999999999998,636.3
2026-01-03,27.6,18.6,22.9,0.0,10.7,62,5,1,3,1,2026,28.9,18.8,23.3,29.1,18.2,23.1,28.3,16.7,22.7,26.9,16.2,21.5,27.3,15.9,21.6,28.4,20.8,24.3,28.533333333333335,0.8144527815247222,18.533333333333328,23.099999999999998,0.0,27.900000000000002,0.966091783079571,17.3,22.41428571428571,0.0,27.478571428571428,0.8219850002653863,16.764285714285716,22.050000000000004,0.0,0.49999999999999994,0.8660254037844387,9.0,663.4
2026-01-04,26.7,18.2,22.4,0.0,10.7,58,6,1,4,1,2026,27.6,18.6,22.9,28.9,18.8,23.3,29.1,18.2,23.1,26.8,16.2,21.5,27.0,14.8,21.2,28.2,19.7,23.6,27.733333333333334,1.1060440015358088,18.533333333333328,22.866666666666664,0.0,27.885714285714283,0.9856107606094326,17.585714285714285,22.54285714285714,0.0,27.457142857142856,0.8391518481048436,17.007142857142856,22.135714285714283,0.0,0.49999999999999994,0.8660254037844387,8.5,620.5999999999999
2026-01-05,26.8,17.5,22.1,0.0,9.9,54,0,1,5,1,2026,26.7,18.2,22.4,27.6,18.6,22.9,28.9,18.8,23.3,26.6,16.5,21.4,27.5,17.0,22.2,28.3,17.9,22.9,27.033333333333335,0.49328828623162513,18.099999999999994,22.46666666666667,0.0,27.914285714285715,0.9441549509636137,17.728571428571428,22.642857142857142,0.0,27.407142857142855,0.8570650147814912,17.04285714285714,22.128571428571426,0.0,0.49999999999999994,0.8660254037844387,9.3,534.6
2026-01-06,26.6,17.0,21.7,0.0,10.5,50,1,1,6,1,2026,26.8,17.5,22.1,26.7,18.2,22.4,27.6,18.6,22.9,28.0,16.1,22.0,27.5,15.6,21.7,29.1,18.8,23.4,26.700000000000003,0.09999999999997104,17.56666666666666,22.066666666666666,0.0,27.714285714285715,1.0636863125137552,17.857142857142858,22.599999999999998,0.0,27.342857142857138,0.8829271994691339,17.142857142857142,22.12857142857143,0.0,0.49999999999999994,0.8660254037844387,9.600000000000001,525.0
2026-01-07,26.6,16.5,21.3,0.0,11.3,48,2,1,7,1,2026,26.6,17.0,21.7,26.8,17.5,22.1,26.7,18.2,22.4,28.3,16.7,22.7,27.1,17.1,21.9,28.9,17.3,22.6,26.666666666666668,0.11547005383789843,16.999999999999993,21.7,0.0,27.471428571428568,1.1010817192113849,17.82857142857143,22.400000000000002,0.0,27.307142857142857,0.9033819242717196,17.099999999999998,22.08571428571429,0.0,0.49999999999999994,0.8660254037844387,10.100000000000001,542.4000000000001
2026-01-08,26.0,16.2,21.0,0.0,10.3,45,3,1,8,1,2026,26.6,16.5,21.3,26.6,17.0,21.7,26.8,17.5,22.1,29.1,18.2,23.1,26.8,16.7,21.9,28.8,17.5,22.7,26.400000000000006,0.3464101615137768,16.56666666666666,21.333333333333332,0.0,27.02857142857143,0.9499373412923156,17.54285714285714,22.099999999999998,0.0,27.25,0.9613692158753329,17.064285714285713,22.02142857142857,0.0,0.49999999999999994,0.8660254037844387,9.8,463.50000000000006
2026-01-09,25.3,16.3,20.8,0.0,11.6,42,4,1,9,1,2026,26.0,16.2,21.0,26.6,16.5,21.3,26.6,17.0,21.7,28.9,18.8,23.3,26.6,16.2,21.4,28.6,17.6,22.7,25.96666666666667,0.6506407098647735,16.333333333333325,21.03333333333333,0.0,26.514285714285716,0.7128079952524494,17.185714285714287,21.74285714285714,0.0,27.157142857142855,1.083948824874612,17.071428571428573,21.978571428571428,0.0,0.49999999999999994,0.8660254037844387,9.0,487.2
2026-01-10,25.5,17.1,20.9,0.0,10.8,36,5,1,10,1,2026,25.3,16.3,20.8,26.0,16.2,21.0,26.6,16.5,21.3,27.6,18.6,22.9,26.9,16.2,21.5,28.3,16.8,22.2,25.600000000000005,0.36055512754640406,16.533333333333328,20.900000000000002,0.0,26.214285714285715,0.6148944934668252,16.97142857142857,21.45714285714286,0.0,27.057142857142857,1.1706108107871223,17.135714285714283,21.935714285714287,0.0,0.49999999999999994,0.8660254037844387,8.399999999999999,388.8
2026-01-11,25.6,16.7,21.5,0.0,9.7,41,6,1,11,1,2026,25.5,17.1,20.9,25.3,16.3,20.8,26.0,16.2,21.0,26.7,18.2,22.4,26.8,16.2,21.5,28.2,15.2,21.9,25.46666666666667,0.15275252316520924,16.699999999999992,21.066666666666666,0.0,26.057142857142857,0.6106202935194115,16.757142857142856,21.32857142857143,0.0,26.97142857142857,1.2331501695500706,17.17142857142857,21.935714285714287,0.0,0.49999999999999994,0.8660254037844387,8.900000000000002,397.7
2026-01-12,26.6,18.8,22.6,0.0,10.2,47,0,1,12,1,2026,25.6,16.7,21.5,25.5,17.1,20.9,25.3,16.3,20.8,26.8,17.5,22.1,26.6,16.5,21.4,28.3,15.1,22.1,25.900000000000006,0.6082762530298241,17.533333333333328,21.666666666666668,0.0,26.02857142857143,0.5736267244892006,16.942857142857143,21.400000000000002,0.0,26.97142857142857,1.2331501695500706,17.335714285714285,22.021428571428572,0.0,0.49999999999999994,0.8660254037844387,7.800000000000001,479.4
2026-01-13,29.5,19.0,23.9,0.0,9.6,54,1,1,13,1,2026,26.6,18.8,22.6,25.6,16.7,21.5,25.5,17.1,20.9,26.6,17.0,21.7,28.0,16.1,22.0,28.3,16.4,22.3,27.233333333333338,2.025668613898466,18.16666666666666,22.666666666666668,0.0,26.442857142857143,1.4432107063272928,17.228571428571428,21.714285714285715,0.0,27.07857142857143,1.3851845594498495,17.542857142857144,22.157142857142855,0.0,0.49999999999999994,0.8660254037844387,10.5,518.4
2026-01-14,29.6,19.7,24.5,0.2,8.5,52,2,1,14,1,2026,29.5,19.0,23.9,26.6,18.8,22.6,25.6,16.7,21.5,26.6,16.5,21.3,28.3,16.7,22.7,27.7,16.7,22.0,28.566666666666666,1.7039170558842747,19.16666666666666,23.666666666666668,0.20000000000000356,26.871428571428574,1.87768854864561,17.685714285714287,22.17142857142857,0.2,27.171428571428574,1.511203581169082,17.757142857142856,22.285714285714285,0.2,0.49999999999999994,0.8660254037844387,9.900000000000002,442.0
2026-01-15,28.8,20.0,24.5,0.0,8.3,54,3,1,15,1,2026,29.6,19.7,24.5,29.5,19.0,23.9,26.6,18.8,22.6,26.0,16.2,21.0,29.1,18.2,23.1,27.9,17.0,22.0,29.3,0.43588989435407394,19.56666666666666,24.3,0.20000000000000356,27.271428571428572,1.9576467894851504,18.22857142857143,22.67142857142857,0.2,27.150000000000002,1.483628607892098,17.885714285714286,22.38571428571429,0.2,0.49999999999999994,0.8660254037844387,8.8,448.20000000000005
2026-01-16,28.7,19.0,23.7,0.0,8.4,49,4,1,16,1,2026,28.8,20.0,24.5,29.6,19.7,24.5,29.5,19.0,23.9,25.3,16.3,20.8,28.9,18.8,23.3,29.2,17.7,22.9,29.033333333333335,0.49328828623162874,19.56666666666666,24.23333333333333,0.20000000000000356,27.75714285714286,1.8026435614187197,18.614285714285717,23.085714285714285,0.2,27.13571428571429,1.466344037109585,17.9,22.414285714285715,0.2,0.49999999999999994,0.8660254037844387,9.7,411.6
2026-01-17,29.6,18.0,23.7,0.0,8.7,38,5,1,17,1,2026,28.7,19.0,23.7,28.8,20.0,24.5,29.6,19.7,24.5,25.5,17.1,20.9,27.6,18.6,22.9,29.0,17.2,22.7,29.033333333333335,0.49328828623162874,18.99999999999999,23.966666666666665,0.0,28.342857142857145,1.6019333557270803,18.74285714285714,23.485714285714288,0.2,27.27857142857143,1.6058444083217536,17.857142857142858,22.471428571428568,0.2,0.49999999999999994,0.8660254037844387,11.600000000000001,330.59999999999997
2026-01-18,30.2,17.0,23.6,0.0,7.9,41,6,1,18,1,2026,29.6,18.0,23.7,28.7,19.0,23.7,28.8,20.0,24.5,25.6,16.7,21.5,26.7,18.2,22.4,27.5,17.4,22.1,29.5,0.7549834435270779,17.99999999999999,23.666666666666668,0.0,29.0,1.1761519176253858,18.785714285714285,23.785714285714285,0.2,27.528571428571432,1.7726245519567136,17.771428571428572,22.557142857142857,0.2,0.49999999999999994,0.8660254037844387,13.2,323.90000000000003
2026-01-19,29.7,17.7,23.8,0.0,11.1,45,0,1,19,1,2026,30.2,17.0,23.6,29.6,18.0,23.7,28.7,19.0,23.7,26.6,18.8,22.6,26.8,17.5,22.1,27.3,15.9,21.6,29.833333333333332,0.32145502536643844,17.56666666666666,23.7,0.0,29.442857142857147,0.5255382728127503,18.62857142857143,23.957142857142856,0.2,27.735714285714288,1.8487447478922145,17.785714285714285,22.678571428571427,0.2,0.49999999999999994,0.8660254037844387,12.0,499.5
2026-01-20,28.4,18.7,23.7,0.0,11.2,48,1,1,20,1,2026,29.7,17.7,23.8,30.2,17.0,23.6,29.6,18.0,23.7,29.5,19.0,23.9,26.6,17.0,21.7,27.0,14.8,21.2,29.433333333333337,0.9291573243177582,17.799999999999994,23.7,0.0,29.285714285714285,0.6542898731416936,18.585714285714285,23.928571428571427,0.2,27.864285714285717,1.8261380615337124,17.90714285714286,22.821428571428573,0.2,0.49999999999999994,0.8660254037844387,9.7,537.5999999999999
2026-01-21,27.2,17.7,22.7,0.0,11.7,51,2,1,21,1,2026,28.4,18.7,23.7,29.7,17.7,23.8,30.2,17.0,23.6,29.6,19.7,24.5,26.6,16.5,21.3,27.5,17.0,22.2,28.433333333333337,1.2503332889007353,18.033333333333324,23.400000000000002,0.0,28.942857142857143,0.9997618764107535,18.3,23.671428571428574,0.0,27.907142857142855,1.801052805664811,17.992857142857144,22.921428571428574,0.2,0.49999999999999994,0.8660254037844387,9.5,596.6999999999999
2026-01-22,27.0,17.4,22.4,0.0,11.6,49,3,1,22,1,2026,27.2,17.7,22.7,28.4,18.7,23.7,29.7,17.7,23.8,28.8,20.0,24.5,26.0,16.2,21.0,27.5,15.6,21.7,27.53333333333333,0.7571877794400306,17.933333333333326,22.933333333333334,0.0,28.685714285714287,1.2442247538510813,17.928571428571427,23.371428571428574,0.0,27.978571428571428,1.7383363273012085,18.07857142857143,23.02142857142857,0.2,0.49999999999999994,0.8660254037844387,9.600000000000001,568.4
2026-01-23,26.8,17.8,22.4,0.0,11.6,50,4,1,23,1,2026,27.0,17.4,22.4,27.2,17.7,22.7,28.4,18.7,23.7,28.7,19.0,23.7,25.3,16.3,20.8,27.1,17.1,21.9,27.000000000000004,0.19999999999997517,17.633333333333326,22.5,0.0,28.41428571428571,1.4334440710269993,17.757142857142856,23.185714285714283,0.0,28.085714285714285,1.601373037239436,18.185714285714287,23.13571428571429,0.2,0.49999999999999994,0.8660254037844387,9.0,580.0
2026-01-24,28.2,17.6,22.5,0.0,11.2,57,5,1,24,1,2026,26.8,17.8,22.4,27.0,17.4,22.4,27.2,17.7,22.7,29.6,18.0,23.7,25.5,17.1,20.9,26.8,16.7,21.9,27.333333333333332,0.7571877794400304,17.599999999999994,22.433333333333334,0.0,28.214285714285715,1.3347016788140817,17.7,23.014285714285712,0.0,28.27857142857143,1.418112814992439,18.22142857142857,23.25,0.2,0.49999999999999994,0.8660254037844387,10.599999999999998,638.4
2026-01-25,28.6,19.2,23.6,0.0,9.6,57,6,1,25,1,2026,28.2,17.6,22.5,26.8,17.8,22.4,27.0,17.4,22.4,30.2,17.0,23.6,25.6,16.7,21.5,26.6,16.2,21.4,27.86666666666667,0.9451631252505175,18.199999999999992,22.833333333333332,0.0,27.985714285714288,1.0431180365115935,18.014285714285712,23.014285714285716,0.0,28.49285714285714,1.1906457754677315,18.400000000000002,23.4,0.2,0.49999999999999994,0.8660254037844387,9.400000000000002,547.1999999999999
2026-01-26,28.7,19.6,23.8,0.0,10.9,56,0,1,26,1,2026,28.6,19.2,23.6,28.2,17.6,22.5,26.8,17.8,22.4,29.7,17.7,23.8,26.6,18.8,22.6,26.9,16.2,21.5,28.500000000000004,0.26457513110644626,18.799999999999994,23.3,0.0,27.842857142857138,0.8121107126028922,18.285714285714285,23.014285714285712,0.0,28.642857142857142,1.0588195791071648,18.457142857142856,23.485714285714288,0.2,0.49999999999999994,0.8660254037844387,9.099999999999998,610.4
2026-01-27,28.7,19.5,24.0,0.0,10.5,53,1,1,27,1,2026,28.7,19.6,23.8,28.6,19.2,23.6,28.2,17.6,22.5,28.4,18.7,23.7,29.5,19.0,23.9,26.8,16.2,21.5,28.666666666666668,0.05773502691890393,19.433333333333326,23.8,0.0,27.88571428571429,0.8532849688678485,18.400000000000002,23.057142857142857,0.0,28.585714285714285,1.0302032233110425,18.49285714285714,23.49285714285714,0.2,0.49999999999999994,0.8660254037844387,9.2,556.5
2026-01-28,30.1,19.1,24.3,0.0,9.7,52,2,1,28,1,2026,28.7,19.5,24.0,28.7,19.6,23.8,28.6,19.2,23.6,27.2,17.7,22.7,29.6,19.7,24.5,26.6,16.5,21.4,29.166666666666668,0.8082903768654768,19.399999999999995,24.03333333333333,0.0,28.3,1.1254628677425227,18.599999999999998,23.285714285714285,0.0,28.62142857142857,1.0757312871714655,18.45,23.478571428571428,0.0,0.49999999999999994,0.8660254037844387,11.0,504.4
2026-01-29,29.2,19.4,24.3,0.0,10.7,54,3,1,29,1,2026,30.1,19.1,24.3,28.7,19.5,24.0,28.7,19.6,23.8,27.0,17.4,22.4,28.8,20.0,24.5,28.0,16.1,22.0,29.333333333333332,0.709459888459759,19.333333333333325,24.200000000000003,0.0,28.61428571428571,1.002378124642818,18.885714285714283,23.557142857142857,0.0,28.65,1.0861010011123073,18.407142857142855,23.464285714285715,0.0,0.49999999999999994,0.8660254037844387,9.8,577.8
2026-01-30,28.6,19.6,23.9,0.0,10.7,55,4,1,30,1,2026,29.2,19.4,24.3,30.1,19.1,24.3,28.7,19.5,24.0,26.8,17.8,22.4,28.7,19.0,23.7,28.3,16.7,22.7,29.3,0.7549834435270749,19.36666666666666,24.166666666666668,0.0,28.871428571428574,0.6156684327202113,19.142857142857142,23.771428571428572,0.0,28.642857142857142,1.0860757061836033,18.45,23.478571428571428,0.0,0.49999999999999994,0.8660254037844387,9.0,588.5
2026-01-31,27.7,18.7,23.3,0.0,10.9,54,5,1,31,1,2026,28.6,19.6,23.9,29.2,19.4,24.3,30.1,19.1,24.3,28.2,17.6,22.5,29.6,18.0,23.7,29.1,18.2,23.1,28.5,0.7549834435270805,19.233333333333324,23.833333333333332,0.0,28.8,0.7257180352362832,19.3,23.88571428571429,0.0,28.50714285714286,1.0759355755058735,18.5,23.45,0.0,0.49999999999999994,0.8660254037844387,9.0,588.6
2026-02-01,27.7,17.8,22.9,0.0,10.4,59,6,2,32,1,2026,27.7,18.7,23.3,28.6,19.6,23.9,29.2,19.4,24.3,28.6,19.2,23.6,30.2,17.0,23.6,28.9,18.8,23.3,28.0,0.5196152422706773,18.699999999999992,23.366666666666664,0.0,28.67142857142857,0.8380817098478526,19.099999999999998,23.785714285714285,0.0,28.328571428571426,0.9762003037127426,18.557142857142857,23.4,0.0,0.8660254037844386,0.5000000000000001,9.899999999999999,613.6
2026-02-02,28.2,18.2,23.2,0.0,11.5,59,0,2,33,1,2026,27.7,17.8,22.9,27.7,18.7,23.3,28.6,19.6,23.9,28.7,19.6,23.8,29.7,17.7,23.8,27.6,18.6,22.9,27.86666666666667,0.28867513459481237,18.233333333333324,23.13333333333333,0.0,28.6,0.8563488385779962,18.900000000000002,23.7,0.0,28.221428571428568,0.8928593406576619,18.592857142857145,23.357142857142854,0.0,0.8660254037844386,0.5000000000000001,10.0,678.5
2026-02-03,28.1,18.3,23.2,0.0,11.5,59,1,2,34,1,2026,28.2,18.2,23.2,27.7,17.8,22.9,27.7,18.7,23.3,28.7,19.5,24.0,28.4,18.7,23.7,26.7,18.2,22.4,28.0,0.26457513110645725,18.09999999999999,23.099999999999998,0.0,28.514285714285712,0.8745066636466847,18.72857142857143,23.585714285714285,0.0,28.2,0.8918433805251071,18.564285714285713,23.321428571428573,0.0,0.8660254037844386,0.5000000000000001,9.8,678.5
2026-02-04,28.2,18.4,23.5,0.0,11.2,56,2,2,35,1,2026,28.1,18.3,23.2,28.2,18.2,23.2,27.7,17.8,22.9,30.1,19.1,24.3,27.2,17.7,22.7,26.8,17.5,22.1,28.166666666666668,0.05773502691893549,18.299999999999994,23.3,0.0,28.24285714285714,0.5255382728127725,18.62857142857143,23.471428571428568,0.0,28.271428571428572,0.8443737519421473,18.614285714285717,23.37857142857143,0.0,0.8660254037844386,0.5000000000000001,9.8,627.1999999999999
2026-02-05,28.4,18.5,23.4,0.0,9.5,55,3,2,36,1,2026,28.2,18.4,23.5,28.1,18.3,23.2,28.2,18.2,23.2,29.2,19.4,24.3,27.0,17.4,22.4,26.6,17.0,21.7,28.233333333333334,0.15275252316518087,18.39999999999999,23.366666666666664,0.0,28.12857142857143,0.3352326839398428,18.5,23.342857142857145,0.0,28.371428571428574,0.760999920579951,18.692857142857143,23.45,0.0,0.8660254037844386,0.5000000000000001,9.899999999999999,522.5
2026-02-06,28.8,18.9,24.0,0.0,9.9,50,4,2,37,1,2026,28.4,18.5,23.4,28.2,18.4,23.5,28.1,18.3,23.2,28.6,19.6,23.9,26.8,17.8,22.4,26.6,16.5,21.3,28.46666666666667,0.30550504633038017,18.59999999999999,23.633333333333336,0.0,28.157142857142855,0.386683086679993,18.400000000000002,23.357142857142858,0.0,28.514285714285712,0.6175100657644984,18.771428571428572,23.564285714285713,0.0,0.8660254037844386,0.5000000000000001,9.900000000000002,495.0
2026-02-07,29.4,18.6,24.3,0.0,10.3,44,5,2,38,1,2026,28.8,18.9,24.0,28.4,18.5,23.4,28.2,18.4,23.5,27.7,18.7,23.3,28.2,17.6,22.5,26.0,16.2,21.0,28.866666666666664,0.5033222956847088,18.66666666666666,23.900000000000002,0.0,28.400000000000002,0.5507570547291123,18.385714285714283,23.5,0.0,28.6,0.6528046002868151,18.842857142857145,23.692857142857143,0.0,0.8660254037844386,0.5000000000000001,10.799999999999997,453.20000000000005
2026-02-08,29.6,20.3,24.7,0.0,10.6,32,6,2,39,1,2026,29.4,18.6,24.3,28.8,18.9,24.0,28.4,18.5,23.4,27.7,17.8,22.9,28.6,19.2,23.6,25.3,16.3,20.8,29.26666666666667,0.4163331998932151,19.266666666666662,24.333333333333332,0.0,28.671428571428574,0.612955370084018,18.74285714285714,23.75714285714286,0.0,28.67142857142857,0.7053952208401973,18.92142857142857,23.771428571428572,0.0,0.8660254037844386,0.5000000000000001,9.3,339.2
2026-02-09,30.1,18.9,24.3,0.0,11.1,34,0,2,40,1,2026,29.6,20.3,24.7,29.4,18.6,24.3,28.8,18.9,24.0,28.2,18.2,23.2,28.7,19.6,23.8,25.5,17.1,20.9,29.700000000000003,0.3605551275463827,19.266666666666662,24.433333333333334,0.0,28.942857142857143,0.7699721701838897,18.842857142857145,23.914285714285715,0.0,28.771428571428572,0.8023317666265152,18.87142857142857,23.807142857142857,0.0,0.8660254037844386,0.5000000000000001,11.200000000000003,377.4
2026-02-10,30.0,18.7,24.4,0.0,10.7,39,1,2,41,1,2026,30.1,18.9,24.3,29.6,20.3,24.7,29.4,18.6,24.3,28.1,18.3,23.2,28.7,19.5,24.0,25.6,16.7,21.5,29.900000000000006,0.26457513110643255,19.299999999999994,24.46666666666667,0.0,29.214285714285715,0.7581305327992313,18.900000000000002,24.085714285714285,0.0,28.864285714285717,0.866120566183822,18.814285714285713,23.835714285714285,0.0,0.8660254037844386,0.5000000000000001,11.3,417.29999999999995
2026-02-11,29.5,18.3,23.8,0.0,11.2,50,2,2,42,1,2026,30.0,18.7,24.4,30.1,18.9,24.3,29.6,20.3,24.7,28.2,18.4,23.5,30.1,19.1,24.3,26.6,18.8,22.6,29.86666666666667,0.321455025366412,18.633333333333326,24.166666666666668,0.0,29.400000000000002,0.6137317546511702,18.885714285714283,24.12857142857143,0.0,28.821428571428573,0.8135190144151156,18.757142857142856,23.8,0.0,0.8660254037844386,0.5000000000000001,11.2,560.0
2026-02-12,29.6,18.3,24.0,0.0,11.5,48,3,2,43,1,2026,29.5,18.3,23.8,30.0,18.7,24.4,30.1,18.9,24.3,28.4,18.5,23.4,29.2,19.4,24.3,29.5,19.0,23.9,29.700000000000003,0.2645751311064383,18.433333333333326,24.066666666666666,0.0,29.571428571428573,0.4270608298374902,18.857142857142858,24.214285714285715,0.0,28.85,0.8345887978760632,18.678571428571427,23.77857142857143,0.0,0.8660254037844386,0.5000000000000001,11.3,552.0
2026-02-13,30.2,18.6,24.5,0.0,10.4,43,4,2,44,1,2026,29.6,18.3,24.0,29.5,18.3,23.8,30.0,18.7,24.4,28.8,18.9,24.0,28.6,19.6,23.9,29.6,19.7,24.5,29.76666666666667,0.3785938897200015,18.399999999999995,24.099999999999998,0.0,29.771428571428572,0.3199702367119197,18.814285714285713,24.285714285714285,0.0,28.964285714285715,0.9043545448876112,18.607142857142858,23.821428571428573,0.0,0.8660254037844386,0.5000000000000001,11.599999999999998,447.2
2026-02-14,30.5,19.2,25.2,0.0,9.5,39,5,2,45,1,2026,30.2,18.6,24.5,29.6,18.3,24.0,29.5,18.3,23.8,29.4,18.6,24.3,27.7,18.7,23.3,28.8,20.0,24.5,30.100000000000005,0.45825756949556384,18.699999999999992,24.566666666666666,0.0,29.928571428571427,0.3728908942950274,18.900000000000002,24.41428571428571,0.0,29.164285714285715,0.9128207700548159,18.642857142857142,23.957142857142856,0.0,0.8660254037844386,0.5000000000000001,11.3,370.5
2026-02-15,31.2,18.8,25.7,0.0,10.3,39,6,2,46,1,2026,30.5,19.2,25.2,30.2,18.6,24.5,29.6,18.3,24.0,29.6,20.3,24.7,27.7,17.8,22.9,28.7,19.0,23.7,30.633333333333336,0.5131601439446618,18.86666666666666,25.133333333333336,0.0,30.157142857142855,0.5740416444164402,18.685714285714287,24.557142857142857,0.0,29.414285714285715,0.9590517294608749,18.714285714285715,24.157142857142855,0.0,0.8660254037844386,0.5000000000000001,12.399999999999999,401.70000000000005
2026-02-16,30.7,20.8,26.1,0.0,11.5,37,0,2,47,1,2026,31.2,18.8,25.7,30.5,19.2,25.2,30.2,18.6,24.5,30.1,18.9,24.3,28.2,18.2,23.2,29.6,18.0,23.7,30.8,0.3605551275463561,19.599999999999994,25.666666666666668,0.0,30.24285714285714,0.6078847008473969,18.95714285714286,24.814285714285713,0.0,29.592857142857145,0.9482488197606552,18.900000000000002,24.364285714285717,0.0,0.8660254037844386,0.5000000000000001,9.899999999999999,425.5
2026-02-17,30.0,19.8,25.0,0.0,11.1,43,1,2,48,1,2026,30.7,20.8,26.1,31.2,18.8,25.7,30.5,19.2,25.2,30.0,18.7,24.4,28.1,18.3,23.2,30.2,17.0,23.6,30.633333333333336,0.6027713773341465,19.799999999999994,25.599999999999998,0.0,30.24285714285714,0.6078847008473969,19.114285714285717,24.900000000000002,0.0,29.728571428571428,0.8489165687280311,19.007142857142856,24.49285714285714,0.0,0.8660254037844386,0.5000000000000001,10.2,477.3
2026-02-18,29.4,18.8,24.4,0.0,11.2,48,2,2,49,1,2026,30.0,19.8,25.0,30.7,20.8,26.1,31.2,18.8,25.7,29.5,18.3,23.8,28.2,18.4,23.5,29.7,17.7,23.8,30.033333333333335,0.6506407098647539,19.799999999999994,25.166666666666668,0.0,30.228571428571428,0.6290582530376705,19.185714285714287,24.985714285714288,0.0,29.814285714285717,0.7357436247228398,19.035714285714285,24.557142857142853,0.0,0.8660254037844386,0.5000000000000001,10.599999999999998,537.5999999999999
2026-02-19,30.0,20.2,25.0,0.0,11.8,45,3,2,50,1,2026,29.4,18.8,24.4,30.0,19.8,25.0,30.7,20.8,26.1,29.6,18.3,24.0,28.4,18.5,23.4,28.4,18.7,23.7,29.8,0.3464101615137457,19.599999999999994,24.8,0.0,30.285714285714285,0.5785861256221276,19.457142857142856,25.12857142857143,0.0,29.928571428571427,0.6132242298258949,19.157142857142855,24.67142857142857,0.0,0.8660254037844386,0.5000000000000001,9.8,531.0
2026-02-20,31.0,19.5,25.3,0.0,11.8,50,4,2,51,1,2026,30.0,20.2,25.0,29.4,18.8,24.4,30.0,19.8,25.0,30.2,18.6,24.5,28.8,18.9,24.0,27.2,17.7,22.7,30.133333333333336,0.8082903768654616,19.499999999999993,24.900000000000002,0.0,30.4,0.6350852961089962,19.585714285714285,25.24285714285714,0.0,30.08571428571429,0.5829066990366507,19.2,24.764285714285712,0.0,0.8660254037844386,0.5000000000000001,11.5,590.0
2026-02-21,31.5,20.9,26.3,0.0,10.8,47,5,2,52,1,2026,31.0,19.5,25.3,30.0,20.2,25.0,29.4,18.8,24.4,30.5,19.2,25.2,29.4,18.6,24.3,27.0,17.4,22.4,30.83333333333334,0.7637626158259508,20.199999999999992,25.53333333333333,0.0,30.54285714285714,0.7612646120268075,19.82857142857143,25.400000000000002,0.0,30.235714285714288,0.6582110286551894,19.364285714285717,24.907142857142855,0.0,0.8660254037844386,0.5000000000000001,10.600000000000001,507.6
2026-02-22,31.9,21.8,26.4,0.0,12.1,48,6,2,53,1,2026,31.5,20.9,26.3,31.0,19.5,25.3,30.0,20.2,25.0,31.2,18.8,25.7,29.6,20.3,24.7,26.8,17.8,22.4,31.46666666666667,0.45092497528223935,20.733333333333324,26.0,0.0,30.642857142857142,0.8960229588898139,20.25714285714286,25.5,0.0,30.400000000000002,0.7656068482944677,19.47142857142857,25.02857142857143,0.0,0.8660254037844386,0.5000000000000001,10.099999999999998,580.8
2026-02-23,31.4,21.7,25.6,1.9,12.5,58,0,2,54,1,2026,31.9,21.8,26.4,31.5,20.9,26.3,31.0,19.5,25.3,30.7,20.8,26.1,30.1,18.9,24.3,28.2,17.6,22.5,31.600000000000005,0.2645751311063697,21.466666666666658,26.100000000000005,1.9000000000000035,30.742857142857144,0.9413769044282895,20.385714285714283,25.428571428571427,1.9,30.49285714285714,0.8042811273862276,19.67142857142857,25.12142857142857,1.9,0.8660254037844386,0.5000000000000001,9.7,725.0
2026-02-24,28.9,19.5,24.1,3.7,9.4,66,1,2,55,1,2026,31.4,21.7,25.6,31.9,21.8,26.4,31.5,20.9,26.3,30.0,19.8,25.0,30.0,18.7,24.4,28.6,19.2,23.6,30.733333333333334,1.6072751268321488,20.999999999999993,25.366666666666664,5.600000000000003,30.585714285714285,1.1538754575035757,20.342857142857138,25.3,5.6,30.414285714285715,0.903716380677498,19.728571428571428,25.1,5.6,0.8660254037844386,0.5000000000000001,9.399999999999999,620.4
2026-02-25,29.0,20.8,24.8,0.0,6.2,61,2,2,56,1,2026,28.9,19.5,24.1,31.4,21.7,25.6,31.9,21.8,26.4,29.4,18.8,24.4,29.5,18.3,23.8,28.7,19.6,23.8,29.766666666666666,1.4153915830374693,20.666666666666657,24.833333333333332,5.600000000000003,30.52857142857143,1.2297889869329075,20.62857142857143,25.357142857142858,5.6,30.37857142857143,0.9512571208099596,19.907142857142855,25.17142857142857,5.6,0.8660254037844386,0.5000000000000001,8.2,378.2
2026-02-26,29.7,20.4,24.9,0.0,8.1,59,3,2,57,1,2026,29.0,20.8,24.8,28.9,19.5,24.1,31.4,21.7,25.6,30.0,20.2,25.0,29.6,18.3,24.0,28.7,19.5,24.0,29.200000000000003,0.4358898943540515,20.233333333333324,24.599999999999998,3.7000000000000037,30.485714285714288,1.2562226069036304,20.657142857142855,25.342857142857145,5.6,30.385714285714283,0.9453181335550045,20.057142857142853,25.235714285714288,5.6,0.8660254037844386,0.5000000000000001,9.3,477.9
2026-02-27,30.4,21.5,25.8,0.0,10.4,54,4,2,58,1,2026,29.7,20.4,24.9,29.0,20.8,24.8,28.9,19.5,24.1,31.0,19.5,25.3,30.2,18.6,24.5,30.1,19.1,24.3,29.7,0.6999999999999855,20.89999999999999,25.166666666666668,0.0,30.400000000000002,1.2355835328569178,20.942857142857143,25.414285714285715,5.6,30.4,0.9438057166444652,20.264285714285712,25.32857142857143,5.6,0.8660254037844386,0.5000000000000001,8.899999999999999,561.6
2026-02-28,31.6,20.8,26.4,0.0,9.4,50,5,2,59,1,2026,30.4,21.5,25.8,29.7,20.4,24.9,29.0,20.8,24.8,31.5,20.9,26.3,30.5,19.2,25.2,29.2,19.4,24.3,30.566666666666666,0.9609023536932914,20.899999999999995,25.7,0.0,30.414285714285715,1.250904434704115,20.928571428571427,25.428571428571427,5.6,30.478571428571428,0.9970561063061649,20.37857142857143,25.414285714285715,5.6,0.8660254037844386,0.5000000000000001,10.8,470.0
2026-03-01,32.7,21.8,27.3,0.0,10.8,46,6,3,60,1,2026,31.6,20.8,26.4,30.4,21.5,25.8,29.7,20.4,24.9,31.9,21.8,26.4,31.2,18.8,25.7,28.6,19.6,23.9,31.566666666666674,1.1503622617824767,21.36666666666666,26.5,0.0,30.52857142857143,1.432613329681625,20.928571428571427,25.557142857142857,5.6,30.585714285714285,1.1494862684348164,20.592857142857145,25.528571428571432,5.6,1.0,6.123233995736766e-17,10.900000000000002,496.8
2026-03-02,34.1,22.9,28.3,0.0,11.3,45,0,3,61,1,2026,32.7,21.8,27.3,31.6,20.8,26.4,30.4,21.5,25.8,31.4,21.7,25.6,30.7,20.8,26.1,27.7,18.7,23.3,32.800000000000004,1.2529964086141385,21.83333333333333,27.333333333333332,0.0,30.91428571428571,1.9692880028314192,21.099999999999998,25.942857142857143,3.7,30.82857142857143,1.485534646790398,20.74285714285714,25.685714285714287,5.6,1.0,6.123233995736766e-17,11.200000000000003,508.50000000000006
2026-03-03,34.1,22.8,28.8,0.0,10.8,40,1,3,62,1,2026,34.1,22.9,28.3,32.7,21.8,27.3,31.6,20.8,26.4,28.9,19.5,24.1,30.0,19.8,25.0,27.7,17.8,22.9,33.63333333333333,0.8082903768654147,22.49999999999999,28.133333333333336,0.0,31.657142857142862,2.061437316418894,21.571428571428573,26.614285714285717,0.0,31.12142857142857,1.698496426222781,20.957142857142856,25.957142857142856,5.6,1.0,6.123233995736766e-17,11.3,432.0
2026-03-04,33.6,20.9,28.2,0.0,12.1,35,2,3,63,1,2026,34.1,22.8,28.8,34.1,22.9,28.3,32.7,21.8,27.3,29.0,20.8,24.8,29.4,18.8,24.4,28.2,18.2,23.2,33.93333333333334,0.2886751345948139,22.199999999999992,28.433333333333337,0.0,32.31428571428572,1.7883219056131245,21.585714285714285,27.099999999999998,0.0,31.42142857142857,1.7414311406380178,21.107142857142858,26.22857142857143,5.6,1.0,6.123233995736766e-17,12.700000000000003,423.5
2026-03-05,34.5,21.0,28.6,0.0,11.1,30,3,3,64,1,2026,33.6,20.9,28.2,34.1,22.8,28.8,34.1,22.9,28.3,29.7,20.4,24.9,30.0,20.2,25.0,28.1,18.3,23.2,34.06666666666667,0.4509249752822878,21.56666666666666,28.53333333333333,0.0,33.0,1.5187714333194393,21.671428571428574,27.628571428571426,0.0,31.74285714285714,1.8694772143426688,21.164285714285715,26.485714285714288,5.6,1.0,6.123233995736766e-17,13.5,333.0
2026-03-06,35.1,21.9,29.1,0.0,9.4,27,4,3,65,1,2026,34.5,21.0,28.6,33.6,20.9,28.2,34.1,22.8,28.8,30.4,21.5,25.8,31.0,19.5,25.3,28.2,18.4,23.5,34.400000000000006,0.7549834435270719,21.26666666666666,28.633333333333336,0.0,33.67142857142857,1.1785786435567767,21.72857142857143,28.1,0.0,32.035714285714285,2.0559883054359154,21.335714285714285,26.75714285714286,5.6,1.0,6.123233995736766e-17,13.200000000000003,253.8
2026-03-07,35.3,21.6,29.1,0.0,11.0,30,5,3,66,1,2026,35.1,21.9,29.1,34.5,21.0,28.6,33.6,20.9,28.2,31.6,20.8,26.4,31.5,20.9,26.3,28.4,18.5,23.4,34.96666666666667,0.4163331998932068,21.49999999999999,28.933333333333337,0.0,34.2,0.8888194417318435,21.842857142857145,28.485714285714288,0.0,32.30714285714286,2.223809719902081,21.38571428571429,26.957142857142856,5.6,1.0,6.123233995736766e-17,13.699999999999996,330.0
2026-03-08,34.5,23.0,28.7,0.0,11.5,36,6,3,67,1,2026,35.3,21.6,29.1,35.1,21.9,29.1,34.5,21.0,28.6,32.7,21.8,27.3,31.9,21.8,26.4,28.8,18.9,24.0,34.96666666666667,0.4163331998932068,22.166666666666657,28.96666666666667,0.0,34.45714285714286,0.5940177967516199,22.014285714285712,28.685714285714283,0.0,32.49285714285714,2.2946306174046724,21.47142857142857,27.121428571428574,5.6,1.0,6.123233995736766e-17,11.5,414.0
2026-03-09,33.7,22.5,27.8,0.0,12.9,52,0,3,68,1,2026,34.5,23.0,28.7,35.3,21.6,29.1,35.1,21.9,29.1,34.1,22.9,28.3,31.4,21.7,25.6,29.4,18.6,24.3,34.5,0.7999999999999947,22.36666666666666,28.53333333333333,0.0,34.4,0.6506407098651601,21.95714285714286,28.614285714285717,0.0,32.65714285714286,2.292702230226327,21.528571428571432,27.27857142857143,3.7,1.0,6.123233995736766e-17,11.200000000000003,670.8000000000001
2026-03-10,32.5,22.4,27.4,0.0,11.5,54,1,3,69,1,2026,33.7,22.5,27.8,34.5,23.0,28.7,35.3,21.6,29.1,34.1,22.8,28.8,28.9,19.5,24.1,29.6,20.3,24.7,33.56666666666667,1.006644591369438,22.633333333333326,27.96666666666667,0.0,34.17142857142857,0.9741907508533046,21.900000000000002,28.414285714285715,0.0,32.91428571428572,2.025171272095252,21.735714285714288,27.514285714285712,0.0,1.0,6.123233995736766e-17,10.100000000000001,621.0
2026-03-11,34.3,22.8,28.4,0.0,13.1,37,2,3,70,1,2026,32.5,22.4,27.4,33.7,22.5,27.8,34.5,23.0,28.7,33.6,20.9,28.2,29.0,20.8,24.8,30.1,18.9,24.3,33.5,0.9165151389911708,22.56666666666666,27.866666666666664,0.0,34.27142857142857,0.9411239481145895,22.17142857142857,28.442857142857147,0.0,33.29285714285714,1.7076588948323568,21.87857142857143,27.771428571428572,0.0,1.0,6.123233995736766e-17,11.499999999999996,484.7
2026-03-12,35.3,21.1,29.2,0.0,11.4,36,3,3,71,1,2026,34.3,22.8,28.4,32.5,22.4,27.4,33.7,22.5,27.8,34.5,21.0,28.6,29.7,20.4,24.9,30.0,18.7,24.4,34.03333333333333,1.418919776919515,22.099999999999994,28.333333333333332,0.0,34.385714285714286,1.0188695883653334,22.185714285714283,28.52857142857143,0.0,33.69285714285714,1.4355188210940995,21.928571428571427,28.078571428571426,0.0,1.0,6.123233995736766e-17,14.199999999999996,410.40000000000003
2026-03-13,36.1,23.6,30.2,0.0,14.6,28,4,3,72,1,2026,35.3,21.1,29.2,34.3,22.8,28.4,32.5,22.4,27.4,35.1,21.9,29.1,30.4,21.5,25.8,29.5,18.3,23.8,35.233333333333334,0.9018499505645619,22.499999999999996,29.266666666666666,0.0,34.528571428571425,1.191237851584698,22.428571428571427,28.685714285714283,0.0,34.1,1.2222299922057251,22.07857142857143,28.392857142857142,0.0,1.0,6.123233995736766e-17,12.5,408.8
2026-03-14,35.5,23.9,29.5,0.0,12.6,38,5,3,73,1,2026,36.1,23.6,30.2,35.3,21.1,29.2,34.3,22.8,28.4,35.3,21.6,29.1,31.6,20.8,26.4,29.6,18.3,24.0,35.63333333333333,0.4163331998931725,22.86666666666666,29.633333333333336,0.0,34.55714285714286,1.214985792588121,22.757142857142856,28.74285714285714,0.0,34.378571428571426,1.0393626533966598,22.3,28.614285714285717,0.0,1.0,6.123233995736766e-17,11.600000000000001,478.8
2026-03-15,33.9,22.8,28.6,0.0,14.7,42,6,3,74,1,2026,35.5,23.9,29.5,36.1,23.6,30.2,35.3,21.1,29.2,34.5,23.0,28.7,32.7,21.8,27.3,30.2,18.6,24.5,35.166666666666664,1.1372481406154578,23.433333333333326,29.433333333333334,0.0,34.47142857142857,1.2405835800332545,22.728571428571428,28.72857142857143,0.0,34.464285714285715,0.9344740543443508,22.37142857142857,28.707142857142856,0.0,1.0,6.123233995736766e-17,11.099999999999998,617.4
2026-03-16,33.4,23.6,28.1,0.3,13.9,43,0,3,75,1,2026,33.9,22.8,28.6,35.5,23.9,29.5,36.1,23.6,30.2,33.7,22.5,27.8,34.1,22.9,28.3,30.5,19.2,25.2,34.26666666666667,1.0969655114603059,23.433333333333326,28.733333333333334,0.30000000000000354,34.42857142857143,1.276341497816367,22.885714285714283,28.771428571428572,0.3,34.41428571428571,0.9733820049053424,22.421428571428574,28.692857142857143,0.3,1.0,6.123233995736766e-17,9.799999999999997,597.7
2026-03-17,31.0,22.3,26.6,0.4,10.7,49,1,3,76,1,2026,33.4,23.6,28.1,33.9,22.8,28.6,35.5,23.9,29.5,32.5,22.4,27.4,34.1,22.8,28.8,31.2,18.8,25.7,32.76666666666667,1.5502687938978412,22.89999999999999,27.76666666666667,0.7000000000000035,34.214285714285715,1.7072673793997264,22.871428571428574,28.657142857142855,0.7,34.19285714285714,1.335586466235807,22.38571428571429,28.535714285714285,0.7,1.0,6.123233995736766e-17,8.7,524.3
2026-03-18,27.8,20.4,23.5,3.8,15.1,62,2,3,77,1,2026,31.0,22.3,26.6,33.4,23.6,28.1,33.9,22.8,28.6,34.3,22.8,28.4,33.6,20.9,28.2,30.7,20.8,26.1,30.733333333333334,2.809507667427444,22.099999999999994,26.066666666666666,4.5000000000000036,33.285714285714285,2.9605340573555985,22.528571428571432,27.957142857142856,4.5,33.778571428571425,2.1715568932589417,22.349999999999998,28.199999999999996,4.5,1.0,6.123233995736766e-17,7.400000000000002,936.1999999999999
2026-03-19,30.4,19.8,24.9,0.0,12.2,61,3,3,78,1,2026,27.8,20.4,23.5,31.0,22.3,26.6,33.4,23.6,28.1,35.3,21.1,29.2,34.5,21.0,28.6,30.0,19.8,25.0,29.733333333333334,1.7009801096231747,20.833333333333325,25.0,4.200000000000004,32.58571428571428,2.9840847683607126,22.342857142857145,27.342857142857145,4.5,33.48571428571429,2.3369464438278857,22.264285714285712,27.935714285714287,4.5,1.0,6.123233995736766e-17,10.599999999999998,744.1999999999999
2026-03-20,30.8,20.0,25.8,0.0,8.0,54,4,3,79,1,2026,30.4,19.8,24.9,27.8,20.4,23.5,31.0,22.3,26.6,36.1,23.6,30.2,35.1,21.9,29.1,29.4,18.8,24.4,29.666666666666668,1.6289055630495197,20.06666666666666,24.733333333333334,3.8000000000000034,31.82857142857143,2.5901829315799536,21.828571428571426,26.714285714285715,4.5,33.17857142857143,2.3904227406720415,22.12857142857143,27.7,4.5,1.0,6.123233995736766e-17,10.8,432.0
2026-03-21,32.5,22.0,26.8,0.1,9.4,53,5,3,80,1,2026,30.8,20.0,25.8,30.4,19.8,24.9,27.8,20.4,23.5,35.5,23.9,29.5,35.3,21.6,29.1,30.0,20.2,25.0,31.233333333333338,1.1150485789119546,20.599999999999994,25.833333333333332,0.10000000000000356,31.400000000000002,2.079262689833547,21.557142857142857,26.32857142857143,4.6,32.978571428571435,2.3152267114206984,22.157142857142855,27.535714285714285,4.6,1.0,6.123233995736766e-17,10.5,498.20000000000005
2026-03-22,31.4,22.5,27.3,0.4,10.5,58,6,3,81,1,2026,32.5,22.0,26.8,30.8,20.0,25.8,30.4,19.8,24.9,33.9,22.8,28.6,34.5,23.0,28.7,31.0,19.5,25.3,31.566666666666666,0.862167810425294,21.49999999999999,26.633333333333336,0.5000000000000036,31.042857142857144,1.769987893421209,21.514285714285712,26.142857142857142,5.0,32.75714285714286,2.3067507236587357,22.12142857142857,27.435714285714283,5.0,1.0,6.123233995736766e-17,8.899999999999999,609.0
2026-03-23,34.0,23.3,28.4,0.2,9.9,50,0,3,82,1,2026,31.4,22.5,27.3,32.5,22.0,26.8,30.8,20.0,25.8,33.4,23.6,28.1,33.7,22.5,27.8,31.5,20.9,26.3,32.63333333333333,1.3051181300301822,22.599999999999994,27.5,0.7000000000000035,31.12857142857143,1.9119922295121374,21.47142857142857,26.185714285714283,4.9,32.778571428571425,2.3175512844476938,22.178571428571427,27.478571428571428,5.2,1.0,6.123233995736766e-17,10.7,495.0
2026-03-24,33.7,23.7,28.3,0.7,8.0,51,1,3,83,1,2026,34.0,23.3,28.4,31.4,22.5,27.3,32.5,22.0,26.8,31.0,22.3,26.6,32.5,22.4,27.4,31.9,21.8,26.4,33.03333333333334,1.422439219556835,23.166666666666657,28.0,1.3000000000000034,31.514285714285712,2.1404271936763184,21.67142857142857,26.428571428571427,5.199999999999999,32.864285714285714,2.328620305561582,22.271428571428572,27.542857142857144,5.9,1.0,6.123233995736766e-17,10.000000000000004,408.0
2026-03-25,33.5,24.1,28.7,0.1,9.0,51,2,3,84,1,2026,33.7,23.7,28.3,34.0,23.3,28.4,31.4,22.5,27.3,27.8,20.4,23.5,34.3,22.8,28.4,31.4,21.7,25.6,33.73333333333334,0.25166114784251853,23.699999999999992,28.46666666666667,1.0000000000000036,32.32857142857143,1.4716366011059911,22.199999999999996,27.17142857142857,1.5,32.80714285714286,2.300322480976246,22.364285714285717,27.564285714285717,6.0,1.0,6.123233995736766e-17,9.399999999999999,459.0
2026-03-26,35.1,24.1,29.8,0.0,10.4,43,3,3,85,1,2026,33.5,24.1,28.7,33.7,23.7,28.3,34.0,23.3,28.4,30.4,19.8,24.9,35.3,21.1,29.2,28.9,19.5,24.1,34.1,0.871779788708167,23.966666666666658,28.933333333333334,0.8000000000000035,33.0,1.516575088810478,22.814285714285717,27.87142857142857,1.5,32.792857142857144,2.28421482410008,22.57857142857143,27.607142857142858,6.0,1.0,6.123233995736766e-17,11.0,447.2
2026-03-27,35.5,23.9,30.0,0.0,11.5,42,4,3,86,1,2026,35.1,24.1,29.8,33.5,24.1,28.7,33.7,23.7,28.3,30.8,20.0,25.8,36.1,23.6,30.2,29.0,20.8,24.8,34.699999999999996,1.058300524425844,24.033333333333328,29.5,0.10000000000000356,33.67142857142857,1.417408769215193,23.371428571428574,28.47142857142857,1.5,32.75,2.222178418371964,22.599999999999998,27.592857142857138,6.0,1.0,6.123233995736766e-17,11.600000000000001,483.0
2026-03-28,35.2,25.2,30.4,0.0,15.0,37,5,3,87,1,2026,35.5,23.9,30.0,35.1,24.1,29.8,33.5,24.1,28.7,32.5,22.0,26.8,35.5,23.9,29.5,29.7,20.4,24.9,35.26666666666667,0.20816659994654996,24.39999999999999,30.066666666666663,0.0,34.05714285714286,1.4128660503356245,23.82857142857143,28.985714285714288,1.4,32.72857142857143,2.1948991816444834,22.692857142857147,27.657142857142855,6.0,1.0,6.123233995736766e-17,10.000000000000004,555.0
2026-03-29,36.6,25.2,30.9,0.0,10.0,34,6,3,88,1,2026,35.2,25.2,30.4,35.5,23.9,30.0,35.1,24.1,29.8,31.4,22.5,27.3,33.9,22.8,28.6,30.4,21.5,25.8,35.76666666666667,0.7371114795831563,24.766666666666662,30.433333333333334,0.0,34.8,1.119523708250006,24.214285714285715,29.5,0.9999999999999999,32.92142857142857,2.4134809114412517,22.864285714285717,27.821428571428573,6.0,1.0,6.123233995736766e-17,11.400000000000002,340.0
2026-03-30,36.3,26.2,30.3,0.3,12.1,41,0,3,89,1,2026,36.6,25.2,30.9,35.2,25.2,30.4,35.5,23.9,30.0,34.0,23.3,28.4,33.4,23.6,28.1,31.6,20.8,26.4,36.03333333333334,0.7371114795831408,25.533333333333328,30.53333333333333,0.30000000000000354,35.128571428571426,1.1814035236593796,24.62857142857143,29.771428571428572,1.0999999999999999,33.128571428571426,2.576649157165569,23.05,27.978571428571428,6.0,1.0,6.123233995736766e-17,10.099999999999998,496.09999999999997
2026-03-31,32.0,23.2,27.6,1.5,15.1,55,1,3,90,1,2026,36.3,26.2,30.3,36.6,25.2,30.9,35.2,25.2,30.4,33.7,23.7,28.3,31.0,22.3,26.6,32.7,21.8,27.3,34.96666666666667,2.573583752927681,24.866666666666656,29.599999999999998,1.8000000000000036,34.885714285714286,1.6180529157279584,24.557142857142857,29.67142857142857,1.9,33.199999999999996,2.5264751974001394,23.11428571428571,28.050000000000004,7.1,1.0,6.123233995736766e-17,8.8,830.5
2026-04-01,33.5,23.9,28.9,0.0,12.3,53,2,4,91,2,2026,32.0,23.2,27.6,36.3,26.2,30.3,36.6,25.2,30.9,33.5,24.1,28.7,27.8,20.4,23.5,34.1,22.9,28.3,33.93333333333334,2.182506204649461,24.433333333333326,28.933333333333334,1.8000000000000036,34.885714285714286,1.6180529157279584,24.528571428571432,29.7,1.7999999999999998,33.607142857142854,1.9920859904651955,23.364285714285717,28.435714285714287,3.3,0.8660254037844387,-0.4999999999999998,9.600000000000001,651.9000000000001
2026-04-02,33.5,23.7,28.8,0.0,10.4,44,3,4,92,2,2026,33.5,23.9,28.9,32.0,23.2,27.6,36.3,26.2,30.3,35.1,24.1,29.8,30.4,19.8,24.9,34.1,22.8,28.8,33.0,0.8660254037845222,23.59999999999999,28.433333333333337,1.5000000000000036,34.65714285714286,1.6939668856044134,24.471428571428568,29.557142857142857,1.7999999999999998,33.82857142857143,1.7678446553008564,23.642857142857142,28.714285714285715,3.3,0.8660254037844387,-0.4999999999999998,9.8,457.6
2026-04-03,34.9,24.4,30.0,0.0,9.1,42,4,4,93,2,2026,33.5,23.7,28.8,33.5,23.9,28.9,32.0,23.2,27.6,35.5,23.9,30.0,30.8,20.0,25.8,33.6,20.9,28.2,33.96666666666667,0.8082903768654742,23.99999999999999,29.23333333333333,0.0,34.57142857142857,1.6590301240126588,24.54285714285714,29.557142857142857,1.7999999999999998,34.121428571428574,1.5542391516946106,23.957142857142856,29.014285714285712,3.3,0.8660254037844387,-0.4999999999999998,10.5,382.2
2026-04-04,34.6,26.1,30.5,0.1,10.5,38,5,4,94,2,2026,34.9,24.4,30.0,33.5,23.7,28.8,33.5,23.9,28.9,35.2,25.2,30.4,32.5,22.0,26.8,34.5,21.0,28.6,34.333333333333336,0.7371114795831961,24.733333333333324,29.76666666666667,0.10000000000000356,34.48571428571429,1.6364886917103159,24.67142857142857,29.571428571428573,1.9,34.27142857142857,1.4855346467902422,24.25,29.27857142857143,3.3,0.8660254037844387,-0.4999999999999998,8.5,399.0
2026-04-05,33.9,27.1,30.4,2.3,8.5,42,6,4,95,2,2026,34.6,26.1,30.5,34.9,24.4,30.0,33.5,23.7,28.8,36.6,25.2,30.9,31.4,22.5,27.3,35.1,21.9,29.1,34.46666666666667,0.513160143944684,25.86666666666666,30.3,2.4000000000000035,34.1,1.347837774610564,24.942857142857143,29.5,4.199999999999999,34.45,1.2445264777605796,24.578571428571426,29.5,5.199999999999999,0.8660254037844387,-0.4999999999999998,6.799999999999997,357.0
2026-04-06,34.7,25.1,30.5,0.0,15.4,37,0,4,96,2,2026,33.9,27.1,30.4,34.6,26.1,30.5,34.9,24.4,30.0,36.3,26.2,30.3,34.0,23.3,28.4,35.3,21.6,29.1,34.400000000000006,0.4358898943540654,26.099999999999994,30.46666666666667,2.4000000000000035,33.871428571428574,1.004513623127186,24.785714285714285,29.52857142857143,3.9,34.5,1.2391063777519706,24.707142857142856,29.65,5.0,0.8660254037844387,-0.4999999999999998,9.600000000000001,569.8000000000001
2026-04-07,34.6,24.7,30.2,0.0,12.4,28,1,4,97,2,2026,34.7,25.1,30.5,33.9,27.1,30.4,34.6,26.1,30.5,32.0,23.2,27.6,33.7,23.7,28.3,34.5,23.0,28.7,34.400000000000006,0.4358898943540654,25.633333333333326,30.366666666666664,2.3000000000000034,34.24285714285714,0.594017796751612,25.0,29.900000000000002,2.4,34.56428571428572,1.2175682845218632,24.77857142857143,29.78571428571428,4.300000000000001,0.8660254037844387,-0.4999999999999998,9.900000000000002,347.2
2026-04-08,35.6,25.2,30.9,0.0,13.0,28,2,4,98,2,2026,34.6,24.7,30.2,34.7,25.1,30.5,33.9,27.1,30.4,33.5,23.9,28.9,33.5,24.1,28.7,33.7,22.5,27.8,34.96666666666667,0.5507570547286093,24.999999999999996,30.53333333333333,0.0,34.542857142857144,0.6803360514169803,25.185714285714283,30.185714285714287,2.4,34.714285714285715,1.205664287282052,24.857142857142854,29.942857142857143,4.199999999999999,0.8660254037844387,-0.4999999999999998,10.400000000000002,364.0
2026-04-09,36.3,25.9,31.3,0.0,15.9,31,3,4,99,2,2026,35.6,25.2,30.9,34.6,24.7,30.2,34.7,25.1,30.5,33.5,23.7,28.8,35.1,24.1,29.8,32.5,22.4,27.4,35.5,0.8544003745317508,25.266666666666655,30.8,0.0,34.94285714285714,0.7807200583591563,25.5,30.54285714285714,2.4,34.8,1.2758104513183999,24.985714285714288,30.05,4.199999999999999,0.8660254037844387,-0.4999999999999998,10.399999999999999,492.90000000000003
2026-04-10,36.8,25.7,31.6,0.0,12.2,35,4,4,100,2,2026,36.3,25.9,31.3,35.6,25.2,30.9,34.6,24.7,30.2,34.9,24.4,30.0,35.5,23.9,30.0,34.3,22.8,28.4,36.23333333333334,0.6027713773341651,25.599999999999994,31.266666666666666,0.0,35.214285714285715,1.0479003951214831,25.685714285714287,30.77142857142857,2.4,34.892857142857146,1.3741930699168625,25.11428571428571,30.164285714285715,4.199999999999999,0.8660254037844387,-0.4999999999999998,11.099999999999998,427.0
2026-04-11,37.9,26.2,32.1,0.0,10.7,37,5,4,101,2,2026,36.8,25.7,31.6,36.3,25.9,31.3,35.6,25.2,30.9,34.6,26.1,30.5,35.2,25.2,30.4,35.3,21.1,29.2,37.0,0.8185352771872416,25.933333333333323,31.666666666666668,0.0,35.68571428571428,1.4064477374206896,25.7,31.0,2.3,35.08571428571428,1.5927031414247308,25.185714285714283,30.285714285714285,4.199999999999999,0.8660254037844387,-0.4999999999999998,11.7,395.9
2026-04-12,38.3,27.3,32.6,0.0,12.8,36,6,4,102,2,2026,37.9,26.2,32.1,36.8,25.7,31.6,36.3,25.9,31.3,33.9,27.1,30.4,36.6,25.2,30.9,36.1,23.6,30.2,37.666666666666664,0.7767453465153963,26.399999999999995,32.1,0.0,36.31428571428571,1.4576563054309017,25.72857142857143,31.314285714285717,0.0,35.207142857142856,1.7717719447425264,25.335714285714285,30.407142857142862,4.199999999999999,0.8660254037844387,-0.4999999999999998,10.999999999999996,460.8
2026-04-13,37.4,27.4,32.6,0.0,13.6,38,0,4,103,2,2026,38.3,27.3,32.6,37.9,26.2,32.1,36.8,25.7,31.6,34.7,25.1,30.5,36.3,26.2,30.3,35.5,23.9,29.5,37.86666666666667,0.4509249752822759,26.966666666666658,32.43333333333334,0.0,36.699999999999996,1.3089435944050118,26.057142857142853,31.61428571428571,0.0,35.285714285714285,1.8467672973469962,25.42142857142857,30.571428571428573,3.9,0.8660254037844387,-0.4999999999999998,10.0,516.8
2026-04-14,38.4,27.5,33.1,0.0,11.6,36,1,4,104,2,2026,37.4,27.4,32.6,38.3,27.3,32.6,37.9,26.2,32.1,34.6,24.7,30.2,32.0,23.2,27.6,33.9,22.8,28.6,38.03333333333333,0.5507570547285997,27.39999999999999,32.76666666666667,0.0,37.24285714285714,1.0564991605254979,26.457142857142856,32.028571428571425,0.0,35.74285714285715,1.7609937254572234,25.728571428571428,30.964285714285715,2.4,0.8660254037844387,-0.4999999999999998,10.899999999999999,417.59999999999997
2026-04-15,38.6,27.7,33.5,0.0,12.4,32,2,4,105,2,2026,38.4,27.5,33.1,37.4,27.4,32.6,38.3,27.3,32.6,35.6,25.2,30.9,33.5,23.9,28.9,33.4,23.6,28.1,38.13333333333333,0.642910050732856,27.533333333333328,33.06666666666667,0.0,37.67142857142857,0.8712333895393644,26.814285714285717,32.4,0.0,36.107142857142854,1.788624003019243,26.0,31.292857142857144,2.4,0.8660254037844387,-0.4999999999999998,10.900000000000002,396.8
2026-04-16,38.4,27.4,33.2,0.0,11.8,37,3,4,106,2,2026,38.6,27.7,33.5,38.4,27.5,33.1,37.4,27.4,32.6,36.3,25.9,31.3,33.5,23.7,28.8,31.0,22.3,26.6,38.46666666666667,0.11547005383787899,27.533333333333328,33.26666666666667,0.0,37.971428571428575,0.6550172662214808,27.02857142857143,32.67142857142857,0.0,36.45714285714286,1.7172044749510513,26.264285714285712,31.607142857142858,2.4,0.8660254037844387,-0.4999999999999998,11.0,436.6
2026-04-17,39.5,27.9,33.8,0.0,9.5,38,4,4,107,2,2026,38.4,27.4,33.2,38.6,27.7,33.5,38.4,27.5,33.1,36.8,25.7,31.6,34.9,24.4,30.0,27.8,20.4,23.5,38.833333333333336,0.5859465277082212,27.666666666666657,33.5,0.0,38.357142857142854,0.6451282633640657,27.342857142857145,32.98571428571429,0.0,36.785714285714285,1.8325506154653466,26.514285714285712,31.87857142857143,2.4,0.8660254037844387,-0.4999999999999998,11.600000000000001,361.0
2026-04-18,39.0,27.4,33.2,0.0,9.9,38,5,4,108,2,2026,39.5,27.9,33.8,38.4,27.4,33.2,38.6,27.7,33.5,37.9,26.2,32.1,34.6,26.1,30.5,30.4,19.8,24.9,38.96666666666667,0.5507570547285989,27.56666666666666,33.400000000000006,0.0,38.51428571428572,0.6491753010006127,27.514285714285712,33.142857142857146,0.0,37.1,1.8059729957945334,26.607142857142858,32.07142857142857,2.3,0.8660254037844387,-0.4999999999999998,11.600000000000001,376.2
2026-04-19,38.3,26.6,32.4,0.0,9.4,43,6,4,109,2,2026,39.0,27.4,33.2,39.5,27.9,33.8,38.4,27.4,33.2,38.3,27.3,32.6,33.9,27.1,30.4,30.8,20.0,25.8,38.93333333333333,0.6027713773341595,27.299999999999994,33.13333333333333,0.0,38.51428571428571,0.6491753010006127,27.414285714285715,33.114285714285714,0.0,37.41428571428571,1.574243233506923,26.571428571428573,32.214285714285715,0.0,0.8660254037844387,-0.4999999999999998,11.699999999999996,404.2
2026-04-20,37.1,26.6,32.4,0.0,11.4,34,0,4,110,2,2026,38.3,26.6,32.4,39.0,27.4,33.2,39.5,27.9,33.8,37.4,27.4,32.6,34.7,25.1,30.5,32.5,22.0,26.8,38.13333333333333,0.9609023536932896,26.86666666666666,32.666666666666664,0.0,38.471428571428575,0.7387247699346131,27.3,33.08571428571429,0.0,37.58571428571429,1.373853168090782,26.678571428571427,32.35,0.0,0.8660254037844387,-0.4999999999999998,10.5,387.6
2026-04-21,36.6,27.3,31.9,0.2,13.7,41,1,4,111,2,2026,37.1,26.6,32.4,38.3,26.6,32.4,39.0,27.4,33.2,38.4,27.5,33.1,34.6,24.7,30.2,31.4,22.5,27.3,37.333333333333336,0.8736894948053833,26.83333333333333,32.233333333333334,0.20000000000000356,38.214285714285715,1.0253919111389658,27.271428571428572,32.91428571428571,0.2,37.72857142857142,1.1200470947714767,26.864285714285717,32.471428571428575,0.2,0.8660254037844387,-0.4999999999999998,9.3,561.6999999999999
2026-04-22,37.8,26.3,32.0,0.0,11.6,38,2,4,112,2,2026,36.6,27.3,31.9,37.1,26.6,32.4,38.3,26.6,32.4,38.6,27.7,33.5,35.6,25.2,30.9,34.0,23.3,28.4,37.16666666666667,0.6027713773341298,26.733333333333324,32.1,0.20000000000000356,38.1,1.0198039027188728,27.071428571428573,32.699999999999996,0.2,37.885714285714286,0.9379660013991591,26.942857142857147,32.55,0.2,0.8660254037844387,-0.4999999999999998,11.499999999999996,440.8
2026-04-23,37.3,26.9,32.4,0.0,11.3,36,3,4,113,2,2026,37.8,26.3,32.0,36.6,27.3,31.9,37.1,26.6,32.4,38.4,27.4,33.2,36.3,25.9,31.3,33.7,23.7,28.3,37.233333333333334,0.6027713773341302,26.83333333333333,32.1,0.20000000000000356,37.94285714285714,1.0501700542568237,27.0,32.58571428571428,0.2,37.957142857142856,0.8409832027176545,27.014285714285712,32.628571428571426,0.2,0.8660254037844387,-0.4999999999999998,10.399999999999999,406.8
2026-04-24,37.7,26.4,32.3,0.0,9.1,35,4,4,114,2,2026,37.3,26.9,32.4,37.8,26.3,32.0,36.6,27.3,31.9,39.5,27.9,33.8,36.8,25.7,31.6,33.5,24.1,28.7,37.6,0.2645751311063826,26.533333333333328,32.233333333333334,0.0,37.68571428571429,0.7946247991531576,26.785714285714285,32.371428571428574,0.2,38.021428571428565,0.7777468160594391,27.064285714285713,32.67857142857143,0.2,0.8660254037844387,-0.4999999999999998,11.300000000000004,318.5
2026-04-25,38.2,26.9,33.0,0.0,11.4,35,5,4,115,2,2026,37.7,26.4,32.3,37.3,26.9,32.4,37.8,26.3,32.0,39.0,27.4,33.2,37.9,26.2,32.1,35.1,24.1,29.8,37.733333333333334,0.4509249752822497,26.733333333333324,32.56666666666666,0.0,37.57142857142857,0.6102302453841267,26.714285714285715,32.34285714285714,0.2,38.042857142857144,0.7782764841075228,27.114285714285717,32.74285714285714,0.2,0.8660254037844387,-0.4999999999999998,11.300000000000004,399.0
2026-04-26,37.7,27.9,33.4,0.0,12.9,37,6,4,116,2,2026,38.2,26.9,33.0,37.7,26.4,32.3,37.3,26.9,32.4,38.3,26.6,32.4,38.3,27.3,32.6,35.5,23.9,30.0,37.86666666666667,0.28867513459475175,27.06666666666666,32.9,0.0,37.48571428571428,0.5273473599970454,26.900000000000002,32.48571428571428,0.2,38.0,0.7795462190869739,27.157142857142855,32.8,0.2,0.8660254037844387,-0.4999999999999998,9.800000000000004,477.3
2026-04-27,39.1,27.6,33.7,0.0,11.8,35,0,4,117,2,2026,37.7,27.9,33.4,38.2,26.9,33.0,37.7,26.4,32.3,37.1,26.6,32.4,37.4,27.4,32.6,35.2,25.2,30.4,38.333333333333336,0.7094598884597415,27.466666666666658,33.36666666666667,0.0,37.771428571428565,0.7696628822943083,27.042857142857144,32.67142857142857,0.2,38.121428571428574,0.8106773724474312,27.171428571428574,32.878571428571426,0.2,0.8660254037844387,-0.4999999999999998,11.5,413.0
2026-04-28,39.3,27.3,33.4,0.0,12.2,37,1,4,118,2,2026,39.1,27.6,33.7,37.7,27.9,33.4,38.2,26.9,33.0,36.6,27.3,31.9,38.4,27.5,33.1,36.6,25.2,30.9,38.70000000000001,0.8717797887081229,27.599999999999994,33.5,0.0,38.15714285714286,0.7612646120268944,27.042857142857144,32.885714285714286,0.0,38.18571428571429,0.8681165668427436,27.157142857142862,32.9,0.2,0.8660254037844387,-0.4999999999999998,11.999999999999996,451.4
2026-04-29,39.4,28.0,33.5,0.0,10.4,33,2,4,119,2,2026,39.3,27.3,33.4,39.1,27.6,33.7,37.7,27.9,33.4,37.8,26.3,32.0,38.6,27.7,33.5,36.3,26.2,30.3,39.266666666666666,0.15275252316517215,27.633333333333326,33.53333333333333,0.0,38.385714285714286,0.868770340632416,27.285714285714285,33.1,0.0,38.24285714285714,0.9221332172360557,27.178571428571427,32.9,0.2,0.8660254037844387,-0.4999999999999998,11.399999999999999,343.2
2026-04-30,38.9,29.1,34.2,0.0,12.3,27,3,4,120,2,2026,39.4,28.0,33.5,39.3,27.3,33.4,39.1,27.6,33.7,37.3,26.9,32.4,38.4,27.4,33.2,32.0,23.2,27.6,39.199999999999996,0.2645751311064431,28.133333333333326,33.7,0.0,38.614285714285714,0.7358183005533641,27.6,33.357142857142854,0.0,38.278571428571425,0.9382295696017942,27.3,32.971428571428575,0.2,0.8660254037844387,-0.4999999999999998,9.799999999999997,332.1
2026-05-01,37.9,27.3,33.1,0.0,13.8,27,4,5,121,2,2026,38.9,29.1,34.2,39.4,28.0,33.5,39.3,27.3,33.4,37.7,26.4,32.3,39.5,27.9,33.8,33.5,23.9,28.9,38.733333333333334,0.7637626158259583,28.133333333333326,33.6,0.0,38.642857142857146,0.6972736021040435,27.728571428571428,33.47142857142857,0.0,38.16428571428571,0.8731967289637473,27.25714285714286,32.92142857142857,0.2,0.49999999999999994,-0.8660254037844387,10.599999999999998,372.6
2026-05-02,38.9,28.2,33.9,0.0,13.2,26,5,5,122,2,2026,37.9,27.3,33.1,38.9,29.1,34.2,39.4,28.0,33.5,38.2,26.9,33.0,39.0,27.4,33.2,33.5,23.7,28.8,38.56666666666667,0.5773502691896012,28.199999999999992,33.733333333333334,0.0,38.74285714285714,0.672946612189868,27.914285714285715,33.6,0.0,38.15714285714285,0.8662157181269179,27.314285714285713,32.971428571428575,0.2,0.49999999999999994,-0.8660254037844387,10.7,343.2
2026-05-03,38.8,28.7,33.7,0.0,13.7,27,6,5,123,2,2026,38.9,28.2,33.9,37.9,27.3,33.1,38.9,29.1,34.2,37.7,27.9,33.4,38.3,26.6,32.4,34.9,24.4,30.0,38.53333333333333,0.5507570547285823,28.06666666666666,33.56666666666667,0.0,38.89999999999999,0.4932882862323221,28.02857142857143,33.642857142857146,0.0,38.19285714285714,0.8827093656330379,27.464285714285715,33.06428571428572,0.2,0.49999999999999994,-0.8660254037844387,10.099999999999998,369.9
2026-05-04,38.8,26.1,32.6,0.0,12.4,32,0,5,124,2,2026,38.8,28.7,33.7,38.9,28.2,33.9,37.9,27.3,33.1,39.1,27.6,33.7,37.1,26.6,32.4,34.6,26.1,30.5,38.833333333333336,0.057735026918802425,27.66666666666666,33.4,0.0,38.857142857142854,0.4859943170358694,27.814285714285713,33.48571428571429,0.0,38.31428571428571,0.8365286724199339,27.428571428571427,33.07857142857143,0.2,0.49999999999999994,-0.8660254037844387,12.699999999999996,396.8
2026-05-05,38.2,26.1,32.1,0.0,13.6,40,1,5,125,2,2026,38.8,26.1,32.6,38.8,28.7,33.7,38.9,28.2,33.9,39.3,27.3,33.4,36.6,27.3,31.9,33.9,27.1,30.4,38.6,0.3464101615137732,26.966666666666658,32.800000000000004,0.0,38.699999999999996,0.4966554808590557,27.642857142857142,33.3,0.0,38.42857142857143,0.6787188966426086,27.342857142857145,33.09285714285714,0.0,0.49999999999999994,-0.8660254037844387,12.100000000000001,544.0
2026-05-06,35.8,25.5,30.7,0.0,14.2,47,2,5,126,2,2026,38.2,26.1,32.1,38.8,26.1,32.6,38.8,28.7,33.7,39.4,28.0,33.5,37.8,26.3,32.0,34.7,25.1,30.5,37.6,1.5874507866387568,25.89999999999999,31.8,0.0,38.18571428571429,1.1216484467496362,27.285714285714285,32.9,0.0,38.285714285714285,0.9694226218634799,27.285714285714285,33.0,0.0,0.49999999999999994,-0.8660254037844387,10.299999999999997,667.4
2026-05-07,35.2,25.7,30.4,0.2,11.4,49,3,5,127,2,2026,35.8,25.5,30.7,38.2,26.1,32.1,38.8,26.1,32.6,38.9,29.1,34.2,37.3,26.9,32.4,34.6,24.7,30.2,36.400000000000006,1.5874507866387568,25.766666666666662,31.066666666666666,0.20000000000000356,37.65714285714286,1.527369353777181,26.8,32.357142857142854,0.2,38.135714285714286,1.2542893439084244,27.2,32.85714285714286,0.2,0.49999999999999994,-0.8660254037844387,9.500000000000004,558.6
2026-05-08,34.8,25.4,30.1,0.0,13.1,50,4,5,128,2,2026,35.2,25.7,30.4,35.8,25.5,30.7,38.2,26.1,32.1,37.9,27.3,33.1,37.7,26.4,32.3,35.6,25.2,30.9,35.26666666666667,0.5033222956847174,25.53333333333332,30.400000000000002,0.20000000000000356,37.214285714285715,1.8586989817510648,26.528571428571432,31.928571428571427,0.2,37.92857142857143,1.5389449789879268,27.12857142857143,32.7,0.2,0.49999999999999994,-0.8660254037844387,9.399999999999999,655.0
2026-05-09,34.7,24.7,30.2,0.0,10.3,51,5,5,129,2,2026,34.8,25.4,30.1,35.2,25.7,30.4,35.8,25.5,30.7,38.9,28.2,33.9,38.2,26.9,33.0,36.3,25.9,31.3,34.900000000000006,0.2645751311064616,25.266666666666655,30.23333333333333,0.20000000000000356,36.614285714285714,1.901252719856671,26.02857142857143,31.400000000000002,0.2,37.67857142857143,1.7598857355516981,26.971428571428568,32.5,0.2,0.49999999999999994,-0.8660254037844387,10.000000000000004,525.3000000000001
2026-05-10,36.3,24.7,30.8,0.2,12.3,49,6,5,130,2,2026,34.7,24.7,30.2,34.8,25.4,30.1,35.2,25.7,30.4,38.8,28.7,33.7,37.7,27.9,33.4,36.8,25.7,31.6,35.26666666666667,0.8962886439832485,24.933333333333326,30.36666666666667,0.20000000000000356,36.25714285714286,1.6389601813927428,25.457142857142856,30.985714285714288,0.4,37.57857142857143,1.7979383798069868,26.74285714285714,32.31428571428571,0.4,0.49999999999999994,-0.8660254037844387,11.599999999999998,602.7
2026-05-11,36.7,25.1,30.9,0.0,13.5,49,0,5,131,2,2026,36.3,24.7,30.8,34.7,24.7,30.2,34.8,25.4,30.1,38.8,26.1,32.6,39.1,27.6,33.7,37.9,26.2,32.1,35.900000000000006,1.0583005244258359,24.833333333333325,30.63333333333333,0.20000000000000356,35.957142857142856,1.2394315133120133,25.314285714285717,30.74285714285714,0.4,37.40714285714285,1.755634571103374,26.564285714285713,32.114285714285714,0.4,0.49999999999999994,-0.8660254037844387,11.600000000000001,661.5
2026-05-12,36.6,26.2,31.2,2.0,11.0,49,1,5,132,2,2026,36.7,25.1,30.9,36.3,24.7,30.8,34.7,24.7,30.2,38.2,26.1,32.1,39.3,27.3,33.4,38.3,27.3,32.6,36.53333333333334,0.20816659994662562,25.333333333333325,30.96666666666667,2.2000000000000037,35.72857142857143,0.840068024456767,25.328571428571426,30.614285714285717,2.4,37.214285714285715,1.6783036962075455,26.485714285714288,31.95714285714286,2.4,0.49999999999999994,-0.8660254037844387,10.400000000000002,539.0
2026-05-13,36.9,26.5,31.9,1.5,10.6,48,2,5,133,2,2026,36.6,26.2,31.2,36.7,25.1,30.9,36.3,24.7,30.8,35.8,25.5,30.7,39.4,28.0,33.5,37.4,27.4,32.6,36.73333333333334,0.15275252316520943,25.933333333333326,31.333333333333332,3.5000000000000036,35.885714285714286,0.9511897312115649,25.471428571428568,30.785714285714285,3.9,37.035714285714285,1.5564294161551842,26.378571428571426,31.842857142857145,3.9,0.49999999999999994,-0.8660254037844387,10.399999999999999,508.79999999999995
2026-05-14,36.9,28.5,32.7,0.3,10.5,44,3,5,134,2,2026,36.9,26.5,31.9,36.6,26.2,31.2,36.7,25.1,30.9,35.2,25.7,30.4,38.9,29.1,34.2,38.4,27.5,33.1,36.800000000000004,0.1732050807569011,27.06666666666666,31.933333333333334,3.8000000000000034,36.128571428571426,0.9638711630960167,25.87142857142857,31.114285714285717,3.9999999999999996,36.892857142857146,1.4610134973918283,26.335714285714285,31.735714285714288,4.2,0.49999999999999994,-0.8660254037844387,8.399999999999999,462.0
2026-05-15,37.4,27.5,33.1,0.2,9.8,43,4,5,135,2,2026,36.9,28.5,32.7,36.9,26.5,31.9,36.6,26.2,31.2,34.8,25.4,30.1,37.9,27.3,33.1,38.6,27.7,33.5,37.06666666666667,0.2886751345948139,27.49999999999999,32.56666666666666,2.0000000000000036,36.5,0.8621678104254517,26.17142857142857,31.542857142857144,4.199999999999999,36.857142857142854,1.440466957255779,26.349999999999998,31.735714285714288,4.4,0.49999999999999994,-0.8660254037844387,9.899999999999999,421.40000000000003
2026-05-16,37.7,29.4,33.0,1.0,14.1,45,5,5,136,2,2026,37.4,27.5,33.1,36.9,28.5,32.7,36.9,26.5,31.9,34.7,24.7,30.2,38.9,28.2,33.9,38.4,27.4,33.2,37.333333333333336,0.40414518843274505,28.466666666666658,32.93333333333334,1.5000000000000038,36.92857142857143,0.4785891965434975,26.842857142857145,31.942857142857143,5.199999999999999,36.771428571428565,1.3418864857580246,26.435714285714287,31.67142857142857,5.4,0.49999999999999994,-0.8660254037844387,8.300000000000004,634.5
2026-05-17,36.6,27.6,32.1,0.4,12.1,48,6,5,137,2,2026,37.7,29.4,33.0,37.4,27.5,33.1,36.9,28.5,32.7,36.3,24.7,30.8,38.8,28.7,33.7,39.5,27.9,33.8,37.233333333333334,0.5686240703077375,28.166666666666657,32.733333333333334,1.6000000000000036,36.971428571428575,0.42314018841059536,27.257142857142856,32.128571428571426,5.3999999999999995,36.614285714285714,1.2082136482348331,26.357142857142858,31.557142857142857,5.8,0.49999999999999994,-0.8660254037844387,9.0,580.8
2026-05-18,36.7,27.8,32.5,0.6,13.2,46,0,5,138,2,2026,36.6,27.6,32.1,37.7,29.4,33.0,37.4,27.5,33.1,36.7,25.1,30.9,38.8,26.1,32.6,39.0,27.4,33.2,37.00000000000001,0.6082762530298284,28.266666666666662,32.53333333333333,2.0000000000000036,36.971428571428575,0.42314018841059536,27.642857142857142,32.357142857142854,6.0,36.464285714285715,1.0337438626792919,26.478571428571428,31.550000000000004,6.4,0.49999999999999994,-0.8660254037844387,8.900000000000002,607.1999999999999
2026-05-19,37.9,28.0,33.2,0.3,11.3,46,1,5,139,2,2026,36.7,27.8,32.5,36.6,27.6,32.1,37.7,29.4,33.0,36.6,26.2,31.2,38.2,26.1,32.1,38.3,26.6,32.4,37.06666666666667,0.723417813807027,27.799999999999994,32.6,1.3000000000000038,37.15714285714286,0.509434794183089,27.900000000000002,32.642857142857146,4.3,36.44285714285714,0.997469325315714,26.61428571428571,31.62857142857143,6.7,0.49999999999999994,-0.8660254037844387,9.899999999999999,519.8000000000001
2026-05-20,38.5,28.2,33.7,0.3,12.4,42,2,5,140,2,2026,37.9,28.0,33.2,36.7,27.8,32.5,36.6,27.6,32.1,36.9,26.5,31.9,35.8,25.5,30.7,37.1,26.6,32.4,37.70000000000001,0.9165151389911682,27.99999999999999,33.13333333333333,1.2000000000000037,37.385714285714286,0.6986381310061884,28.142857142857142,32.9,3.1,36.635714285714286,1.1174195155030529,26.807142857142853,31.842857142857145,7.0,0.49999999999999994,-0.8660254037844387,10.3,520.8000000000001
2026-05-21,40.0,29.3,34.9,0.0,13.4,36,3,5,141,2,2026,38.5,28.2,33.7,37.9,28.0,33.2,36.7,27.8,32.5,36.9,28.5,32.7,35.2,25.7,30.4,36.6,27.3,31.9,38.800000000000004,1.0816653826391944,28.49999999999999,33.93333333333334,0.6000000000000038,37.82857142857143,1.1657819774933265,28.25714285714286,33.214285714285715,2.8000000000000003,36.97857142857142,1.3542971901032417,27.064285714285713,32.16428571428571,6.8,0.49999999999999994,-0.8660254037844387,10.7,482.40000000000003
2026-05-22,36.8,29.3,32.8,0.2,19.5,47,4,5,142,2,2026,40.0,29.3,34.9,38.5,28.2,33.7,37.9,28.0,33.2,37.4,27.5,33.1,34.8,25.4,30.1,37.8,26.3,32.0,38.43333333333334,1.6010413278030446,28.933333333333326,33.800000000000004,0.5000000000000038,37.74285714285715,1.2231886511046028,28.514285714285712,33.17142857142857,2.8,37.121428571428574,1.2039541081395633,27.342857142857145,32.357142857142854,7.0,0.49999999999999994,-0.8660254037844387,7.4999999999999964,916.5
2026-05-23,37.2,28.0,32.9,0.8,17.7,45,5,5,143,2,2026,36.8,29.3,32.8,40.0,29.3,34.9,38.5,28.2,33.7,37.7,29.4,33.0,34.7,24.7,30.2,37.3,26.9,32.4,38.0,1.7435595774162715,28.86666666666666,33.53333333333333,1.0000000000000038,37.67142857142857,1.2405835800332965,28.314285714285713,33.15714285714286,2.6,37.3,0.9821483516332944,27.57857142857143,32.550000000000004,7.8,0.49999999999999994,-0.8660254037844387,9.200000000000003,796.5
2026-05-24,37.7,26.5,32.5,0.0,18.4,46,6,5,144,2,2026,37.2,28.0,32.9,36.8,29.3,32.8,40.0,29.3,34.9,36.6,27.6,32.1,36.3,24.7,30.8,37.7,26.4,32.3,37.23333333333334,0.45092497528231995,27.933333333333326,32.73333333333333,1.0000000000000038,37.82857142857143,1.1484979839112703,28.157142857142855,33.214285714285715,2.2,37.4,0.9429903335832066,27.707142857142856,32.67142857142857,7.6,0.49999999999999994,-0.8660254037844387,11.200000000000003,846.4
2026-05-25,37.1,29.1,32.8,1.8,14.7,43,0,5,145,2,2026,37.7,26.5,32.5,37.2,28.0,32.9,36.8,29.3,32.8,36.7,27.8,32.5,36.7,25.1,30.9,38.2,26.9,33.0,37.333333333333336,0.3214550253664675,27.86666666666666,32.733333333333334,2.600000000000004,37.885714285714286,1.0915257997084693,28.342857142857145,33.25714285714286,3.4000000000000004,37.42857142857143,0.9260574591152602,27.992857142857144,32.80714285714286,9.4,0.49999999999999994,-0.8660254037844387,8.0,632.1
2026-05-26,36.9,25.1,32.3,4.1,14.5,47,1,5,146,2,2026,37.1,29.1,32.8,37.7,26.5,32.5,37.2,28.0,32.9,37.9,28.0,33.2,36.6,26.2,31.2,37.7,27.9,33.4,37.23333333333334,0.4163331998932582,26.899999999999995,32.53333333333333,5.900000000000004,37.74285714285715,1.1530497862297335,27.928571428571427,33.128571428571426,7.2,37.449999999999996,0.9087184551717996,27.914285714285715,32.885714285714286,11.5,0.49999999999999994,-0.8660254037844387,11.799999999999997,681.5
2026-05-27,32.5,23.2,28.5,2.5,14.7,67,2,5,147,2,2026,36.9,25.1,32.3,37.1,29.1,32.8,37.7,26.5,32.5,38.5,28.2,33.7,36.9,26.5,31.9,39.1,27.6,33.7,35.5,2.600000000000013,25.799999999999994,31.2,8.400000000000004,36.88571428571429,2.226678072397479,27.214285714285715,32.385714285714286,9.4,37.13571428571429,1.6065285761338655,27.678571428571427,32.642857142857146,12.5,0.49999999999999994,-0.8660254037844387,9.3,984.9
2026-05-28,36.2,26.0,30.7,0.3,12.9,58,3,5,148,2,2026,32.5,23.2,28.5,36.9,25.1,32.3,37.1,29.1,32.8,40.0,29.3,34.9,36.9,28.5,32.7,39.3,27.3,33.4,35.20000000000001,2.3643180835073934,24.766666666666662,30.5,6.900000000000004,36.34285714285715,1.7539072028448142,26.74285714285714,31.785714285714285,9.700000000000001,37.08571428571429,1.625213426390309,27.5,32.5,12.5,0.49999999999999994,-0.8660254037844387,10.200000000000003,748.2
2026-05-29,36.8,27.5,31.9,0.0,15.3,49,4,5,149,2,2026,36.2,26.0,30.7,32.5,23.2,28.5,36.9,25.1,32.3,36.8,29.3,32.8,37.4,27.5,33.1,39.4,28.0,33.5,35.166666666666664,2.328805129961157,25.566666666666663,30.366666666666664,2.8000000000000043,36.34285714285714,1.7539072028448142,26.485714285714288,31.65714285714285,9.5,37.042857142857144,1.6241988726823549,27.5,32.41428571428572,12.299999999999999,0.49999999999999994,-0.8660254037844387,9.299999999999997,749.7
2026-05-30,37.0,28.2,32.7,0.0,16.3,41,5,5,150,2,2026,36.8,27.5,31.9,36.2,26.0,30.7,32.5,23.2,28.5,37.2,28.0,32.9,37.7,29.4,33.0,38.9,29.1,34.2,36.666666666666664,0.4163331998932509,27.233333333333324,31.766666666666666,0.30000000000000443,36.31428571428571,1.7391842641774173,26.514285714285716,31.62857142857143,8.700000000000001,36.99285714285714,1.6131499456818665,27.414285714285715,32.392857142857146,11.299999999999999,0.49999999999999994,-0.8660254037844387,8.8,668.3000000000001
2026-05-31,35.8,28.2,31.9,0.5,17.3,44,6,5,151,2,2026,37.0,28.2,32.7,36.8,27.5,31.9,36.2,26.0,30.7,37.7,26.5,32.5,36.6,27.6,32.1,37.9,27.3,33.1,36.53333333333333,0.6429100507328869,27.966666666666658,32.166666666666664,0.5000000000000044,36.042857142857144,1.6318263212908253,26.75714285714286,31.542857142857144,9.200000000000001,36.93571428571429,1.6420471008224313,27.45714285714286,32.378571428571426,11.399999999999999,0.49999999999999994,-0.8660254037844387,7.599999999999998,761.2
2026-06-01,35.8,27.4,32.1,0.0,10.6,38,0,6,152,2,2026,35.8,28.2,31.9,37.0,28.2,32.7,36.8,27.5,31.9,37.1,29.1,32.8,36.7,27.8,32.5,38.9,28.2,33.9,36.199999999999996,0.6928203230275829,27.933333333333326,32.233333333333334,0.5000000000000044,35.857142857142854,1.5640302030941913,26.514285714285712,31.442857142857143,7.3999999999999995,36.871428571428574,1.6693750887124998,27.428571428571427,32.35,10.799999999999999,1.2246467991473532e-16,-1.0,8.399999999999999,402.8
2026-06-02,35.5,27.7,31.9,0.6,9.9,43,1,6,153,2,2026,35.8,27.4,32.1,35.8,28.2,31.9,37.0,28.2,32.7,36.9,25.1,32.3,37.9,28.0,33.2,38.8,28.7,33.7,35.699999999999996,0.17320508075688507,27.766666666666655,31.96666666666667,1.1000000000000045,35.65714285714286,1.4965038621815068,26.885714285714283,31.38571428571429,3.9,36.699999999999996,1.6788274296252859,27.407142857142855,32.25714285714285,11.1,1.2246467991473532e-16,-1.0,7.800000000000001,425.7
2026-06-03,34.4,26.8,30.9,0.2,13.0,49,2,6,154,2,2026,35.5,27.7,31.9,35.8,27.4,32.1,35.8,28.2,31.9,32.5,23.2,28.5,38.5,28.2,33.7,38.8,26.1,32.6,35.233333333333334,0.7371114795831943,27.299999999999994,31.63333333333333,0.8000000000000045,35.92857142857143,0.8693182879214457,27.400000000000002,31.72857142857143,1.5999999999999999,36.40714285714286,1.6981729030908357,27.307142857142857,32.05714285714286,11.0,1.2246467991473532e-16,-1.0,7.599999999999998,637.0
2026-06-04,35.0,26.9,30.7,0.9,15.0,52,3,6,155,2,2026,34.4,26.8,30.9,35.5,27.7,31.9,35.8,27.4,32.1,36.2,26.0,30.7,40.0,29.3,34.9,38.2,26.1,32.1,34.96666666666667,0.5507570547286004,27.133333333333326,31.166666666666668,1.7000000000000044,35.75714285714286,0.9235026490798558,27.52857142857143,31.728571428571428,2.2,36.05,1.3804960089656289,27.135714285714283,31.757142857142856,11.899999999999999,1.2246467991473532e-16,-1.0,8.100000000000001,780.0
2026-06-05,33.5,25.3,29.6,0.1,16.7,60,4,6,156,2,2026,35.0,26.9,30.7,34.4,26.8,30.9,35.5,27.7,31.9,36.8,27.5,31.9,36.8,29.3,32.8,35.8,25.5,30.7,34.300000000000004,0.7549834435270575,26.333333333333325,30.400000000000002,1.2000000000000046,35.285714285714285,1.1231333720573395,27.214285714285715,31.400000000000002,2.3,35.81428571428571,1.5175167685590756,26.849999999999998,31.528571428571432,11.8,1.2246467991473532e-16,-1.0,8.2,1002.0
2026-06-06,35.2,23.7,30.0,7.8,16.7,58,5,6,157,2,2026,33.5,25.3,29.6,35.0,26.9,30.7,34.4,26.8,30.9,37.0,28.2,32.7,37.2,28.0,32.9,35.2,25.7,30.4,34.56666666666667,0.9291573243177484,25.299999999999994,30.099999999999998,8.800000000000004,35.028571428571425,0.8340948901141757,26.571428571428573,31.014285714285712,10.1,35.67142857142857,1.4704413630603088,26.542857142857144,31.321428571428573,18.799999999999997,1.2246467991473532e-16,-1.0,11.500000000000004,968.5999999999999
2026-06-07,35.0,24.8,29.5,0.8,18.6,64,6,6,158,2,2026,35.2,23.7,30.0,33.5,25.3,29.6,35.0,26.9,30.7,35.8,28.2,31.9,37.7,26.5,32.5,34.8,25.4,30.1,34.56666666666667,0.9291573243177484,24.599999999999994,29.7,8.700000000000005,34.91428571428571,0.7625146368620441,26.085714285714285,30.67142857142857,10.4,35.47857142857143,1.356567257925537,26.42142857142857,31.107142857142858,19.599999999999998,1.2246467991473532e-16,-1.0,10.2,1190.4
2026-06-08,31.6,24.9,28.2,0.3,14.6,67,0,6,159,2,2026,35.0,24.8,29.5,35.2,23.7,30.0,33.5,25.3,29.6,35.8,27.4,32.1,37.1,29.1,32.8,34.7,24.7,30.2,33.93333333333334,2.0231987873991253,24.466666666666658,29.233333333333334,8.900000000000004,34.31428571428571,1.3643418088693173,25.728571428571428,30.114285714285717,10.7,35.08571428571428,1.6214225202000652,26.12142857142857,30.778571428571432,18.099999999999998,1.2246467991473532e-16,-1.0,6.700000000000003,978.1999999999999
2026-06-09,32.2,25.6,27.9,1.3,16.1,71,1,6,160,2,2026,31.6,24.9,28.2,35.0,24.8,29.5,35.2,23.7,30.0,35.5,27.7,31.9,36.9,25.1,32.3,36.3,24.7,30.8,32.93333333333334,1.8147543451754706,25.099999999999994,28.53333333333333,2.400000000000005,33.84285714285714,1.4535670410604817,25.428571428571427,29.54285714285714,11.4,34.75,1.7014699527176467,26.157142857142855,30.464285714285715,15.3,1.2246467991473532e-16,-1.0,6.600000000000001,1143.1000000000001
2026-06-10,34.0,25.0,28.9,1.0,16.1,65,2,6,161,2,2026,32.2,25.6,27.9,31.6,24.9,28.2,35.0,24.8,29.5,34.4,26.8,30.9,32.5,23.2,28.5,36.7,25.1,30.9,32.6,1.2489995996796437,25.16666666666666,28.333333333333332,2.6000000000000045,33.785714285714285,1.4357675896288882,25.17142857142857,29.257142857142856,12.2,34.857142857142854,1.5926341439528697,26.285714285714285,30.49285714285714,13.8,1.2246467991473532e-16,-1.0,9.0,1046.5
2026-06-11,34.5,25.8,29.8,0.0,15.5,60,3,6,162,2,2026,34.0,25.0,28.9,32.2,25.6,27.9,31.6,24.9,28.2,35.0,26.9,30.7,36.2,26.0,30.7,36.6,26.2,31.2,33.56666666666667,1.209683154108249,25.466666666666658,28.866666666666664,2.3000000000000047,33.714285714285715,1.37650350699229,25.014285714285716,29.12857142857143,11.3,34.73571428571429,1.5465132707818214,26.271428571428572,30.428571428571427,13.5,1.2246467991473532e-16,-1.0,8.7,930.0
2026-06-12,34.1,25.9,30.1,0.0,13.2,56,4,6,163,2,2026,34.5,25.8,29.8,34.0,25.0,28.9,32.2,25.6,27.9,33.5,25.3,29.6,36.8,27.5,31.9,36.9,26.5,31.9,34.199999999999996,0.2645751311064067,25.566666666666663,29.599999999999998,1.0000000000000044,33.8,1.3796134724383895,25.099999999999998,29.2,11.2,34.542857142857144,1.4335079542667613,26.157142857142862,30.3,13.5,1.2246467991473532e-16,-1.0,8.200000000000003,739.1999999999999
2026-06-13,32.9,24.5,28.3,2.8,14.1,65,5,6,164,2,2026,34.1,25.9,30.1,34.5,25.8,29.8,34.0,25.0,28.9,35.2,23.7,30.0,37.0,28.2,32.7,36.9,28.5,32.7,33.833333333333336,0.8326663997864298,25.399999999999995,29.400000000000002,2.8000000000000043,33.471428571428575,1.2592514783451425,25.214285714285715,28.957142857142856,6.2,34.25,1.3060510061901478,25.892857142857142,29.985714285714288,16.3,1.2246467991473532e-16,-1.0,8.399999999999999,916.5
2026-06-14,33.0,25.7,28.8,0.7,16.0,62,6,6,165,2,2026,32.9,24.5,28.3,34.1,25.9,30.1,34.5,25.8,29.8,35.0,24.8,29.5,35.8,28.2,31.9,37.4,27.5,33.1,33.333333333333336,0.6658328118478981,25.36666666666666,29.066666666666666,3.5000000000000044,33.18571428571429,1.0668154658118472,25.342857142857145,28.857142857142858,6.1000000000000005,34.05,1.2641506726170033,25.714285714285715,29.764285714285716,16.5,1.2246467991473532e-16,-1.0,7.300000000000001,992.0
2026-06-15,34.0,26.4,30.2,0.0,15.7,52,0,6,166,2,2026,33.0,25.7,28.8,32.9,24.5,28.3,34.1,25.9,30.1,31.6,24.9,28.2,35.8,27.4,32.1,37.7,29.4,33.0,33.300000000000004,0.6082762530297741,25.533333333333328,29.099999999999998,3.5000000000000044,33.528571428571425,0.8320943169984398,25.557142857142857,29.142857142857142,5.800000000000001,33.92142857142857,1.159693972516556,25.642857142857142,29.62857142857143,16.5,1.2246467991473532e-16,-1.0,7.600000000000001,816.4
2026-06-16,35.2,26.9,31.2,0.0,14.8,45,1,6,167,2,2026,34.0,26.4,30.2,33.0,25.7,28.8,32.9,24.5,28.3,32.2,25.6,27.9,35.5,27.7,31.9,36.6,27.6,32.1,34.06666666666667,1.1015141094572058,26.333333333333325,30.066666666666666,0.7000000000000044,33.957142857142856,0.8059303999254579,25.74285714285714,29.614285714285717,4.5,33.9,1.1306907351095894,25.585714285714285,29.57857142857143,15.9,1.2246467991473532e-16,-1.0,8.300000000000004,666.0
2026-06-17,36.2,27.3,31.6,1.2,15.8,44,2,6,168,2,2026,35.2,26.9,31.2,34.0,26.4,30.2,33.0,25.7,28.8,34.0,25.0,28.9,34.4,26.8,30.9,36.7,27.8,32.5,35.13333333333334,1.1015141094572265,26.866666666666656,31.0,1.2000000000000044,34.27142857142857,1.1714866419986147,26.071428571428573,30.0,4.699999999999999,34.028571428571425,1.2838814775331693,25.62142857142857,29.62857142857143,16.9,1.2246467991473532e-16,-1.0,8.900000000000002,695.2
2026-06-18,35.2,27.3,31.7,0.2,13.7,45,3,6,169,2,2026,36.2,27.3,31.6,35.2,26.9,31.2,34.0,26.4,30.2,34.5,25.8,29.8,35.0,26.9,30.7,37.9,28.0,33.2,35.53333333333334,0.5773502691896527,27.16666666666666,31.5,1.4000000000000044,34.371428571428574,1.2229939843329305,26.285714285714285,30.27142857142857,4.8999999999999995,34.042857142857144,1.2965719806859952,25.65,29.7,16.2,1.2246467991473532e-16,-1.0,7.900000000000002,616.5
2026-06-19,34.9,26.1,31.4,0.2,14.6,48,4,6,170,2,2026,35.2,27.3,31.7,36.2,27.3,31.6,35.2,26.9,31.2,34.1,25.9,30.1,33.5,25.3,29.6,38.5,28.2,33.7,35.43333333333334,0.6806859285554249,26.89999999999999,31.566666666666663,1.6000000000000045,34.48571428571429,1.230756639129835,26.314285714285717,30.457142857142856,5.1,34.142857142857146,1.305440854338837,25.70714285714286,29.828571428571426,16.3,1.2246467991473532e-16,-1.0,8.799999999999997,700.8
2026-06-20,36.9,26.9,31.9,1.1,15.3,46,5,6,171,2,2026,34.9,26.1,31.4,35.2,27.3,31.7,36.2,27.3,31.6,32.9,24.5,28.3,35.2,23.7,30.0,40.0,29.3,34.9,35.66666666666667,1.078579312490915,26.766666666666662,31.666666666666668,1.5000000000000047,35.05714285714286,1.2985339719047793,26.657142857142855,30.971428571428568,3.4,34.26428571428572,1.4788806280727944,25.935714285714287,29.964285714285715,9.6,1.2246467991473532e-16,-1.0,10.0,703.8000000000001
2026-06-21,32.6,25.9,29.1,2.3,12.1,60,6,6,172,2,2026,36.9,26.9,31.9,34.9,26.1,31.4,35.2,27.3,31.7,33.0,25.7,28.8,35.0,24.8,29.5,36.8,29.3,32.8,34.800000000000004,2.151743479134996,26.299999999999994,30.8,3.6000000000000045,35.0,1.4083086782852867,26.685714285714283,31.014285714285712,5.0,34.09285714285714,1.5254075297667917,26.014285714285712,29.935714285714283,11.1,1.2246467991473532e-16,-1.0,6.700000000000003,726.0
2026-06-22,33.2,26.6,30.0,0.0,14.2,57,0,6,173,2,2026,32.6,25.9,29.1,36.9,26.9,31.9,34.9,26.1,31.4,34.0,26.4,30.2,31.6,24.9,28.2,37.2,28.0,32.9,34.23333333333334,2.3288051299611285,26.466666666666658,30.333333333333332,3.4000000000000044,34.885714285714286,1.530172726011307,26.714285714285715,30.985714285714284,5.0,34.207142857142856,1.3769890707990315,26.135714285714283,30.064285714285713,10.8,1.2246467991473532e-16,-1.0,6.600000000000001,809.4
2026-06-23,31.9,23.6,28.4,2.7,18.8,61,1,6,174,2,2026,33.2,26.6,30.0,32.6,25.9,29.1,36.9,26.9,31.9,35.2,26.9,31.2,32.2,25.6,27.9,37.7,26.5,32.5,32.56666666666667,0.6506407098646488,25.36666666666666,29.166666666666668,5.000000000000004,34.41428571428571,1.8845234335048258,26.242857142857144,30.585714285714285,7.7,34.18571428571429,1.412503038993516,25.992857142857144,30.099999999999998,12.2,1.2246467991473532e-16,-1.0,8.299999999999997,1146.8
2026-06-24,31.0,24.6,27.5,0.4,18.6,62,2,6,175,2,2026,31.9,23.6,28.4,33.2,26.6,30.0,32.6,25.9,29.1,36.2,27.3,31.6,34.0,25.0,28.9,37.1,29.1,32.8,32.03333333333334,1.106044001535716,24.933333333333326,28.633333333333336,3.1000000000000045,33.67142857142857,2.078231849204455,25.857142857142858,30.0,6.9,33.971428571428575,1.6503745828560785,25.964285714285715,30.0,11.6,1.2246467991473532e-16,-1.0,6.399999999999999,1153.2
2026-06-25,30.5,23.8,27.0,1.8,17.2,68,3,6,176,2,2026,31.0,24.6,27.5,31.9,23.6,28.4,33.2,26.6,30.0,35.2,27.3,31.7,34.5,25.8,29.8,36.9,25.1,32.3,31.133333333333336,0.7094598884595731,23.999999999999996,27.633333333333336,4.900000000000005,33.0,2.2538855339169417,25.357142857142858,29.32857142857143,8.5,33.68571428571429,1.8818391752006407,25.821428571428573,29.800000000000004,13.4,1.2246467991473532e-16,-1.0,6.699999999999999,1169.6
2026-06-26,30.8,24.4,27.3,1.2,14.7,71,4,6,177,2,2026,30.5,23.8,27.0,31.0,24.6,27.5,31.9,23.6,28.4,34.9,26.1,31.4,34.1,25.9,30.1,32.5,23.2,28.5,30.76666666666667,0.25166114784178384,24.266666666666662,27.266666666666666,3.400000000000005,32.41428571428572,2.2101497471352216,25.114285714285717,28.742857142857144,9.5,33.45,2.0270288981283238,25.714285714285715,29.599999999999998,14.6,1.2246467991473532e-16,-1.0,6.400000000000002,1043.7
2026-06-27,28.7,24.1,26.6,4.2,13.8,78,5,6,178,2,2026,30.8,24.4,27.3,30.5,23.8,27.0,31.0,24.6,27.5,36.9,26.9,31.9,32.9,24.5,28.3,36.2,26.0,30.7,30.0,1.1357816691599059,24.099999999999994,26.96666666666667,7.200000000000005,31.24285714285714,1.4931590034298516,24.714285714285715,27.985714285714288,12.6,33.15,2.3925364718707995,25.685714285714287,29.478571428571428,16.0,1.2246467991473532e-16,-1.0,4.599999999999998,1076.4
2026-06-28,32.6,23.2,26.9,14.6,17.3,81,6,6,179,2,2026,28.7,24.1,26.6,30.8,24.4,27.3,30.5,23.8,27.0,32.6,25.9,29.1,33.0,25.7,28.8,36.8,27.5,31.9,30.700000000000003,1.9519221295942395,23.89999999999999,26.933333333333334,20.000000000000007,31.242857142857144,1.4931590034298516,24.32857142857143,27.671428571428574,24.9,33.121428571428574,2.3968500390911642,25.507142857142856,29.342857142857138,29.9,1.2246467991473532e-16,-1.0,9.400000000000002,1401.3
2026-06-29,29.6,24.3,26.7,0.9,14.8,76,0,6,180,2,2026,32.6,23.2,26.9,28.7,24.1,26.6,30.8,24.4,27.3,33.2,26.6,30.0,34.0,26.4,30.2,37.0,28.2,32.7,30.3,2.0420577856661364,23.86666666666666,26.733333333333334,19.700000000000006,30.728571428571428,1.3161994348808603,24.0,27.2,25.8,32.80714285714286,2.555977695134137,25.357142857142858,29.092857142857138,30.8,1.2246467991473532e-16,-1.0,5.300000000000001,1124.8
2026-06-30,29.8,23.8,26.7,1.8,19.8,73,1,6,181,2,2026,29.6,24.3,26.7,32.6,23.2,26.9,28.7,24.1,26.6,31.9,23.6,28.4,35.2,26.9,31.2,35.8,28.2,31.9,30.66666666666667,1.6772994167211286,23.766666666666662,26.766666666666666,17.300000000000008,30.428571428571427,1.2419263071457392,24.02857142857143,26.957142857142856,24.900000000000002,32.42142857142857,2.574483838164128,25.13571428571429,28.771428571428572,32.6,1.2246467991473532e-16,-1.0,6.0,1445.4
2026-07-01,29.1,23.7,25.9,4.0,19.0,76,2,7,182,3,2026,29.8,23.8,26.7,29.6,24.3,26.7,32.6,23.2,26.9,31.0,24.6,27.5,36.2,27.3,31.6,35.8,27.4,32.1,29.500000000000004,0.3605551275458815,23.933333333333326,26.433333333333334,6.7000000000000055,30.157142857142855,1.3023787760057122,23.900000000000002,26.728571428571428,28.5,31.914285714285715,2.470084751849619,24.87857142857143,28.36428571428571,35.4,-0.4999999999999997,-0.8660254037844388,5.400000000000002,1444.0
2026-07-02,28.6,23.5,25.6,6.9,19.9,80,3,7,183,3,2026,29.1,23.7,25.9,29.8,23.8,26.7,29.6,24.3,26.7,30.5,23.8,27.0,35.2,27.3,31.7,35.5,27.7,31.9,29.16666666666667,0.6027713773338428,23.666666666666657,26.066666666666666,12.700000000000006,29.88571428571429,1.4123604018668623,23.857142857142858,26.52857142857143,33.6,31.442857142857143,2.4241459354760115,24.607142857142858,27.928571428571427,42.1,-0.4999999999999997,-0.8660254037844388,5.100000000000001,1592.0
2026-07-03,28.3,23.5,25.3,7.1,25.4,80,4,7,184,3,2026,28.6,23.5,25.6,29.1,23.7,25.9,29.8,23.8,26.7,30.8,24.4,27.3,34.9,26.1,31.4,34.4,26.8,30.9,28.66666666666667,0.40414518843221015,23.566666666666663,25.599999999999998,18.000000000000004,29.528571428571432,1.4579829511053455,23.72857142857143,26.24285714285714,39.5,30.97142857142857,2.3404235551676984,24.42142857142857,27.49285714285714,49.0,-0.4999999999999997,-0.8660254037844388,4.800000000000001,2032.0
2026-07-04,25.2,22.8,24.0,10.7,22.8,88,5,7,185,3,2026,28.3,23.5,25.3,28.6,23.5,25.6,29.1,23.7,25.9,28.7,24.1,26.6,36.9,26.9,31.9,35.0,26.9,30.7,27.36666666666667,1.8823743871325982,23.266666666666662,24.96666666666667,24.700000000000003,29.02857142857143,2.20054105900809,23.54285714285714,25.87142857142857,46.0,30.13571428571429,2.141030356863829,24.12857142857143,26.928571428571427,58.6,-0.4999999999999997,-0.8660254037844388,2.3999999999999986,2006.4
2026-07-05,27.9,23.2,25.4,4.5,24.4,77,6,7,186,3,2026,25.2,22.8,24.0,28.3,23.5,25.3,28.6,23.5,25.6,32.6,23.2,26.9,32.6,25.9,29.1,33.5,25.3,29.6,27.133333333333336,1.6862186493254092,23.166666666666657,24.899999999999995,22.300000000000004,28.357142857142858,1.5501152030918655,23.542857142857144,25.657142857142855,35.900000000000006,29.8,2.0928449536459914,23.935714285714287,26.664285714285715,60.800000000000004,-0.4999999999999997,-0.8660254037844388,4.699999999999999,1878.8
2026-07-06,31.1,23.7,26.6,1.8,23.2,72,0,7,187,3,2026,27.9,23.2,25.4,25.2,22.8,24.0,28.3,23.5,25.3,29.6,24.3,26.7,33.2,26.6,30.0,35.2,23.7,30.0,28.066666666666666,2.953528962670397,23.233333333333324,25.333333333333332,17.000000000000004,28.571428571428573,1.8291293791620398,23.457142857142856,25.642857142857142,36.800000000000004,29.650000000000002,1.8964541812392848,23.728571428571428,26.42142857142857,62.6,-0.4999999999999997,-0.8660254037844388,7.400000000000002,1670.3999999999999
2026-07-07,31.6,24.6,27.1,2.2,24.5,71,1,7,188,3,2026,31.1,23.7,26.6,27.9,23.2,25.4,25.2,22.8,24.0,29.8,23.8,26.7,31.9,23.6,28.4,35.0,24.8,29.5,30.200000000000003,2.007485989988392,23.83333333333333,26.366666666666664,8.500000000000004,28.828571428571426,2.1320680771761835,23.571428571428573,25.7,37.2,29.62857142857143,1.8705937236937331,23.8,26.32857142857143,62.1,-0.4999999999999997,-0.8660254037844388,7.0,1739.5
2026-07-08,32.4,24.4,27.6,0.8,25.7,68,2,7,189,3,2026,31.6,24.6,27.1,31.1,23.7,26.6,27.9,23.2,25.4,29.1,23.7,25.9,31.0,24.6,27.5,31.6,24.9,28.2,31.700000000000003,0.6557438524300251,24.233333333333324,27.100000000000005,4.800000000000003,29.3,2.5298221281346107,23.67142857142857,25.942857142857147,34.0,29.728571428571428,1.9835587953239482,23.785714285714285,26.33571428571429,62.5,-0.4999999999999997,-0.8660254037844388,8.0,1747.6
2026-07-09,31.6,24.1,27.2,0.6,19.3,71,3,7,190,3,2026,32.4,24.4,27.6,31.6,24.6,27.1,31.1,23.7,26.6,28.6,23.5,25.6,30.5,23.8,27.0,32.2,25.6,27.9,31.866666666666664,0.4618802153514646,24.36666666666666,27.3,3.6000000000000036,29.728571428571428,2.6430501859998574,23.757142857142856,26.171428571428574,27.7,29.807142857142857,2.0375189610123896,23.807142857142857,26.35,61.3,-0.4999999999999997,-0.8660254037844388,7.5,1370.3
2026-07-10,32.7,24.5,28.8,0.0,18.1,60,4,7,191,3,2026,31.6,24.1,27.2,32.4,24.4,27.6,31.6,24.6,27.1,28.3,23.5,25.3,30.8,24.4,27.3,34.0,25.0,28.9,32.23333333333334,0.5686240703075649,24.33333333333333,27.866666666666664,1.4000000000000035,30.357142857142858,2.7669821965799066,23.9,26.67142857142857,20.599999999999998,29.942857142857143,2.1678469594419987,23.814285714285713,26.45714285714286,60.1,-0.4999999999999997,-0.8660254037844388,8.200000000000003,1086.0
2026-07-11,33.3,25.2,29.4,0.8,19.2,57,5,7,192,3,2026,32.7,24.5,28.8,31.6,24.1,27.2,32.4,24.4,27.6,25.2,22.8,24.0,28.7,24.1,26.6,34.5,25.8,29.8,32.53333333333333,0.8621678104250702,24.599999999999994,28.46666666666667,1.4000000000000035,31.514285714285712,1.7620334573332483,24.242857142857144,27.442857142857143,10.7,30.271428571428572,2.308988646882011,23.892857142857142,26.657142857142855,56.7,-0.4999999999999997,-0.8660254037844388,8.099999999999998,1094.3999999999999
2026-07-12,33.2,24.8,29.4,0.0,20.1,54,6,7,193,3,2026,33.3,25.2,29.4,32.7,24.5,28.8,31.6,24.1,27.2,27.9,23.2,25.4,32.6,23.2,26.9,34.1,25.9,30.1,33.06666666666667,0.3214550253662239,24.83333333333333,29.2,0.8000000000000036,32.27142857142857,0.8557925872434953,24.471428571428568,28.014285714285712,6.2,30.314285714285717,2.360527041168848,24.00714285714286,26.83571428571429,42.10000000000001,-0.4999999999999997,-0.8660254037844388,8.400000000000002,1085.4
2026-07-13,33.9,24.4,29.7,0.9,18.3,55,0,7,194,3,2026,33.2,24.8,29.4,33.3,25.2,29.4,32.7,24.5,28.8,31.1,23.7,26.6,29.6,24.3,26.7,32.9,24.5,28.3,33.46666666666666,0.37859388971988545,24.799999999999994,29.5,1.7000000000000037,32.67142857142857,0.8712333895390157,24.571428571428573,28.457142857142856,5.300000000000001,30.62142857142857,2.53382610399296,24.014285714285712,27.05,42.1,-0.4999999999999997,-0.8660254037844388,9.5,1006.5
2026-07-14,32.8,24.9,29.5,0.0,18.2,53,1,7,195,3,2026,33.9,24.4,29.7,33.2,24.8,29.4,33.3,25.2,29.4,31.6,24.6,27.1,29.8,23.8,26.7,33.0,25.7,28.8,33.3,0.5567764362829021,24.699999999999992,29.53333333333333,0.9000000000000036,32.84285714285714,0.7322502824789664,24.614285714285717,28.8,3.1,30.835714285714285,2.585345429340611,24.092857142857145,27.25,40.300000000000004,-0.4999999999999997,-0.8660254037844388,7.899999999999999,964.5999999999999
2026-07-15,32.9,25.7,29.0,0.7,15.9,52,2,7,196,3,2026,32.8,24.9,29.5,33.9,24.4,29.7,33.2,24.8,29.4,32.4,24.4,27.6,29.1,23.7,25.9,34.0,26.4,30.2,33.199999999999996,0.608276253029725,24.99999999999999,29.400000000000002,1.6000000000000036,32.91428571428572,0.7057586259446628,24.8,29.0,3.0,31.107142857142858,2.5885737937550974,24.235714285714288,27.47142857142857,37.0,-0.4999999999999997,-0.8660254037844388,7.199999999999999,826.8000000000001
2026-07-16,32.6,25.4,28.4,1.0,19.0,60,3,7,197,3,2026,32.9,25.7,29.0,32.8,24.9,29.5,33.9,24.4,29.7,31.6,24.1,27.2,28.6,23.5,25.6,35.2,26.9,31.2,32.766666666666666,0.15275252316471014,25.333333333333325,28.966666666666665,1.7000000000000035,33.05714285714286,0.4503966505839309,24.985714285714288,29.17142857142857,3.4000000000000004,31.392857142857142,2.510122364689744,24.37142857142857,27.67142857142857,31.1,-0.4999999999999997,-0.8660254037844388,7.200000000000003,1140.0
2026-07-17,29.3,23.3,25.5,13.6,13.1,80,4,7,198,3,2026,32.6,25.4,28.4,32.9,25.7,29.0,32.8,24.9,29.5,32.7,24.5,28.8,28.3,23.5,25.3,36.2,27.3,31.6,31.599999999999998,1.9974984355437633,24.799999999999994,27.63333333333333,15.300000000000002,32.57142857142857,1.5030128472663247,24.814285714285717,28.699999999999996,17.0,31.464285714285715,2.4282336545975185,24.357142857142858,27.685714285714287,37.6,-0.4999999999999997,-0.8660254037844388,6.0,1048.0
2026-07-18,28.6,23.2,25.7,8.2,16.8,77,5,7,199,3,2026,29.3,23.3,25.5,32.6,25.4,28.4,32.9,25.7,29.0,33.3,25.2,29.4,25.2,22.8,24.0,35.2,27.3,31.7,30.166666666666668,2.1361959960015446,23.966666666666658,26.53333333333333,22.800000000000004,31.900000000000002,2.0672042311617966,24.52857142857143,28.17142857142857,24.4,31.707142857142856,1.856159925849868,24.385714285714283,27.807142857142857,35.1,-0.4999999999999997,-0.8660254037844388,5.400000000000002,1293.6000000000001
2026-07-19,30.6,23.7,26.1,2.4,15.7,76,6,7,200,3,2026,28.6,23.2,25.7,29.3,23.3,25.5,32.6,25.4,28.4,33.2,24.8,29.4,27.9,23.2,25.4,34.9,26.1,31.4,29.5,1.0148891565090516,23.39999999999999,25.76666666666667,24.200000000000003,31.52857142857143,2.0279006268505357,24.37142857142857,27.7,26.799999999999997,31.900000000000002,1.5442199922992461,24.42142857142857,27.857142857142858,33.0,-0.4999999999999997,-0.8660254037844388,6.900000000000002,1193.2
2026-07-20,30.5,23.3,26.0,2.1,20.2,77,0,7,201,3,2026,30.6,23.7,26.1,28.6,23.2,25.7,29.3,23.3,25.5,33.9,24.4,29.7,31.1,23.7,26.6,36.9,26.9,31.9,29.900000000000002,1.1269427669583232,23.399999999999995,25.933333333333337,12.700000000000003,31.042857142857144,1.7539072028446214,24.214285714285715,27.171428571428574,28.0,31.857142857142858,1.5761268426675332,24.392857142857142,27.814285714285713,33.300000000000004,-0.4999999999999997,-0.8660254037844388,7.199999999999999,1555.3999999999999
